timestamp,temperatura_C,sp_temperatura_C,fase,estab_contagem,estab_alvo,vazao_L_min,sp_vazao_L_min,dc_cooler_%,dc_resistencia_%,resistencia
2026-03-15 17:48:20,31.13,40.0,AQUECENDO,0,5,0.0,0.0,0,75,ON
2026-03-15 17:48:22,31.24,40.0,AQUECENDO,0,5,0.0,0.0,0,14,ON
2026-03-15 17:48:24,31.24,40.0,AQUECENDO,0,5,0.0,0.0,0,45,ON
2026-03-15 17:48:26,31.36,40.0,AQUECENDO,0,5,0.0,0.0,0,29,ON
2026-03-15 17:48:28,31.29,40.0,AQUECENDO,0,5,0.0,0.0,0,38,ON
2026-03-15 17:48:30,31.24,40.0,AQUECENDO,0,5,0.0,0.0,0,34,ON
2026-03-15 17:48:32,31.45,40.0,AQUECENDO,0,5,0.0,0.0,0,35,ON
2026-03-15 17:48:34,31.48,40.0,AQUECENDO,0,5,0.0,0.0,0,35,ON
2026-03-15 17:48:36,31.52,40.0,AQUECENDO,0,5,0.0,0.0,0,35,ON
2026-03-15 17:48:38,31.57,40.0,AQUECENDO,0,5,0.0,0.0,0,35,ON
2026-03-15 17:48:40,31.5,40.0,AQUECENDO,0,5,0.0,0.0,0,36,ON
2026-03-15 17:48:42,31.71,40.0,AQUECENDO,0,5,0.0,0.0,0,34,ON
2026-03-15 17:48:44,31.81,40.0,AQUECENDO,0,5,0.0,0.0,0,35,ON
2026-03-15 17:48:46,31.62,40.0,AQUECENDO,0,5,0.0,0.0,0,37,ON
2026-03-15 17:48:48,31.88,40.0,AQUECENDO,0,5,0.0,0.0,0,34,ON
2026-03-15 17:48:50,31.88,40.0,AQUECENDO,0,5,0.0,0.0,0,36,ON
2026-03-15 17:48:52,31.81,40.0,AQUECENDO,0,5,0.0,0.0,0,36,ON
2026-03-15 17:48:54,31.9,40.0,AQUECENDO,0,5,0.0,0.0,0,35,ON
2026-03-15 17:48:56,32.11,40.0,AQUECENDO,0,5,0.0,0.0,0,34,ON
2026-03-15 17:48:58,32.11,40.0,AQUECENDO,0,5,0.0,0.0,0,36,ON
2026-03-15 17:49:00,32.14,40.0,AQUECENDO,0,5,0.0,0.0,0,35,ON
2026-03-15 17:49:02,32.23,40.0,AQUECENDO,0,5,0.0,0.0,0,35,ON
2026-03-15 17:49:04,32.37,40.0,AQUECENDO,0,5,0.0,0.0,0,34,ON
2026-03-15 17:49:06,32.42,40.0,AQUECENDO,0,5,0.0,0.0,0,35,ON
2026-03-15 17:49:08,32.54,40.0,AQUECENDO,0,5,0.0,0.0,0,34,ON
2026-03-15 17:49:10,32.59,40.0,AQUECENDO,0,5,0.0,0.0,0,35,ON
2026-03-15 17:49:12,32.63,40.0,AQUECENDO,0,5,0.0,0.0,0,34,ON
2026-03-15 17:49:14,32.66,40.0,AQUECENDO,0,5,0.0,0.0,0,35,ON
2026-03-15 17:49:16,32.63,40.0,AQUECENDO,0,5,0.0,0.0,0,35,ON
2026-03-15 17:49:18,32.87,40.0,AQUECENDO,0,5,0.0,0.0,0,33,ON
2026-03-15 17:49:20,32.8,40.0,AQUECENDO,0,5,0.0,0.0,0,36,ON
2026-03-15 17:49:22,32.97,40.0,AQUECENDO,0,5,0.0,0.0,0,33,ON
2026-03-15 17:49:24,33.04,40.0,AQUECENDO,0,5,0.0,0.0,0,35,ON
2026-03-15 17:49:26,33.04,40.0,AQUECENDO,0,5,0.0,0.0,0,34,ON
2026-03-15 17:49:28,33.13,40.0,AQUECENDO,0,5,0.0,0.0,0,34,ON
2026-03-15 17:49:30,33.23,40.0,AQUECENDO,0,5,0.0,0.0,0,34,ON
2026-03-15 17:49:32,33.33,40.0,AQUECENDO,0,5,0.0,0.0,0,34,ON
2026-03-15 17:49:34,33.4,40.0,AQUECENDO,0,5,0.0,0.0,0,34,ON
2026-03-15 17:49:36,33.42,40.0,AQUECENDO,0,5,0.0,0.0,0,34,ON
2026-03-15 17:49:38,33.52,40.0,AQUECENDO,0,5,0.0,0.0,0,33,ON
2026-03-15 17:49:40,33.66,40.0,AQUECENDO,0,5,0.0,0.0,0,33,ON
2026-03-15 17:49:42,33.71,40.0,AQUECENDO,0,5,0.0,0.0,0,33,ON
2026-03-15 17:49:44,33.71,40.0,AQUECENDO,0,5,0.0,0.0,0,33,ON
2026-03-15 17:49:46,33.81,40.0,AQUECENDO,0,5,0.0,0.0,0,33,ON
2026-03-15 17:49:48,33.81,40.0,AQUECENDO,0,5,0.0,0.0,0,34,ON
2026-03-15 17:49:50,34.0,40.0,AQUECENDO,0,5,0.0,0.0,0,32,ON
2026-03-15 17:49:52,34.0,40.0,AQUECENDO,0,5,0.0,0.0,0,33,ON
2026-03-15 17:49:54,34.17,40.0,AQUECENDO,0,5,0.0,0.0,0,31,ON
2026-03-15 17:49:56,34.15,40.0,AQUECENDO,0,5,0.0,0.0,0,33,ON
2026-03-15 17:49:58,34.27,40.0,AQUECENDO,0,5,0.0,0.0,0,32,ON
2026-03-15 17:50:00,34.22,40.0,AQUECENDO,0,5,0.0,0.0,0,33,ON
2026-03-15 17:50:02,34.34,40.0,AQUECENDO,0,5,0.0,0.0,0,32,ON
2026-03-15 17:50:04,34.39,40.0,AQUECENDO,0,5,0.0,0.0,0,33,ON
2026-03-15 17:50:06,34.39,40.0,AQUECENDO,0,5,0.0,0.0,0,32,ON
2026-03-15 17:50:08,34.41,40.0,AQUECENDO,0,5,0.0,0.0,0,33,ON
2026-03-15 17:50:10,34.58,40.0,AQUECENDO,0,5,0.0,0.0,0,31,ON
2026-03-15 17:50:12,34.83,40.0,AQUECENDO,0,5,0.0,0.0,0,30,ON
2026-03-15 17:50:14,34.78,40.0,AQUECENDO,0,5,0.0,0.0,0,32,ON
2026-03-15 17:50:16,34.68,40.0,AQUECENDO,0,5,0.0,0.0,0,32,ON
2026-03-15 17:50:18,34.88,40.0,AQUECENDO,0,5,0.0,0.0,0,30,ON
2026-03-15 17:50:20,34.9,40.0,AQUECENDO,0,5,0.0,0.0,0,32,ON
2026-03-15 17:50:22,35.0,40.0,AQUECENDO,0,5,0.0,0.0,0,31,ON
2026-03-15 17:50:24,35.0,40.0,AQUECENDO,0,5,0.0,0.0,0,32,ON
2026-03-15 17:50:26,35.07,40.0,AQUECENDO,0,5,0.0,0.0,0,31,ON
2026-03-15 17:50:28,35.2,40.0,AQUECENDO,0,5,0.0,0.0,0,31,ON
2026-03-15 17:50:30,35.17,40.0,AQUECENDO,0,5,0.0,0.0,0,31,ON
2026-03-15 17:50:32,35.25,40.0,AQUECENDO,0,5,0.0,0.0,0,30,ON
2026-03-15 17:50:34,35.25,40.0,AQUECENDO,0,5,0.0,0.0,0,31,ON
2026-03-15 17:50:36,35.35,40.0,AQUECENDO,0,5,0.0,0.0,0,30,ON
2026-03-15 17:50:38,35.37,40.0,AQUECENDO,0,5,0.0,0.0,0,31,ON
2026-03-15 17:50:40,35.42,40.0,AQUECENDO,0,5,0.0,0.0,0,30,ON
2026-03-15 17:50:42,35.44,40.0,AQUECENDO,0,5,0.0,0.0,0,31,ON
2026-03-15 17:50:44,35.49,40.0,AQUECENDO,0,5,0.0,0.0,0,30,ON
2026-03-15 17:50:46,35.47,40.0,AQUECENDO,0,5,0.0,0.0,0,31,ON
2026-03-15 17:50:48,35.62,40.0,AQUECENDO,0,5,0.0,0.0,0,30,ON
2026-03-15 17:50:50,35.57,40.0,AQUECENDO,0,5,0.0,0.0,0,31,ON
2026-03-15 17:50:52,35.72,40.0,AQUECENDO,0,5,0.0,0.0,0,29,ON
2026-03-15 17:50:54,35.74,40.0,AQUECENDO,0,5,0.0,0.0,0,31,ON
2026-03-15 17:50:56,35.82,40.0,AQUECENDO,0,5,0.0,0.0,0,30,ON
2026-03-15 17:50:58,35.74,40.0,AQUECENDO,0,5,0.0,0.0,0,31,ON
2026-03-15 17:51:00,35.77,40.0,AQUECENDO,0,5,0.0,0.0,0,30,ON
2026-03-15 17:51:02,35.92,40.0,AQUECENDO,0,5,0.0,0.0,0,30,ON
2026-03-15 17:51:04,35.87,40.0,AQUECENDO,0,5,0.0,0.0,0,31,ON
2026-03-15 17:51:06,36.07,40.0,AQUECENDO,0,5,0.0,0.0,0,29,ON
2026-03-15 17:51:08,35.97,40.0,AQUECENDO,0,5,0.0,0.0,0,31,ON
2026-03-15 17:51:10,36.09,40.0,AQUECENDO,0,5,0.0,0.0,0,29,ON
2026-03-15 17:51:12,36.07,40.0,AQUECENDO,0,5,0.0,0.0,0,31,ON
2026-03-15 17:51:14,36.12,40.0,AQUECENDO,0,5,0.0,0.0,0,29,ON
2026-03-15 17:51:16,36.27,40.0,AQUECENDO,0,5,0.0,0.0,0,29,ON
2026-03-15 17:51:18,36.22,40.0,AQUECENDO,0,5,0.0,0.0,0,30,ON
2026-03-15 17:51:20,36.37,40.0,AQUECENDO,0,5,0.0,0.0,0,28,ON
2026-03-15 17:51:22,36.22,40.0,AQUECENDO,0,5,0.0,0.0,0,31,ON
2026-03-15 17:51:24,36.27,40.0,AQUECENDO,0,5,0.0,0.0,0,29,ON
2026-03-15 17:51:26,36.32,40.0,AQUECENDO,0,5,0.0,0.0,0,30,ON
2026-03-15 17:51:28,36.49,40.0,AQUECENDO,0,5,0.0,0.0,0,28,ON
2026-03-15 17:51:30,36.49,40.0,AQUECENDO,0,5,0.0,0.0,0,30,ON
2026-03-15 17:51:32,36.97,40.0,AQUECENDO,0,5,0.0,0.0,0,25,ON
2026-03-15 17:51:34,36.49,40.0,AQUECENDO,0,5,0.0,0.0,0,33,ON
2026-03-15 17:51:36,36.47,40.0,AQUECENDO,0,5,0.0,0.0,0,28,ON
2026-03-15 17:51:38,36.97,40.0,AQUECENDO,0,5,0.0,0.0,0,26,ON
2026-03-15 17:51:40,36.49,40.0,AQUECENDO,0,5,0.0,0.0,0,33,ON
2026-03-15 17:51:42,36.97,40.0,AQUECENDO,0,5,0.0,0.0,0,24,ON
2026-03-15 17:51:44,36.97,40.0,AQUECENDO,0,5,0.0,0.0,0,30,ON
2026-03-15 17:51:46,36.97,40.0,AQUECENDO,0,5,0.0,0.0,0,27,ON
2026-03-15 17:51:48,36.97,40.0,AQUECENDO,0,5,0.0,0.0,0,29,ON
2026-03-15 17:51:50,36.97,40.0,AQUECENDO,0,5,0.0,0.0,0,28,ON
2026-03-15 17:51:52,36.97,40.0,AQUECENDO,0,5,0.0,0.0,0,28,ON
2026-03-15 17:51:54,37.07,40.0,AQUECENDO,0,5,0.0,0.0,0,27,ON
2026-03-15 17:51:56,36.97,40.0,AQUECENDO,0,5,0.0,0.0,0,29,ON
2026-03-15 17:51:58,36.97,40.0,AQUECENDO,0,5,0.0,0.0,0,28,ON
2026-03-15 17:52:00,37.07,40.0,AQUECENDO,0,5,0.0,0.0,0,28,ON
2026-03-15 17:52:02,37.0,40.0,AQUECENDO,0,5,0.0,0.0,0,29,ON
2026-03-15 17:52:04,37.05,40.0,AQUECENDO,0,5,0.0,0.0,0,28,ON
2026-03-15 17:52:06,37.25,40.0,AQUECENDO,0,5,0.0,0.0,0,27,ON
2026-03-15 17:52:08,37.07,40.0,AQUECENDO,0,5,0.0,0.0,0,30,ON
2026-03-15 17:52:10,37.1,40.0,AQUECENDO,0,5,0.0,0.0,0,28,ON
2026-03-15 17:52:12,37.18,40.0,AQUECENDO,0,5,0.0,0.0,0,28,ON
2026-03-15 17:52:14,37.18,40.0,AQUECENDO,0,5,0.0,0.0,0,28,ON
2026-03-15 17:52:16,37.28,40.0,AQUECENDO,0,5,0.0,0.0,0,28,ON
2026-03-15 17:52:18,37.28,40.0,AQUECENDO,0,5,0.0,0.0,0,28,ON
2026-03-15 17:52:20,37.25,40.0,AQUECENDO,0,5,0.0,0.0,0,28,ON
2026-03-15 17:52:22,37.3,40.0,AQUECENDO,0,5,0.0,0.0,0,28,ON
2026-03-15 17:52:24,37.35,40.0,AQUECENDO,0,5,0.0,0.0,0,28,ON
2026-03-15 17:52:26,37.3,40.0,AQUECENDO,0,5,0.0,0.0,0,29,ON
2026-03-15 17:52:28,37.3,40.0,AQUECENDO,0,5,0.0,0.0,0,28,ON
2026-03-15 17:52:30,37.35,40.0,AQUECENDO,0,5,0.0,0.0,0,28,ON
2026-03-15 17:52:32,37.38,40.0,AQUECENDO,0,5,0.0,0.0,0,28,ON
2026-03-15 17:52:34,37.3,40.0,AQUECENDO,0,5,0.0,0.0,0,29,ON
2026-03-15 17:52:36,37.35,40.0,AQUECENDO,0,5,0.0,0.0,0,28,ON
2026-03-15 17:52:38,37.43,40.0,AQUECENDO,0,5,0.0,0.0,0,28,ON
2026-03-15 17:52:40,37.43,40.0,AQUECENDO,0,5,0.0,0.0,0,28,ON
2026-03-15 17:52:42,37.41,40.0,AQUECENDO,0,5,0.0,0.0,0,29,ON
2026-03-15 17:52:44,37.33,40.0,AQUECENDO,0,5,0.0,0.0,0,29,ON
2026-03-15 17:52:46,37.51,40.0,AQUECENDO,0,5,0.0,0.0,0,27,ON
2026-03-15 17:52:48,37.35,40.0,AQUECENDO,0,5,0.0,0.0,0,30,ON
2026-03-15 17:52:50,37.51,40.0,AQUECENDO,0,5,0.0,0.0,0,27,ON
2026-03-15 17:52:52,37.35,40.0,AQUECENDO,0,5,0.0,0.0,0,30,ON
2026-03-15 17:52:54,37.58,40.0,AQUECENDO,0,5,0.0,0.0,0,26,ON
2026-03-15 17:52:56,37.48,40.0,AQUECENDO,0,5,0.0,0.0,0,30,ON
2026-03-15 17:52:58,37.64,40.0,AQUECENDO,0,5,0.0,0.0,0,27,ON
2026-03-15 17:53:00,37.51,40.0,AQUECENDO,0,5,0.0,0.0,0,30,ON
2026-03-15 17:53:02,37.51,40.0,AQUECENDO,0,5,0.0,0.0,0,28,ON
2026-03-15 17:53:04,37.58,40.0,AQUECENDO,0,5,0.0,0.0,0,28,ON
2026-03-15 17:53:06,37.64,40.0,AQUECENDO,0,5,0.0,0.0,0,28,ON
2026-03-15 17:53:08,37.66,40.0,AQUECENDO,0,5,0.0,0.0,0,28,ON
2026-03-15 17:53:10,37.69,40.0,AQUECENDO,0,5,0.0,0.0,0,28,ON
2026-03-15 17:53:12,37.66,40.0,AQUECENDO,0,5,0.0,0.0,0,29,ON
2026-03-15 17:53:14,37.69,40.0,AQUECENDO,0,5,0.0,0.0,0,28,ON
2026-03-15 17:53:16,37.84,40.0,AQUECENDO,0,5,0.0,0.0,0,27,ON
2026-03-15 17:53:18,37.43,40.0,AQUECENDO,0,5,0.0,0.0,0,32,ON
2026-03-15 17:53:20,37.58,40.0,AQUECENDO,0,5,0.0,0.0,0,27,ON
2026-03-15 17:53:22,37.48,40.0,AQUECENDO,0,5,0.0,0.0,0,31,ON
2026-03-15 17:53:24,37.51,40.0,AQUECENDO,0,5,0.0,0.0,0,29,ON
2026-03-15 17:53:26,37.79,40.0,AQUECENDO,0,5,0.0,0.0,0,28,ON
2026-03-15 17:53:28,37.74,40.0,AQUECENDO,0,5,0.0,0.0,0,29,ON
2026-03-15 17:53:30,37.79,40.0,AQUECENDO,0,5,0.0,0.0,0,28,ON
2026-03-15 17:53:32,37.69,40.0,AQUECENDO,0,5,0.0,0.0,0,30,ON
2026-03-15 17:53:34,37.82,40.0,AQUECENDO,0,5,0.0,0.0,0,28,ON
2026-03-15 17:53:36,37.69,40.0,AQUECENDO,0,5,0.0,0.0,0,30,ON
2026-03-15 17:53:38,37.79,40.0,AQUECENDO,0,5,0.0,0.0,0,28,ON
2026-03-15 17:53:40,37.79,40.0,AQUECENDO,0,5,0.0,0.0,0,29,ON
2026-03-15 17:53:42,37.79,40.0,AQUECENDO,0,5,0.0,0.0,0,29,ON
2026-03-15 17:53:44,37.84,40.0,AQUECENDO,0,5,0.0,0.0,0,29,ON
2026-03-15 17:53:46,37.82,40.0,AQUECENDO,0,5,0.0,0.0,0,29,ON
2026-03-15 17:53:48,37.82,40.0,AQUECENDO,0,5,0.0,0.0,0,29,ON
2026-03-15 17:53:50,37.61,40.0,AQUECENDO,0,5,0.0,0.0,0,31,ON
2026-03-15 17:53:52,37.71,40.0,AQUECENDO,0,5,0.0,0.0,0,29,ON
2026-03-15 17:53:54,37.84,40.0,AQUECENDO,0,5,0.0,0.0,0,29,ON
2026-03-15 17:53:56,37.79,40.0,AQUECENDO,0,5,0.0,0.0,0,30,ON
2026-03-15 17:53:58,37.76,40.0,AQUECENDO,0,5,0.0,0.0,0,29,ON
2026-03-15 17:54:00,37.76,40.0,AQUECENDO,0,5,0.0,0.0,0,30,ON
2026-03-15 17:54:02,37.82,40.0,AQUECENDO,0,5,0.0,0.0,0,29,ON
2026-03-15 17:54:04,37.82,40.0,AQUECENDO,0,5,0.0,0.0,0,30,ON
2026-03-15 17:54:06,37.89,40.0,AQUECENDO,0,5,0.0,0.0,0,29,ON
2026-03-15 17:54:08,37.89,40.0,AQUECENDO,0,5,0.0,0.0,0,29,ON
2026-03-15 17:54:10,37.71,40.0,AQUECENDO,0,5,0.0,0.0,0,31,ON
2026-03-15 17:54:12,37.92,40.0,AQUECENDO,0,5,0.0,0.0,0,28,ON
2026-03-15 17:54:14,37.92,40.0,AQUECENDO,0,5,0.0,0.0,0,30,ON
2026-03-15 17:54:16,37.94,40.0,AQUECENDO,0,5,0.0,0.0,0,29,ON
2026-03-15 17:54:18,37.97,40.0,AQUECENDO,0,5,0.0,0.0,0,29,ON
2026-03-15 17:54:20,37.71,40.0,AQUECENDO,0,5,0.0,0.0,0,31,ON
2026-03-15 17:54:22,37.89,40.0,AQUECENDO,0,5,0.0,0.0,0,28,ON
2026-03-15 17:54:24,37.84,40.0,AQUECENDO,0,5,0.0,0.0,0,31,ON
2026-03-15 17:54:26,37.94,40.0,AQUECENDO,0,5,0.0,0.0,0,29,ON
2026-03-15 17:54:28,37.87,40.0,AQUECENDO,0,5,0.0,0.0,0,31,ON
2026-03-15 17:54:30,38.1,40.0,AQUECENDO,0,5,0.0,0.0,0,28,ON
2026-03-15 17:54:32,38.0,40.0,AQUECENDO,0,5,0.0,0.0,0,31,ON
2026-03-15 17:54:34,38.0,40.0,AQUECENDO,0,5,0.0,0.0,0,29,ON
2026-03-15 17:54:36,37.94,40.0,AQUECENDO,0,5,0.0,0.0,0,30,ON
2026-03-15 17:54:38,38.02,40.0,AQUECENDO,0,5,0.0,0.0,0,29,ON
2026-03-15 17:54:40,38.0,40.0,AQUECENDO,0,5,0.0,0.0,0,30,ON
2026-03-15 17:54:42,38.1,40.0,AQUECENDO,0,5,0.0,0.0,0,29,ON
2026-03-15 17:54:44,38.05,40.0,AQUECENDO,0,5,0.0,0.0,0,30,ON
2026-03-15 17:54:46,38.15,40.0,AQUECENDO,0,5,0.0,0.0,0,29,ON
2026-03-15 17:54:48,37.94,40.0,AQUECENDO,0,5,0.0,0.0,0,32,ON
2026-03-15 17:54:50,38.07,40.0,AQUECENDO,0,5,0.0,0.0,0,29,ON
2026-03-15 17:54:52,38.1,40.0,AQUECENDO,0,5,0.0,0.0,0,30,ON
2026-03-15 17:54:54,38.1,40.0,AQUECENDO,0,5,0.0,0.0,0,29,ON
2026-03-15 17:54:56,38.1,40.0,AQUECENDO,0,5,0.0,0.0,0,30,ON
2026-03-15 17:54:58,38.13,40.0,AQUECENDO,0,5,0.0,0.0,0,30,ON
2026-03-15 17:55:00,38.05,40.0,AQUECENDO,0,5,0.0,0.0,0,31,ON
2026-03-15 17:55:02,38.07,40.0,AQUECENDO,0,5,0.0,0.0,0,30,ON
2026-03-15 17:55:04,38.07,40.0,AQUECENDO,0,5,0.0,0.0,0,30,ON
2026-03-15 17:55:06,38.05,40.0,AQUECENDO,0,5,0.0,0.0,0,30,ON
2026-03-15 17:55:08,38.18,40.0,AQUECENDO,0,5,0.0,0.0,0,29,ON
2026-03-15 17:55:10,38.18,40.0,AQUECENDO,0,5,0.0,0.0,0,30,ON
2026-03-15 17:55:12,38.15,40.0,AQUECENDO,0,5,0.0,0.0,0,30,ON
2026-03-15 17:55:14,38.1,40.0,AQUECENDO,0,5,0.0,0.0,0,31,ON
2026-03-15 17:55:16,38.18,40.0,AQUECENDO,0,5,0.0,0.0,0,30,ON
2026-03-15 17:55:18,38.2,40.0,AQUECENDO,0,5,0.0,0.0,0,30,ON
2026-03-15 17:55:20,38.18,40.0,AQUECENDO,0,5,0.0,0.0,0,30,ON
2026-03-15 17:55:22,38.18,40.0,AQUECENDO,0,5,0.0,0.0,0,30,ON
2026-03-15 17:55:24,38.18,40.0,AQUECENDO,0,5,0.0,0.0,0,30,ON
2026-03-15 17:55:26,38.23,40.0,AQUECENDO,0,5,0.0,0.0,0,30,ON
2026-03-15 17:55:28,38.31,40.0,AQUECENDO,0,5,0.0,0.0,0,30,ON
2026-03-15 17:55:30,38.18,40.0,AQUECENDO,0,5,0.0,0.0,0,31,ON
2026-03-15 17:55:32,38.2,40.0,AQUECENDO,0,5,0.0,0.0,0,30,ON
2026-03-15 17:55:34,38.18,40.0,AQUECENDO,0,5,0.0,0.0,0,31,ON
2026-03-15 17:55:36,38.2,40.0,AQUECENDO,0,5,0.0,0.0,0,30,ON
2026-03-15 17:55:38,38.2,40.0,AQUECENDO,0,5,0.0,0.0,0,31,ON
2026-03-15 17:55:40,38.18,40.0,AQUECENDO,0,5,0.0,0.0,0,31,ON
2026-03-15 17:55:42,38.23,40.0,AQUECENDO,0,5,0.0,0.0,0,30,ON
2026-03-15 17:55:44,38.18,40.0,AQUECENDO,0,5,0.0,0.0,0,31,ON
2026-03-15 17:55:46,38.23,40.0,AQUECENDO,0,5,0.0,0.0,0,30,ON
2026-03-15 17:55:48,38.18,40.0,AQUECENDO,0,5,0.0,0.0,0,31,ON
2026-03-15 17:55:50,38.18,40.0,AQUECENDO,0,5,0.0,0.0,0,31,ON
2026-03-15 17:55:52,38.18,40.0,AQUECENDO,0,5,0.0,0.0,0,31,ON
2026-03-15 17:55:54,38.23,40.0,AQUECENDO,0,5,0.0,0.0,0,30,ON
2026-03-15 17:55:56,38.18,40.0,AQUECENDO,0,5,0.0,0.0,0,31,ON
2026-03-15 17:55:58,38.33,40.0,AQUECENDO,0,5,0.0,0.0,0,30,ON
2026-03-15 17:56:00,38.26,40.0,AQUECENDO,0,5,0.0,0.0,0,32,ON
2026-03-15 17:56:02,38.23,40.0,AQUECENDO,0,5,0.0,0.0,0,31,ON
2026-03-15 17:56:04,38.26,40.0,AQUECENDO,0,5,0.0,0.0,0,31,ON
2026-03-15 17:56:06,38.41,40.0,AQUECENDO,0,5,0.0,0.0,0,30,ON
2026-03-15 17:56:08,38.31,40.0,AQUECENDO,0,5,0.0,0.0,0,32,ON
2026-03-15 17:56:10,38.41,40.0,AQUECENDO,0,5,0.0,0.0,0,30,ON
2026-03-15 17:56:12,38.33,40.0,AQUECENDO,0,5,0.0,0.0,0,32,ON
2026-03-15 17:56:14,38.36,40.0,AQUECENDO,0,5,0.0,0.0,0,30,ON
2026-03-15 17:56:16,38.33,40.0,AQUECENDO,0,5,0.0,0.0,0,31,ON
2026-03-15 17:56:18,38.46,40.0,AQUECENDO,0,5,0.0,0.0,0,30,ON
2026-03-15 17:56:20,38.46,40.0,AQUECENDO,0,5,0.0,0.0,0,31,ON
2026-03-15 17:56:22,38.26,40.0,AQUECENDO,0,5,0.0,0.0,0,32,ON
2026-03-15 17:56:24,38.46,40.0,AQUECENDO,0,5,0.0,0.0,0,29,ON
2026-03-15 17:56:26,38.52,40.0,AQUECENDO,0,5,0.0,0.0,0,31,ON
2026-03-15 17:56:28,38.49,40.0,AQUECENDO,0,5,0.0,0.0,0,30,ON
2026-03-15 17:56:30,38.41,40.0,AQUECENDO,0,5,0.0,0.0,0,31,ON
2026-03-15 17:56:32,38.52,40.0,AQUECENDO,0,5,0.0,0.0,0,30,ON
2026-03-15 17:56:34,38.52,40.0,AQUECENDO,0,5,0.0,0.0,0,31,ON
2026-03-15 17:56:36,38.46,40.0,AQUECENDO,0,5,0.0,0.0,0,31,ON
2026-03-15 17:56:38,38.49,40.0,AQUECENDO,0,5,0.0,0.0,0,31,ON
2026-03-15 17:56:40,38.57,40.0,AQUECENDO,0,5,0.0,0.0,0,30,ON
2026-03-15 17:56:42,38.52,40.0,AQUECENDO,0,5,0.0,0.0,0,31,ON
2026-03-15 17:56:44,38.44,40.0,AQUECENDO,0,5,0.0,0.0,0,31,ON
2026-03-15 17:56:46,38.41,40.0,AQUECENDO,0,5,0.0,0.0,0,31,ON
2026-03-15 17:56:48,38.52,40.0,AQUECENDO,0,5,0.0,0.0,0,30,ON
2026-03-15 17:56:50,38.59,40.0,AQUECENDO,0,5,0.0,0.0,0,30,ON
2026-03-15 17:56:52,38.46,40.0,AQUECENDO,0,5,0.0,0.0,0,32,ON
2026-03-15 17:56:54,38.46,40.0,AQUECENDO,0,5,0.0,0.0,0,31,ON
2026-03-15 17:56:56,38.59,40.0,AQUECENDO,0,5,0.0,0.0,0,30,ON
2026-03-15 17:56:58,38.57,40.0,AQUECENDO,0,5,0.0,0.0,0,31,ON
2026-03-15 17:57:00,38.54,40.0,AQUECENDO,0,5,0.0,0.0,0,31,ON
2026-03-15 17:57:02,38.57,40.0,AQUECENDO,0,5,0.0,0.0,0,31,ON
2026-03-15 17:57:04,38.59,40.0,AQUECENDO,0,5,0.0,0.0,0,31,ON
2026-03-15 17:57:06,38.57,40.0,AQUECENDO,0,5,0.0,0.0,0,31,ON
2026-03-15 17:57:08,38.54,40.0,AQUECENDO,0,5,0.0,0.0,0,31,ON
2026-03-15 17:57:10,38.57,40.0,AQUECENDO,0,5,0.0,0.0,0,31,ON
2026-03-15 17:57:12,38.52,40.0,AQUECENDO,0,5,0.0,0.0,0,32,ON
2026-03-15 17:57:14,38.54,40.0,AQUECENDO,0,5,0.0,0.0,0,31,ON
2026-03-15 17:57:16,38.59,40.0,AQUECENDO,0,5,0.0,0.0,0,31,ON
2026-03-15 17:57:18,38.67,40.0,AQUECENDO,0,5,0.0,0.0,0,30,ON
2026-03-15 17:57:20,38.62,40.0,AQUECENDO,0,5,0.0,0.0,0,31,ON
2026-03-15 17:57:22,38.59,40.0,AQUECENDO,0,5,0.0,0.0,0,31,ON
2026-03-15 17:57:24,38.72,40.0,AQUECENDO,0,5,0.0,0.0,0,30,ON
2026-03-15 17:57:26,38.78,40.0,AQUECENDO,0,5,0.0,0.0,0,31,ON
2026-03-15 17:57:28,38.59,40.0,AQUECENDO,0,5,0.0,0.0,0,32,ON
2026-03-15 17:57:30,38.59,40.0,AQUECENDO,0,5,0.0,0.0,0,31,ON
2026-03-15 17:57:32,38.72,40.0,AQUECENDO,0,5,0.0,0.0,0,30,ON
2026-03-15 17:57:34,38.62,40.0,AQUECENDO,0,5,0.0,0.0,0,32,ON
2026-03-15 17:57:36,38.65,40.0,AQUECENDO,0,5,0.0,0.0,0,31,ON
2026-03-15 17:57:38,38.83,40.0,AQUECENDO,0,5,0.0,0.0,0,30,ON
2026-03-15 17:57:40,38.72,40.0,AQUECENDO,0,5,0.0,0.0,0,32,ON
2026-03-15 17:57:42,38.75,40.0,AQUECENDO,0,5,0.0,0.0,0,30,ON
2026-03-15 17:57:44,38.72,40.0,AQUECENDO,0,5,0.0,0.0,0,31,ON
2026-03-15 17:57:46,38.75,40.0,AQUECENDO,0,5,0.0,0.0,0,31,ON
2026-03-15 17:57:48,38.86,40.0,AQUECENDO,0,5,0.0,0.0,0,30,ON
2026-03-15 17:57:50,38.78,40.0,AQUECENDO,0,5,0.0,0.0,0,31,ON
2026-03-15 17:57:52,38.83,40.0,AQUECENDO,0,5,0.0,0.0,0,30,ON
2026-03-15 17:57:54,38.86,40.0,AQUECENDO,0,5,0.0,0.0,0,31,ON
2026-03-15 17:57:56,38.65,40.0,AQUECENDO,0,5,0.0,0.0,0,32,ON
2026-03-15 17:57:58,38.75,40.0,AQUECENDO,0,5,0.0,0.0,0,30,ON
2026-03-15 17:58:00,38.83,40.0,AQUECENDO,0,5,0.0,0.0,0,31,ON
2026-03-15 17:58:02,38.78,40.0,AQUECENDO,0,5,0.0,0.0,0,31,ON
2026-03-15 17:58:04,38.91,40.0,AQUECENDO,0,5,0.0,0.0,0,30,ON
2026-03-15 17:58:06,38.86,40.0,AQUECENDO,0,5,0.0,0.0,0,31,ON
2026-03-15 17:58:08,38.86,40.0,AQUECENDO,0,5,0.0,0.0,0,31,ON
2026-03-15 17:58:10,38.83,40.0,AQUECENDO,0,5,0.0,0.0,0,31,ON
2026-03-15 17:58:12,38.96,40.0,AQUECENDO,0,5,0.0,0.0,0,30,ON
2026-03-15 17:58:14,38.75,40.0,AQUECENDO,0,5,0.0,0.0,0,33,ON
2026-03-15 17:58:16,38.96,40.0,AQUECENDO,0,5,0.0,0.0,0,29,ON
2026-03-15 17:58:18,39.01,40.0,AQUECENDO,0,5,0.0,0.0,0,31,ON
2026-03-15 17:58:20,38.86,40.0,AQUECENDO,0,5,0.0,0.0,0,31,ON
2026-03-15 17:58:22,39.01,40.0,AQUECENDO,0,5,0.0,0.0,0,30,ON
2026-03-15 17:58:24,38.99,40.0,AQUECENDO,0,5,0.0,0.0,0,31,ON
2026-03-15 17:58:26,38.75,40.0,AQUECENDO,0,5,0.0,0.0,0,32,ON
2026-03-15 17:58:28,38.96,40.0,AQUECENDO,0,5,0.0,0.0,0,29,ON
2026-03-15 17:58:30,38.86,40.0,AQUECENDO,0,5,0.0,0.0,0,32,ON
2026-03-15 17:58:32,39.01,40.0,AQUECENDO,0,5,0.0,0.0,0,29,ON
2026-03-15 17:58:34,38.83,40.0,AQUECENDO,0,5,0.0,0.0,0,33,ON
2026-03-15 17:58:36,38.93,40.0,AQUECENDO,0,5,0.0,0.0,0,30,ON
2026-03-15 17:58:38,39.01,40.0,AQUECENDO,0,5,0.0,0.0,0,31,ON
2026-03-15 17:58:40,38.93,40.0,AQUECENDO,0,5,0.0,0.0,0,31,ON
2026-03-15 17:58:42,38.93,40.0,AQUECENDO,0,5,0.0,0.0,0,31,ON
2026-03-15 17:58:44,38.93,40.0,AQUECENDO,0,5,0.0,0.0,0,31,ON
2026-03-15 17:58:46,39.01,40.0,AQUECENDO,0,5,0.0,0.0,0,30,ON
2026-03-15 17:58:48,38.96,40.0,AQUECENDO,0,5,0.0,0.0,0,31,ON
2026-03-15 17:58:50,38.96,40.0,AQUECENDO,0,5,0.0,0.0,0,31,ON
2026-03-15 17:58:52,38.83,40.0,AQUECENDO,0,5,0.0,0.0,0,32,ON
2026-03-15 17:58:54,38.91,40.0,AQUECENDO,0,5,0.0,0.0,0,31,ON
2026-03-15 17:58:56,38.96,40.0,AQUECENDO,0,5,0.0,0.0,0,31,ON
2026-03-15 17:58:58,38.99,40.0,AQUECENDO,0,5,0.0,0.0,0,31,ON
2026-03-15 17:59:00,38.96,40.0,AQUECENDO,0,5,0.0,0.0,0,31,ON
2026-03-15 17:59:02,38.96,40.0,AQUECENDO,0,5,0.0,0.0,0,31,ON
2026-03-15 17:59:04,38.99,40.0,AQUECENDO,0,5,0.0,0.0,0,31,ON
2026-03-15 17:59:06,38.93,40.0,AQUECENDO,0,5,0.0,0.0,0,32,ON
2026-03-15 17:59:08,39.01,40.0,AQUECENDO,0,5,0.0,0.0,0,31,ON
2026-03-15 17:59:10,39.01,40.0,AQUECENDO,0,5,0.0,0.0,0,31,ON
2026-03-15 17:59:12,38.99,40.0,AQUECENDO,0,5,0.0,0.0,0,31,ON
2026-03-15 17:59:14,38.96,40.0,AQUECENDO,0,5,0.0,0.0,0,32,ON
2026-03-15 17:59:16,38.93,40.0,AQUECENDO,0,5,0.0,0.0,0,32,ON
2026-03-15 17:59:18,39.07,40.0,AQUECENDO,0,5,0.0,0.0,0,30,ON
2026-03-15 17:59:20,39.07,40.0,AQUECENDO,0,5,0.0,0.0,0,31,ON
2026-03-15 17:59:22,38.99,40.0,AQUECENDO,0,5,0.0,0.0,0,32,ON
2026-03-15 17:59:24,39.04,40.0,AQUECENDO,0,5,0.0,0.0,0,31,ON
2026-03-15 17:59:26,39.07,40.0,AQUECENDO,0,5,0.0,0.0,0,31,ON
2026-03-15 17:59:28,39.14,40.0,AQUECENDO,0,5,0.0,0.0,0,31,ON
2026-03-15 17:59:30,39.04,40.0,AQUECENDO,0,5,0.0,0.0,0,32,ON
2026-03-15 17:59:32,39.01,40.0,AQUECENDO,0,5,0.0,0.0,0,31,ON
2026-03-15 17:59:34,39.09,40.0,AQUECENDO,0,5,0.0,0.0,0,31,ON
2026-03-15 17:59:36,39.01,40.0,AQUECENDO,0,5,0.0,0.0,0,32,ON
2026-03-15 17:59:38,38.96,40.0,AQUECENDO,0,5,0.0,0.0,0,32,ON
2026-03-15 17:59:40,39.07,40.0,AQUECENDO,0,5,0.0,0.0,0,31,ON
2026-03-15 17:59:42,38.99,40.0,AQUECENDO,0,5,0.0,0.0,0,32,ON
2026-03-15 17:59:44,39.01,40.0,AQUECENDO,0,5,0.0,0.0,0,31,ON
2026-03-15 17:59:46,39.04,40.0,AQUECENDO,0,5,0.0,0.0,0,32,ON
2026-03-15 17:59:48,39.01,40.0,AQUECENDO,0,5,0.0,0.0,0,32,ON
2026-03-15 17:59:50,39.09,40.0,AQUECENDO,0,5,0.0,0.0,0,31,ON
2026-03-15 17:59:52,39.14,40.0,AQUECENDO,0,5,0.0,0.0,0,31,ON
2026-03-15 17:59:54,39.12,40.0,AQUECENDO,0,5,0.0,0.0,0,31,ON
2026-03-15 17:59:56,39.01,40.0,AQUECENDO,0,5,0.0,0.0,0,32,ON
2026-03-15 17:59:58,39.14,40.0,AQUECENDO,0,5,0.0,0.0,0,30,ON
2026-03-15 18:00:00,39.17,40.0,AQUECENDO,0,5,0.0,0.0,0,31,ON
2026-03-15 18:00:02,39.2,40.0,AQUECENDO,0,5,0.0,0.0,0,31,ON
2026-03-15 18:00:04,39.14,40.0,AQUECENDO,0,5,0.0,0.0,0,32,ON
2026-03-15 18:00:06,39.09,40.0,AQUECENDO,0,5,0.0,0.0,0,32,ON
2026-03-15 18:00:08,39.01,40.0,AQUECENDO,0,5,0.0,0.0,0,32,ON
2026-03-15 18:00:10,39.12,40.0,AQUECENDO,0,5,0.0,0.0,0,31,ON
2026-03-15 18:00:12,39.2,40.0,AQUECENDO,0,5,0.0,0.0,0,31,ON
2026-03-15 18:00:14,39.2,40.0,AQUECENDO,0,5,0.0,0.0,0,31,ON
2026-03-15 18:00:16,39.25,40.0,AQUECENDO,0,5,0.0,0.0,0,31,ON
2026-03-15 18:00:18,39.2,40.0,AQUECENDO,0,5,0.0,0.0,0,32,ON
2026-03-15 18:00:20,39.2,40.0,AQUECENDO,0,5,0.0,0.0,0,31,ON
2026-03-15 18:00:22,39.28,40.0,AQUECENDO,0,5,0.0,0.0,0,31,ON
2026-03-15 18:00:24,39.14,40.0,AQUECENDO,0,5,0.0,0.0,0,32,ON
2026-03-15 18:00:26,39.17,40.0,AQUECENDO,0,5,0.0,0.0,0,31,ON
2026-03-15 18:00:28,39.17,40.0,AQUECENDO,0,5,0.0,0.0,0,32,ON
2026-03-15 18:00:30,39.25,40.0,AQUECENDO,0,5,0.0,0.0,0,31,ON
2026-03-15 18:00:32,39.25,40.0,AQUECENDO,0,5,0.0,0.0,0,31,ON
2026-03-15 18:00:34,39.28,40.0,AQUECENDO,0,5,0.0,0.0,0,31,ON
2026-03-15 18:00:36,39.14,40.0,AQUECENDO,0,5,0.0,0.0,0,32,ON
2026-03-15 18:00:38,39.25,40.0,AQUECENDO,0,5,0.0,0.0,0,30,ON
2026-03-15 18:00:40,39.36,40.0,AQUECENDO,0,5,0.0,0.0,0,31,ON
2026-03-15 18:00:42,39.3,40.0,AQUECENDO,0,5,0.0,0.0,0,31,ON
2026-03-15 18:00:44,39.3,40.0,AQUECENDO,0,5,0.0,0.0,0,31,ON
2026-03-15 18:00:46,39.28,40.0,AQUECENDO,0,5,0.0,0.0,0,31,ON
2026-03-15 18:00:48,39.14,40.0,AQUECENDO,0,5,0.0,0.0,0,32,ON
2026-03-15 18:00:50,39.07,40.0,AQUECENDO,0,5,0.0,0.0,0,32,ON
2026-03-15 18:00:52,39.28,40.0,AQUECENDO,0,5,0.0,0.0,0,30,ON
2026-03-15 18:00:54,39.36,40.0,AQUECENDO,0,5,0.0,0.0,0,31,ON
2026-03-15 18:00:56,39.3,40.0,AQUECENDO,0,5,0.0,0.0,0,31,ON
2026-03-15 18:00:58,39.3,40.0,AQUECENDO,0,5,0.0,0.0,0,31,ON
2026-03-15 18:01:00,39.25,40.0,AQUECENDO,0,5,0.0,0.0,0,32,ON
2026-03-15 18:01:02,39.38,40.0,AQUECENDO,0,5,0.0,0.0,0,30,ON
2026-03-15 18:01:04,39.3,40.0,AQUECENDO,0,5,0.0,0.0,0,32,ON
2026-03-15 18:01:06,39.33,40.0,AQUECENDO,0,5,0.0,0.0,0,31,ON
2026-03-15 18:01:08,39.46,40.0,AQUECENDO,0,5,0.0,0.0,0,30,ON
2026-03-15 18:01:10,39.36,40.0,AQUECENDO,0,5,0.0,0.0,0,32,ON
2026-03-15 18:01:12,39.41,40.0,AQUECENDO,0,5,0.0,0.0,0,30,ON
2026-03-15 18:01:14,39.46,40.0,AQUECENDO,0,5,0.0,0.0,0,31,ON
2026-03-15 18:01:16,39.43,40.0,AQUECENDO,0,5,0.0,0.0,0,31,ON
2026-03-15 18:01:18,39.38,40.0,AQUECENDO,0,5,0.0,0.0,0,31,ON
2026-03-15 18:01:20,39.33,40.0,AQUECENDO,0,5,0.0,0.0,0,32,ON
2026-03-15 18:01:22,39.33,40.0,AQUECENDO,0,5,0.0,0.0,0,31,ON
2026-03-15 18:01:24,39.38,40.0,AQUECENDO,0,5,0.0,0.0,0,31,ON
2026-03-15 18:01:26,39.36,40.0,AQUECENDO,0,5,0.0,0.0,0,32,ON
2026-03-15 18:01:28,39.36,40.0,AQUECENDO,0,5,0.0,0.0,0,31,ON
2026-03-15 18:01:30,39.41,40.0,AQUECENDO,0,5,0.0,0.0,0,31,ON
2026-03-15 18:01:32,39.28,40.0,AQUECENDO,0,5,0.0,0.0,0,32,ON
2026-03-15 18:01:34,39.25,40.0,AQUECENDO,0,5,0.0,0.0,0,32,ON
2026-03-15 18:01:36,39.43,40.0,AQUECENDO,0,5,0.0,0.0,0,30,ON
2026-03-15 18:01:38,39.36,40.0,AQUECENDO,0,5,0.0,0.0,0,32,ON
2026-03-15 18:01:40,39.28,40.0,AQUECENDO,0,5,0.0,0.0,0,32,ON
2026-03-15 18:01:42,39.33,40.0,AQUECENDO,0,5,0.0,0.0,0,31,ON
2026-03-15 18:01:44,39.28,40.0,AQUECENDO,0,5,0.0,0.0,0,32,ON
2026-03-15 18:01:46,39.14,40.0,AQUECENDO,0,5,0.0,0.0,0,33,ON
2026-03-15 18:01:48,39.36,40.0,AQUECENDO,0,5,0.0,0.0,0,30,ON
2026-03-15 18:01:50,39.33,40.0,AQUECENDO,0,5,0.0,0.0,0,32,ON
2026-03-15 18:01:52,39.49,40.0,AQUECENDO,0,5,0.0,0.0,0,30,ON
2026-03-15 18:01:54,39.46,40.0,AQUECENDO,0,5,0.0,0.0,0,32,ON
2026-03-15 18:01:56,39.28,40.0,AQUECENDO,0,5,0.0,0.0,0,32,ON
2026-03-15 18:01:58,39.3,40.0,AQUECENDO,0,5,0.0,0.0,0,31,ON
2026-03-15 18:02:00,39.41,40.0,AQUECENDO,0,5,0.0,0.0,0,31,ON
2026-03-15 18:02:02,39.38,40.0,AQUECENDO,0,5,0.0,0.0,0,32,ON
2026-03-15 18:02:04,39.38,40.0,AQUECENDO,0,5,0.0,0.0,0,31,ON
2026-03-15 18:02:06,39.41,40.0,AQUECENDO,0,5,0.0,0.0,0,31,ON
2026-03-15 18:02:08,39.51,40.0,AQUECENDO,1,5,0.0,0.0,0,31,ON
2026-03-15 18:02:10,39.41,40.0,AQUECENDO,0,5,0.0,0.0,0,32,ON
2026-03-15 18:02:12,39.46,40.0,AQUECENDO,0,5,0.0,0.0,0,31,ON
2026-03-15 18:02:14,39.25,40.0,AQUECENDO,0,5,0.0,0.0,0,33,ON
2026-03-15 18:02:16,39.49,40.0,AQUECENDO,0,5,0.0,0.0,0,30,ON
2026-03-15 18:02:18,39.49,40.0,AQUECENDO,0,5,0.0,0.0,0,32,ON
2026-03-15 18:02:20,39.51,40.0,AQUECENDO,1,5,0.0,0.0,0,31,ON
2026-03-15 18:02:22,39.3,40.0,AQUECENDO,0,5,0.0,0.0,0,33,ON
2026-03-15 18:02:24,39.36,40.0,AQUECENDO,0,5,0.0,0.0,0,31,ON
2026-03-15 18:02:26,39.36,40.0,AQUECENDO,0,5,0.0,0.0,0,32,ON
2026-03-15 18:02:28,39.28,40.0,AQUECENDO,0,5,0.0,0.0,0,32,ON
2026-03-15 18:02:30,39.46,40.0,AQUECENDO,0,5,0.0,0.0,0,31,ON
2026-03-15 18:02:32,39.46,40.0,AQUECENDO,0,5,0.0,0.0,0,32,ON
2026-03-15 18:02:34,39.57,40.0,AQUECENDO,1,5,0.0,0.0,0,30,ON
2026-03-15 18:02:36,39.54,40.0,AQUECENDO,2,5,0.0,0.0,0,32,ON
2026-03-15 18:02:38,39.57,40.0,AQUECENDO,3,5,0.0,0.0,0,31,ON
2026-03-15 18:02:40,39.49,40.0,AQUECENDO,0,5,0.0,0.0,0,32,ON
2026-03-15 18:02:42,39.41,40.0,AQUECENDO,0,5,0.0,0.0,0,32,ON
2026-03-15 18:02:44,39.51,40.0,AQUECENDO,1,5,0.0,0.0,0,31,ON
2026-03-15 18:02:46,39.57,40.0,AQUECENDO,2,5,0.0,0.0,0,31,ON
2026-03-15 18:02:48,39.51,40.0,AQUECENDO,3,5,0.0,0.0,0,32,ON
2026-03-15 18:02:50,39.38,40.0,AQUECENDO,0,5,0.0,0.0,0,32,ON
2026-03-15 18:02:52,39.43,40.0,AQUECENDO,0,5,0.0,0.0,0,31,ON
2026-03-15 18:02:54,39.46,40.0,AQUECENDO,0,5,0.0,0.0,0,32,ON
2026-03-15 18:02:56,39.41,40.0,AQUECENDO,0,5,0.0,0.0,0,32,ON
2026-03-15 18:02:58,39.54,40.0,AQUECENDO,1,5,0.0,0.0,0,31,ON
2026-03-15 18:03:00,39.57,40.0,AQUECENDO,2,5,0.0,0.0,0,31,ON
2026-03-15 18:03:02,39.49,40.0,AQUECENDO,0,5,0.0,0.0,0,32,ON
2026-03-15 18:03:04,39.43,40.0,AQUECENDO,0,5,0.0,0.0,0,32,ON
2026-03-15 18:03:06,39.43,40.0,AQUECENDO,0,5,0.0,0.0,0,32,ON
2026-03-15 18:03:08,39.38,40.0,AQUECENDO,0,5,0.0,0.0,0,32,ON
2026-03-15 18:03:10,39.46,40.0,AQUECENDO,0,5,0.0,0.0,0,31,ON
2026-03-15 18:03:12,39.57,40.0,AQUECENDO,1,5,0.0,0.0,0,31,ON
2026-03-15 18:03:14,39.46,40.0,AQUECENDO,0,5,0.0,0.0,0,32,ON
2026-03-15 18:03:16,39.46,40.0,AQUECENDO,0,5,0.0,0.0,0,31,ON
2026-03-15 18:03:18,39.49,40.0,AQUECENDO,0,5,0.0,0.0,0,32,ON
2026-03-15 18:03:20,39.43,40.0,AQUECENDO,0,5,0.0,0.0,0,32,ON
2026-03-15 18:03:22,39.62,40.0,AQUECENDO,1,5,0.0,0.0,0,30,ON
2026-03-15 18:03:24,39.59,40.0,AQUECENDO,2,5,0.0,0.0,0,32,ON
2026-03-15 18:03:26,39.54,40.0,AQUECENDO,3,5,0.0,0.0,0,31,ON
2026-03-15 18:03:28,39.51,40.0,AQUECENDO,4,5,0.0,0.0,0,32,ON
2026-03-15 18:03:30,39.43,40.0,AQUECENDO,0,5,0.0,0.0,0,32,ON
2026-03-15 18:03:32,39.62,40.0,AQUECENDO,1,5,0.0,0.0,0,30,ON
2026-03-15 18:03:34,39.49,40.0,AQUECENDO,0,5,0.0,0.0,0,33,ON
2026-03-15 18:03:36,39.36,40.0,AQUECENDO,0,5,0.0,0.0,0,32,ON
2026-03-15 18:03:38,39.57,40.0,AQUECENDO,1,5,0.0,0.0,0,31,ON
2026-03-15 18:03:40,39.57,40.0,AQUECENDO,2,5,0.0,0.0,0,32,ON
2026-03-15 18:03:42,39.51,40.0,AQUECENDO,3,5,0.0,0.0,0,32,ON
2026-03-15 18:03:44,39.65,40.0,AQUECENDO,4,5,0.0,0.0,0,31,ON
2026-03-15 18:03:46,39.43,40.0,AQUECENDO,0,5,0.0,0.0,0,33,ON
2026-03-15 18:03:48,39.46,40.0,AQUECENDO,0,5,0.0,0.0,0,31,ON
2026-03-15 18:03:50,39.51,40.0,AQUECENDO,1,5,0.0,0.0,0,32,ON
2026-03-15 18:03:52,39.49,40.0,AQUECENDO,0,5,0.0,0.0,0,32,ON
2026-03-15 18:03:54,39.54,40.0,AQUECENDO,1,5,0.0,0.0,0,31,ON
2026-03-15 18:03:56,39.67,40.0,AQUECENDO,2,5,0.0,0.0,0,31,ON
2026-03-15 18:03:58,39.65,40.0,AQUECENDO,3,5,0.0,0.0,0,32,ON
2026-03-15 18:04:00,39.54,40.0,AQUECENDO,4,5,0.0,0.0,0,32,ON
2026-03-15 18:04:02,39.46,40.0,AQUECENDO,0,5,0.0,0.0,0,32,ON
2026-03-15 18:04:04,39.54,40.0,AQUECENDO,1,5,0.0,0.0,0,31,ON
2026-03-15 18:04:06,39.67,40.0,AQUECENDO,2,5,0.0,0.0,0,31,ON
2026-03-15 18:04:08,39.7,40.0,AQUECENDO,3,5,0.0,0.0,0,31,ON
2026-03-15 18:04:10,39.7,40.0,AQUECENDO,4,5,0.0,0.0,0,31,ON
2026-03-15 18:04:12,39.73,40.0,COOLER_ON,0,5,0.0,5.0,0,31,ON
2026-03-15 18:04:14,39.67,40.0,COOLER_ON,1,5,0.0,5.0,0,32,ON
2026-03-15 18:04:16,39.49,40.0,COOLER_ON,0,5,0.0,5.0,1,33,ON
2026-03-15 18:04:18,39.73,40.0,COOLER_ON,1,5,0.0,5.0,2,30,ON
2026-03-15 18:04:20,39.73,40.0,COOLER_ON,2,5,0.0,5.0,3,32,ON
2026-03-15 18:04:22,39.67,40.0,COOLER_ON,3,5,0.0,5.0,3,31,ON
2026-03-15 18:04:24,39.59,40.0,COOLER_ON,4,5,0.0,5.0,4,32,ON
2026-03-15 18:04:26,39.73,40.0,ESTABILIZADO,5,5,0.0,5.0,5,30,ON
2026-03-15 18:04:28,39.81,40.0,ESTABILIZADO,5,5,0.0,5.0,6,31,ON
2026-03-15 18:04:30,39.7,40.0,ESTABILIZADO,5,5,0.0,5.0,7,32,ON
2026-03-15 18:04:32,39.7,40.0,ESTABILIZADO,5,5,0.0,5.0,7,31,ON
2026-03-15 18:04:34,39.81,40.0,ESTABILIZADO,5,5,0.0,5.0,8,30,ON
2026-03-15 18:04:36,39.7,40.0,ESTABILIZADO,5,5,0.0,5.0,9,32,ON
2026-03-15 18:04:38,39.73,40.0,ESTABILIZADO,5,5,0.0,5.0,10,31,ON
2026-03-15 18:04:40,39.7,40.0,ESTABILIZADO,5,5,0.0,5.0,10,32,ON
2026-03-15 18:04:42,39.81,40.0,ESTABILIZADO,5,5,0.0,5.0,11,30,ON
2026-03-15 18:04:44,39.78,40.0,ESTABILIZADO,5,5,0.0,5.0,12,31,ON
2026-03-15 18:04:46,39.81,40.0,ESTABILIZADO,5,5,0.0,5.0,13,31,ON
2026-03-15 18:04:48,39.67,40.0,ESTABILIZADO,5,5,0.0,5.0,13,32,ON
2026-03-15 18:04:50,39.81,40.0,ESTABILIZADO,5,5,0.0,5.0,14,30,ON
2026-03-15 18:04:52,39.62,40.0,ESTABILIZADO,5,5,0.0,5.0,15,33,ON
2026-03-15 18:04:54,39.83,40.0,ESTABILIZADO,5,5,0.0,5.0,16,29,ON
2026-03-15 18:04:56,39.73,40.0,ESTABILIZADO,5,5,0.0,5.0,17,33,ON
2026-03-15 18:04:58,39.67,40.0,ESTABILIZADO,5,5,0.0,5.0,17,31,ON
2026-03-15 18:05:00,39.78,40.0,ESTABILIZADO,5,5,0.0,5.0,18,31,ON
2026-03-15 18:05:02,39.59,40.0,ESTABILIZADO,5,5,0.0,5.0,19,33,ON
2026-03-15 18:05:04,39.67,40.0,ESTABILIZADO,5,5,0.0,5.0,20,31,ON
2026-03-15 18:05:06,39.67,40.0,ESTABILIZADO,5,5,0.0,5.0,20,32,ON
2026-03-15 18:05:08,39.57,40.0,ESTABILIZADO,5,5,0.0,5.0,21,32,ON
2026-03-15 18:05:10,39.49,40.0,ESTABILIZADO,5,5,0.0,5.0,22,32,ON
2026-03-15 18:05:12,39.62,40.0,ESTABILIZADO,5,5,0.0,5.0,23,31,ON
2026-03-15 18:05:14,39.59,40.0,ESTABILIZADO,5,5,0.0,5.0,23,32,ON
2026-03-15 18:05:16,39.51,40.0,ESTABILIZADO,5,5,0.0,5.0,24,32,ON
2026-03-15 18:05:18,39.46,40.0,ESTABILIZADO,5,5,0.0,5.0,25,33,ON
2026-03-15 18:05:20,39.57,40.0,ESTABILIZADO,5,5,0.0,5.0,26,31,ON
2026-03-15 18:05:22,39.43,40.0,ESTABILIZADO,5,5,0.0,5.0,27,33,ON
2026-03-15 18:05:24,39.46,40.0,ESTABILIZADO,5,5,0.0,5.0,27,32,ON
2026-03-15 18:05:26,40.1,40.0,ESTABILIZADO,5,5,0.0,5.0,28,27,ON
2026-03-15 18:05:28,39.33,40.0,ESTABILIZADO,5,5,0.0,5.0,29,38,ON
2026-03-15 18:05:30,39.43,40.0,ESTABILIZADO,5,5,0.0,5.0,30,30,ON
2026-03-15 18:05:32,39.28,40.0,ESTABILIZADO,5,5,0.0,5.0,30,35,ON
2026-03-15 18:05:34,39.33,40.0,ESTABILIZADO,5,5,0.0,5.0,31,32,ON
2026-03-15 18:05:36,39.3,40.0,ESTABILIZADO,5,5,0.0,5.0,32,34,ON
2026-03-15 18:05:38,39.25,40.0,ESTABILIZADO,5,5,0.0,5.0,33,33,ON
2026-03-15 18:05:40,39.38,40.0,ESTABILIZADO,5,5,0.0,5.0,33,32,ON
2026-03-15 18:05:42,39.12,40.0,ESTABILIZADO,5,5,0.0,5.0,34,35,ON
2026-03-15 18:05:44,39.09,40.0,ESTABILIZADO,5,5,0.0,5.0,35,33,ON
2026-03-15 18:05:46,39.28,40.0,ESTABILIZADO,5,5,0.0,5.0,36,33,ON
2026-03-15 18:05:48,39.17,40.0,ESTABILIZADO,5,5,0.0,5.0,37,35,ON
2026-03-15 18:05:50,39.14,40.0,ESTABILIZADO,5,5,0.0,5.0,37,34,ON
2026-03-15 18:05:52,39.09,40.0,ESTABILIZADO,5,5,0.0,5.0,38,35,ON
2026-03-15 18:05:54,39.07,40.0,ESTABILIZADO,5,5,0.0,5.0,39,34,ON
2026-03-15 18:05:56,38.99,40.0,ESTABILIZADO,5,5,0.0,5.0,40,35,ON
2026-03-15 18:05:58,38.96,40.0,ESTABILIZADO,5,5,0.0,5.0,40,35,ON
2026-03-15 18:06:00,38.96,40.0,ESTABILIZADO,5,5,0.0,5.0,41,35,ON
2026-03-15 18:06:02,38.86,40.0,ESTABILIZADO,5,5,0.0,5.0,42,36,ON
2026-03-15 18:06:04,38.75,40.0,ESTABILIZADO,5,5,0.0,5.0,43,36,ON
2026-03-15 18:06:06,38.96,40.0,ESTABILIZADO,5,5,0.0,5.0,43,34,ON
2026-03-15 18:06:08,38.83,40.0,ESTABILIZADO,5,5,0.0,5.0,44,37,ON
2026-03-15 18:06:10,38.75,40.0,ESTABILIZADO,5,5,0.0,5.0,45,36,ON
2026-03-15 18:06:12,38.75,40.0,ESTABILIZADO,5,5,0.0,5.0,46,36,ON
2026-03-15 18:06:14,38.59,40.0,ESTABILIZADO,5,5,0.0,5.0,47,37,ON
2026-03-15 18:06:16,38.59,40.0,ESTABILIZADO,5,5,0.0,5.0,47,36,ON
2026-03-15 18:06:18,38.54,40.0,ESTABILIZADO,5,5,0.0,5.0,48,37,ON
2026-03-15 18:06:20,38.59,40.0,ESTABILIZADO,5,5,0.0,5.0,49,36,ON
2026-03-15 18:06:22,38.59,40.0,ESTABILIZADO,5,5,0.0,5.0,50,37,ON
2026-03-15 18:06:24,38.31,40.0,ESTABILIZADO,5,5,0.0,5.0,50,39,ON
2026-03-15 18:06:26,38.57,40.0,ESTABILIZADO,5,5,0.0,5.0,51,35,ON
2026-03-15 18:06:28,38.49,40.0,ESTABILIZADO,5,5,0.0,5.0,52,38,ON
2026-03-15 18:06:30,38.36,40.0,ESTABILIZADO,5,5,0.0,5.0,53,38,ON
2026-03-15 18:06:32,38.2,40.0,ESTABILIZADO,5,5,0.0,5.0,53,39,ON
2026-03-15 18:06:34,38.36,40.0,ESTABILIZADO,5,5,0.0,5.0,54,37,ON
2026-03-15 18:06:36,38.18,40.0,ESTABILIZADO,5,5,0.0,5.0,55,40,ON
2026-03-15 18:06:38,38.18,40.0,ESTABILIZADO,5,5,0.0,5.0,56,38,ON
2026-03-15 18:06:40,38.18,40.0,ESTABILIZADO,5,5,0.0,5.0,57,39,ON
2026-03-15 18:06:42,38.07,40.0,ESTABILIZADO,5,5,0.0,5.0,57,39,ON
2026-03-15 18:06:44,38.13,40.0,ESTABILIZADO,5,5,0.0,5.0,58,39,ON
2026-03-15 18:06:46,38.05,40.0,ESTABILIZADO,5,5,0.0,5.0,59,40,ON
2026-03-15 18:06:48,38.0,40.0,ESTABILIZADO,5,5,0.0,5.0,60,40,ON
2026-03-15 18:06:50,38.1,40.0,ESTABILIZADO,5,5,0.0,5.0,60,39,ON
2026-03-15 18:06:52,38.07,40.0,ESTABILIZADO,5,5,0.0,5.0,61,40,ON
2026-03-15 18:06:54,38.02,40.0,ESTABILIZADO,5,5,0.0,5.0,62,40,ON
2026-03-15 18:06:56,37.82,40.0,ESTABILIZADO,5,5,0.0,5.0,63,41,ON
2026-03-15 18:06:58,37.79,40.0,ESTABILIZADO,5,5,0.0,5.0,63,40,ON
2026-03-15 18:07:00,37.89,40.0,ESTABILIZADO,5,5,0.0,5.0,64,40,ON
2026-03-15 18:07:02,37.64,40.0,ESTABILIZADO,5,5,0.0,5.0,65,43,ON
2026-03-15 18:07:04,37.69,40.0,ESTABILIZADO,5,5,0.0,5.0,66,40,ON
2026-03-15 18:07:06,37.69,40.0,ESTABILIZADO,5,5,0.0,5.0,67,42,ON
2026-03-15 18:07:08,37.69,40.0,ESTABILIZADO,5,5,0.0,5.0,67,41,ON
2026-03-15 18:07:10,37.53,40.0,ESTABILIZADO,5,5,0.0,5.0,68,43,ON
2026-03-15 18:07:12,37.61,40.0,ESTABILIZADO,5,5,0.0,5.0,69,41,ON
2026-03-15 18:07:14,37.48,40.0,ESTABILIZADO,5,5,0.0,5.0,70,43,ON
2026-03-15 18:07:16,37.41,40.0,ESTABILIZADO,5,5,0.0,5.0,70,43,ON
2026-03-15 18:07:18,37.38,40.0,ESTABILIZADO,5,5,0.0,5.0,71,43,ON
2026-03-15 18:07:20,37.35,40.0,ESTABILIZADO,5,5,0.0,5.0,72,43,ON
2026-03-15 18:07:22,37.38,40.0,ESTABILIZADO,5,5,0.0,5.0,73,43,ON
2026-03-15 18:07:24,37.35,40.0,ESTABILIZADO,5,5,0.0,5.0,73,44,ON
2026-03-15 18:07:26,37.18,40.0,ESTABILIZADO,5,5,0.0,5.0,74,45,ON
2026-03-15 18:07:28,37.05,40.0,ESTABILIZADO,5,5,0.0,5.0,75,45,ON
2026-03-15 18:07:30,37.0,40.0,ESTABILIZADO,5,5,0.0,5.0,76,45,ON
2026-03-15 18:07:32,37.23,40.0,ESTABILIZADO,5,5,0.0,5.0,77,43,ON
2026-03-15 18:07:34,37.02,40.0,ESTABILIZADO,5,5,0.67,5.0,77,47,ON
2026-03-15 18:07:36,37.07,40.0,ESTABILIZADO,5,5,2.0,5.0,78,44,ON
2026-03-15 18:07:38,37.07,40.0,ESTABILIZADO,5,5,2.67,5.0,78,45,ON
2026-03-15 18:07:40,36.97,40.0,ESTABILIZADO,5,5,4.0,5.0,78,46,ON
2026-03-15 18:07:42,37.02,40.0,ESTABILIZADO,5,5,4.67,5.0,78,45,ON
2026-03-15 18:07:44,36.97,40.0,ESTABILIZADO,5,5,4.0,5.0,79,46,ON
2026-03-15 18:07:46,37.1,40.0,ESTABILIZADO,5,5,4.0,5.0,79,44,ON
2026-03-15 18:07:48,36.97,40.0,ESTABILIZADO,5,5,4.67,5.0,79,47,ON
2026-03-15 18:07:50,36.97,40.0,ESTABILIZADO,5,5,4.0,5.0,79,45,ON
2026-03-15 18:07:52,36.97,40.0,ESTABILIZADO,5,5,6.67,5.0,79,46,ON
2026-03-15 18:07:54,36.97,40.0,ESTABILIZADO,5,5,4.67,5.0,79,46,ON
2026-03-15 18:07:56,36.97,40.0,ESTABILIZADO,5,5,4.67,5.0,79,46,ON
2026-03-15 18:07:58,36.97,40.0,ESTABILIZADO,5,5,4.0,5.0,79,46,ON
2026-03-15 18:08:00,36.97,40.0,ESTABILIZADO,5,5,4.67,5.0,79,46,ON
2026-03-15 18:08:02,36.97,40.0,ESTABILIZADO,5,5,4.67,5.0,79,46,ON
2026-03-15 18:08:04,36.97,40.0,ESTABILIZADO,5,5,4.0,5.0,79,46,ON
2026-03-15 18:08:06,36.49,40.0,ESTABILIZADO,5,5,4.67,5.0,79,51,ON
2026-03-15 18:08:08,36.49,40.0,ESTABILIZADO,5,5,4.67,5.0,80,47,ON
2026-03-15 18:08:10,36.22,40.0,ESTABILIZADO,5,5,4.0,5.0,80,52,ON
2026-03-15 18:08:12,36.44,40.0,ESTABILIZADO,5,5,4.0,5.0,80,47,ON
2026-03-15 18:08:14,36.49,40.0,ESTABILIZADO,5,5,4.67,5.0,80,50,ON
2026-03-15 18:08:16,36.47,40.0,ESTABILIZADO,5,5,4.67,5.0,80,49,ON
2026-03-15 18:08:18,36.37,40.0,ESTABILIZADO,5,5,5.33,5.0,80,50,ON
2026-03-15 18:08:20,36.29,40.0,ESTABILIZADO,5,5,4.0,5.0,80,50,ON
2026-03-15 18:08:22,36.32,40.0,ESTABILIZADO,5,5,4.67,5.0,80,50,ON
2026-03-15 18:08:24,36.17,40.0,ESTABILIZADO,5,5,5.33,5.0,80,51,ON
2026-03-15 18:08:26,36.19,40.0,ESTABILIZADO,5,5,4.0,5.0,80,50,ON
2026-03-15 18:08:28,36.37,40.0,ESTABILIZADO,5,5,4.67,5.0,80,50,ON
2026-03-15 18:08:30,36.09,40.0,ESTABILIZADO,5,5,4.67,5.0,80,53,ON
2026-03-15 18:08:32,36.17,40.0,ESTABILIZADO,5,5,5.33,5.0,79,50,ON
2026-03-15 18:08:34,36.17,40.0,ESTABILIZADO,5,5,6.0,5.0,79,52,ON
2026-03-15 18:08:36,36.32,40.0,ESTABILIZADO,5,5,4.67,5.0,79,50,ON
2026-03-15 18:08:38,36.17,40.0,ESTABILIZADO,5,5,4.67,5.0,79,53,ON
2026-03-15 18:08:40,36.12,40.0,ESTABILIZADO,5,5,4.0,5.0,80,51,ON
2026-03-15 18:08:42,36.02,40.0,ESTABILIZADO,5,5,6.0,5.0,80,53,ON
2026-03-15 18:08:44,36.19,40.0,ESTABILIZADO,5,5,5.33,5.0,80,51,ON
2026-03-15 18:08:46,36.24,40.0,ESTABILIZADO,5,5,4.67,5.0,80,52,ON
2026-03-15 18:08:48,36.02,40.0,ESTABILIZADO,5,5,6.67,5.0,79,53,ON
2026-03-15 18:08:50,36.02,40.0,ESTABILIZADO,5,5,5.33,5.0,79,52,ON
2026-03-15 18:08:52,35.94,40.0,ESTABILIZADO,5,5,5.33,5.0,79,54,ON
2026-03-15 18:08:54,36.09,40.0,ESTABILIZADO,5,5,5.33,5.0,79,52,ON
2026-03-15 18:08:56,36.07,40.0,ESTABILIZADO,5,5,4.67,5.0,80,53,ON
2026-03-15 18:08:58,36.17,40.0,ESTABILIZADO,5,5,6.0,5.0,79,52,ON
2026-03-15 18:09:00,36.24,40.0,ESTABILIZADO,5,5,5.33,5.0,79,52,ON
2026-03-15 18:09:02,36.09,40.0,ESTABILIZADO,5,5,4.0,5.0,80,54,ON
2026-03-15 18:09:04,36.17,40.0,ESTABILIZADO,5,5,4.67,5.0,80,52,ON
2026-03-15 18:09:06,36.07,40.0,ESTABILIZADO,5,5,4.67,5.0,80,54,ON
2026-03-15 18:09:08,36.12,40.0,ESTABILIZADO,5,5,4.0,5.0,80,53,ON
2026-03-15 18:09:10,36.09,40.0,ESTABILIZADO,5,5,4.67,5.0,80,54,ON
2026-03-15 18:09:12,36.12,40.0,ESTABILIZADO,5,5,4.67,5.0,80,53,ON
2026-03-15 18:09:14,35.74,40.0,ESTABILIZADO,5,5,5.33,5.0,80,57,ON
2026-03-15 18:09:16,35.87,40.0,ESTABILIZADO,5,5,6.0,5.0,79,53,ON
2026-03-15 18:09:18,35.92,40.0,ESTABILIZADO,5,5,4.67,5.0,80,55,ON
2026-03-15 18:09:20,36.19,40.0,ESTABILIZADO,5,5,4.67,5.0,80,52,ON
2026-03-15 18:09:22,36.19,40.0,ESTABILIZADO,5,5,4.0,5.0,80,54,ON
2026-03-15 18:09:24,35.82,40.0,ESTABILIZADO,5,5,4.67,5.0,80,57,ON
2026-03-15 18:09:26,36.02,40.0,ESTABILIZADO,5,5,5.33,5.0,80,53,ON
2026-03-15 18:09:28,36.12,40.0,ESTABILIZADO,5,5,4.67,5.0,80,55,ON
2026-03-15 18:09:30,36.14,40.0,ESTABILIZADO,5,5,4.67,5.0,80,54,ON
2026-03-15 18:09:32,36.07,40.0,ESTABILIZADO,5,5,4.0,5.0,80,55,ON
2026-03-15 18:09:34,36.02,40.0,ESTABILIZADO,5,5,5.33,5.0,80,55,ON
2026-03-15 18:09:36,36.14,40.0,ESTABILIZADO,5,5,4.67,5.0,80,54,ON
2026-03-15 18:09:38,36.09,40.0,ESTABILIZADO,5,5,5.33,5.0,80,55,ON
2026-03-15 18:09:40,36.02,40.0,ESTABILIZADO,5,5,6.0,5.0,80,55,ON
2026-03-15 18:09:42,36.02,40.0,ESTABILIZADO,5,5,4.67,5.0,80,55,ON
2026-03-15 18:09:44,35.82,40.0,ESTABILIZADO,5,5,4.0,5.0,80,57,ON
2026-03-15 18:09:46,36.09,40.0,ESTABILIZADO,5,5,5.33,5.0,80,54,ON
2026-03-15 18:09:48,36.12,40.0,ESTABILIZADO,5,5,4.67,5.0,80,56,ON
2026-03-15 18:09:50,36.04,40.0,ESTABILIZADO,5,5,4.67,5.0,80,56,ON
2026-03-15 18:09:52,36.02,40.0,ESTABILIZADO,5,5,4.0,5.0,80,56,ON
2026-03-15 18:09:54,35.79,40.0,ESTABILIZADO,5,5,4.67,5.0,80,58,ON
2026-03-15 18:09:56,36.14,40.0,ESTABILIZADO,5,5,4.0,5.0,80,54,ON
2026-03-15 18:09:58,36.04,40.0,ESTABILIZADO,5,5,5.33,5.0,80,58,ON
2026-03-15 18:10:00,35.92,40.0,ESTABILIZADO,5,5,4.0,5.0,80,57,ON
2026-03-15 18:10:02,36.14,40.0,ESTABILIZADO,5,5,5.33,5.0,80,55,ON
2026-03-15 18:10:04,35.87,40.0,ESTABILIZADO,5,5,5.33,5.0,80,59,ON
2026-03-15 18:10:06,36.07,40.0,ESTABILIZADO,5,5,4.67,5.0,80,55,ON
2026-03-15 18:10:08,36.09,40.0,ESTABILIZADO,5,5,4.0,5.0,80,57,ON
2026-03-15 18:10:10,36.02,40.0,ESTABILIZADO,5,5,4.67,5.0,80,57,ON
2026-03-15 18:10:12,36.24,40.0,ESTABILIZADO,5,5,5.33,5.0,80,55,ON
2026-03-15 18:10:14,35.92,40.0,ESTABILIZADO,5,5,5.33,5.0,80,60,ON
2026-03-15 18:10:16,35.92,40.0,ESTABILIZADO,5,5,4.0,5.0,80,57,ON
2026-03-15 18:10:18,35.89,40.0,ESTABILIZADO,5,5,5.33,5.0,80,58,ON
2026-03-15 18:10:20,36.07,40.0,ESTABILIZADO,5,5,6.0,5.0,80,56,ON
2026-03-15 18:10:22,36.12,40.0,ESTABILIZADO,5,5,4.0,5.0,80,58,ON
2026-03-15 18:10:24,35.99,40.0,ESTABILIZADO,5,5,4.0,5.0,80,58,ON
2026-03-15 18:10:26,35.97,40.0,ESTABILIZADO,5,5,5.33,5.0,80,58,ON
2026-03-15 18:10:28,36.17,40.0,ESTABILIZADO,5,5,3.33,5.0,80,56,ON
2026-03-15 18:10:30,36.29,40.0,ESTABILIZADO,5,5,4.67,5.0,80,57,ON
2026-03-15 18:10:32,36.32,40.0,ESTABILIZADO,5,5,6.0,5.0,80,57,ON
2026-03-15 18:10:34,36.12,40.0,ESTABILIZADO,5,5,6.67,5.0,80,59,ON
2026-03-15 18:10:36,36.32,40.0,ESTABILIZADO,5,5,4.0,5.0,80,56,ON
2026-03-15 18:10:38,36.24,40.0,ESTABILIZADO,5,5,5.33,5.0,80,59,ON
2026-03-15 18:10:40,36.27,40.0,ESTABILIZADO,5,5,5.33,5.0,80,57,ON
2026-03-15 18:10:42,36.27,40.0,ESTABILIZADO,5,5,4.0,5.0,80,58,ON
2026-03-15 18:10:44,36.24,40.0,ESTABILIZADO,5,5,4.0,5.0,80,58,ON
2026-03-15 18:10:46,36.27,40.0,ESTABILIZADO,5,5,3.33,5.0,80,58,ON
2026-03-15 18:10:48,36.17,40.0,ESTABILIZADO,5,5,3.33,5.0,80,59,ON
2026-03-15 18:10:50,36.27,40.0,ESTABILIZADO,5,5,4.0,5.0,80,57,ON
2026-03-15 18:10:52,36.27,40.0,ESTABILIZADO,5,5,4.67,5.0,80,59,ON
2026-03-15 18:10:54,36.04,40.0,ESTABILIZADO,5,5,4.0,5.0,80,60,ON
2026-03-15 18:10:56,36.39,40.0,ESTABILIZADO,5,5,4.67,5.0,80,56,ON
2026-03-15 18:10:58,36.17,40.0,ESTABILIZADO,5,5,4.67,5.0,80,61,ON
2026-03-15 18:11:00,36.29,40.0,ESTABILIZADO,5,5,4.67,5.0,80,57,ON
2026-03-15 18:11:02,36.39,40.0,ESTABILIZADO,5,5,4.67,5.0,81,59,ON
2026-03-15 18:11:04,36.17,40.0,ESTABILIZADO,5,5,4.67,5.0,81,60,ON
2026-03-15 18:11:06,36.47,40.0,ESTABILIZADO,5,5,5.33,5.0,81,56,ON
2026-03-15 18:11:08,36.47,40.0,ESTABILIZADO,5,5,5.33,5.0,81,59,ON
2026-03-15 18:11:10,36.97,40.0,ESTABILIZADO,5,5,4.67,5.0,81,54,ON
2026-03-15 18:11:12,36.49,40.0,ESTABILIZADO,5,5,5.33,5.0,80,62,ON
2026-03-15 18:11:14,36.39,40.0,ESTABILIZADO,5,5,6.0,5.0,80,57,ON
2026-03-15 18:11:16,36.49,40.0,ESTABILIZADO,5,5,4.0,5.0,80,59,ON
2026-03-15 18:11:18,36.47,40.0,ESTABILIZADO,5,5,5.33,5.0,80,59,ON
2026-03-15 18:11:20,36.37,40.0,ESTABILIZADO,5,5,6.0,5.0,80,60,ON
2026-03-15 18:11:22,36.97,40.0,ESTABILIZADO,5,5,4.0,5.0,81,54,ON
2026-03-15 18:11:24,36.97,40.0,ESTABILIZADO,5,5,4.0,5.0,81,58,ON
2026-03-15 18:11:26,36.97,40.0,ESTABILIZADO,5,5,6.67,5.0,80,56,ON
2026-03-15 18:11:28,36.39,40.0,ESTABILIZADO,5,5,4.0,5.0,81,62,ON
2026-03-15 18:11:30,36.47,40.0,ESTABILIZADO,5,5,4.0,5.0,81,57,ON
2026-03-15 18:11:32,36.32,40.0,ESTABILIZADO,5,5,5.33,5.0,81,61,ON
2026-03-15 18:11:34,36.52,40.0,ESTABILIZADO,5,5,4.67,5.0,81,57,ON
2026-03-15 18:11:36,36.12,40.0,ESTABILIZADO,5,5,5.33,5.0,81,64,ON
2026-03-15 18:11:38,36.47,40.0,ESTABILIZADO,5,5,4.0,5.0,81,57,ON
2026-03-15 18:11:40,36.47,40.0,ESTABILIZADO,5,5,4.67,5.0,81,61,ON
2026-03-15 18:11:42,36.47,40.0,ESTABILIZADO,5,5,4.67,5.0,81,59,ON
2026-03-15 18:11:44,36.97,40.0,ESTABILIZADO,5,5,5.33,5.0,80,56,ON
2026-03-15 18:11:46,36.54,40.0,ESTABILIZADO,5,5,5.33,5.0,80,63,ON
2026-03-15 18:11:48,36.39,40.0,ESTABILIZADO,5,5,5.33,5.0,81,60,ON
2026-03-15 18:11:50,36.52,40.0,ESTABILIZADO,5,5,4.67,5.0,81,60,ON
2026-03-15 18:11:52,36.47,40.0,ESTABILIZADO,5,5,6.0,5.0,80,61,ON
2026-03-15 18:11:54,36.27,40.0,ESTABILIZADO,5,5,4.67,5.0,80,62,ON
2026-03-15 18:11:56,36.97,40.0,ESTABILIZADO,5,5,6.0,5.0,80,55,ON
2026-03-15 18:11:58,36.97,40.0,ESTABILIZADO,5,5,5.33,5.0,81,60,ON
2026-03-15 18:12:00,36.49,40.0,ESTABILIZADO,5,5,4.67,5.0,81,62,ON
2026-03-15 18:12:02,36.97,40.0,ESTABILIZADO,5,5,5.33,5.0,81,56,ON
2026-03-15 18:12:04,36.44,40.0,ESTABILIZADO,5,5,4.67,5.0,81,65,ON
2026-03-15 18:12:06,36.97,40.0,ESTABILIZADO,5,5,5.33,5.0,80,55,ON
2026-03-15 18:12:08,36.97,40.0,ESTABILIZADO,5,5,4.67,5.0,81,61,ON
2026-03-15 18:12:10,36.97,40.0,ESTABILIZADO,5,5,6.0,5.0,81,58,ON
2026-03-15 18:12:12,36.97,40.0,ESTABILIZADO,5,5,5.33,5.0,81,60,ON
2026-03-15 18:12:14,36.97,40.0,ESTABILIZADO,5,5,5.33,5.0,81,59,ON
2026-03-15 18:12:16,36.97,40.0,ESTABILIZADO,5,5,5.33,5.0,80,59,ON
2026-03-15 18:12:18,36.47,40.0,ESTABILIZADO,5,5,4.0,5.0,81,64,ON
2026-03-15 18:12:20,36.52,40.0,ESTABILIZADO,5,5,5.33,5.0,80,60,ON
2026-03-15 18:12:22,36.97,40.0,ESTABILIZADO,5,5,6.67,5.0,80,58,ON
2026-03-15 18:12:24,36.97,40.0,ESTABILIZADO,5,5,6.0,5.0,80,60,ON
2026-03-15 18:12:26,36.97,40.0,ESTABILIZADO,5,5,4.0,5.0,81,59,ON
2026-03-15 18:12:28,36.97,40.0,ESTABILIZADO,5,5,4.67,5.0,80,60,ON
2026-03-15 18:12:30,36.97,40.0,ESTABILIZADO,5,5,4.0,5.0,81,60,ON
2026-03-15 18:12:32,36.97,40.0,ESTABILIZADO,5,5,5.33,5.0,80,60,ON
2026-03-15 18:12:34,36.97,40.0,ESTABILIZADO,5,5,4.0,5.0,81,60,ON
2026-03-15 18:12:36,36.97,40.0,ESTABILIZADO,5,5,4.0,5.0,81,60,ON
2026-03-15 18:12:38,36.42,40.0,ESTABILIZADO,5,5,4.67,5.0,80,65,ON
2026-03-15 18:12:40,36.97,40.0,ESTABILIZADO,5,5,4.67,5.0,81,57,ON
2026-03-15 18:12:42,36.97,40.0,ESTABILIZADO,5,5,4.0,5.0,81,62,ON
2026-03-15 18:12:44,36.97,40.0,ESTABILIZADO,5,5,5.33,5.0,80,60,ON
2026-03-15 18:12:46,36.52,40.0,ESTABILIZADO,5,5,4.0,5.0,80,65,ON
2026-03-15 18:12:48,36.97,40.0,ESTABILIZADO,5,5,4.67,5.0,80,57,ON
2026-03-15 18:12:50,36.97,40.0,ESTABILIZADO,5,5,5.33,5.0,80,62,ON
2026-03-15 18:12:52,36.97,40.0,ESTABILIZADO,5,5,5.33,5.0,80,60,ON
2026-03-15 18:12:54,36.97,40.0,ESTABILIZADO,5,5,4.67,5.0,80,61,ON
2026-03-15 18:12:56,36.97,40.0,ESTABILIZADO,5,5,4.0,5.0,81,61,ON
2026-03-15 18:12:58,36.97,40.0,ESTABILIZADO,5,5,3.33,5.0,81,61,ON
2026-03-15 18:13:00,36.97,40.0,ESTABILIZADO,5,5,4.0,5.0,81,61,ON
2026-03-15 18:13:02,36.97,40.0,ESTABILIZADO,5,5,5.33,5.0,81,61,ON
2026-03-15 18:13:04,36.97,40.0,ESTABILIZADO,5,5,4.67,5.0,81,61,ON
2026-03-15 18:13:06,36.97,40.0,ESTABILIZADO,5,5,4.67,5.0,80,61,ON
2026-03-15 18:13:08,36.97,40.0,ESTABILIZADO,5,5,6.0,5.0,80,61,ON
2026-03-15 18:13:10,36.97,40.0,ESTABILIZADO,5,5,6.0,5.0,80,62,ON
2026-03-15 18:13:12,36.97,40.0,ESTABILIZADO,5,5,4.67,5.0,80,62,ON
2026-03-15 18:13:14,36.97,40.0,ESTABILIZADO,5,5,5.33,5.0,80,62,ON
2026-03-15 18:13:16,36.97,40.0,ESTABILIZADO,5,5,4.67,5.0,80,62,ON
2026-03-15 18:13:18,36.97,40.0,ESTABILIZADO,5,5,4.67,5.0,81,62,ON
2026-03-15 18:13:20,36.97,40.0,ESTABILIZADO,5,5,4.67,5.0,81,62,ON
2026-03-15 18:13:22,36.97,40.0,ESTABILIZADO,5,5,7.33,5.0,80,62,ON
2026-03-15 18:13:24,36.97,40.0,ESTABILIZADO,5,5,4.67,5.0,80,62,ON
2026-03-15 18:13:26,36.97,40.0,ESTABILIZADO,5,5,4.67,5.0,80,62,ON
2026-03-15 18:13:28,36.97,40.0,ESTABILIZADO,5,5,4.67,5.0,81,62,ON
2026-03-15 18:13:30,36.97,40.0,ESTABILIZADO,5,5,6.0,5.0,80,62,ON
2026-03-15 18:13:32,36.97,40.0,ESTABILIZADO,5,5,6.0,5.0,81,62,ON
2026-03-15 18:13:34,36.97,40.0,ESTABILIZADO,5,5,5.33,5.0,81,63,ON
2026-03-15 18:13:36,36.97,40.0,ESTABILIZADO,5,5,6.0,5.0,81,63,ON
2026-03-15 18:13:38,36.97,40.0,ESTABILIZADO,5,5,5.33,5.0,81,63,ON
2026-03-15 18:13:40,36.97,40.0,ESTABILIZADO,5,5,4.67,5.0,81,63,ON
2026-03-15 18:13:42,36.97,40.0,ESTABILIZADO,5,5,4.67,5.0,81,63,ON
2026-03-15 18:13:44,36.97,40.0,ESTABILIZADO,5,5,5.33,5.0,81,63,ON
2026-03-15 18:13:46,36.54,40.0,ESTABILIZADO,5,5,4.67,5.0,81,67,ON
2026-03-15 18:13:48,37.0,40.0,ESTABILIZADO,5,5,4.67,5.0,81,60,ON
2026-03-15 18:13:50,36.97,40.0,ESTABILIZADO,5,5,5.33,5.0,81,65,ON
2026-03-15 18:13:52,37.07,40.0,ESTABILIZADO,5,5,6.0,5.0,81,62,ON
2026-03-15 18:13:54,37.13,40.0,ESTABILIZADO,5,5,4.67,5.0,81,63,ON
2026-03-15 18:13:56,37.05,40.0,ESTABILIZADO,5,5,6.67,5.0,80,63,ON
2026-03-15 18:13:58,37.07,40.0,ESTABILIZADO,5,5,5.33,5.0,80,63,ON
2026-03-15 18:14:00,37.18,40.0,ESTABILIZADO,5,5,4.0,5.0,80,62,ON
2026-03-15 18:14:02,36.97,40.0,ESTABILIZADO,5,5,4.0,5.0,80,65,ON
2026-03-15 18:14:04,37.1,40.0,ESTABILIZADO,5,5,5.33,5.0,80,62,ON
2026-03-15 18:14:06,37.02,40.0,ESTABILIZADO,5,5,4.0,5.0,80,65,ON
2026-03-15 18:14:08,37.07,40.0,ESTABILIZADO,5,5,6.67,5.0,80,63,ON
2026-03-15 18:14:10,37.07,40.0,ESTABILIZADO,5,5,5.33,5.0,80,64,ON
2026-03-15 18:14:12,37.2,40.0,ESTABILIZADO,5,5,6.0,5.0,80,62,ON
2026-03-15 18:14:14,37.0,40.0,ESTABILIZADO,5,5,3.33,5.0,81,65,ON
2026-03-15 18:14:16,37.07,40.0,ESTABILIZADO,5,5,4.67,5.0,81,63,ON
2026-03-15 18:14:18,37.2,40.0,ESTABILIZADO,5,5,4.67,5.0,81,63,ON
2026-03-15 18:14:20,37.02,40.0,ESTABILIZADO,5,5,4.0,5.0,81,65,ON
2026-03-15 18:14:22,37.3,40.0,ESTABILIZADO,5,5,5.33,5.0,81,62,ON
2026-03-15 18:14:24,37.2,40.0,ESTABILIZADO,5,5,5.33,5.0,81,65,ON
2026-03-15 18:14:26,37.35,40.0,ESTABILIZADO,5,5,4.67,5.0,81,62,ON
2026-03-15 18:14:28,37.28,40.0,ESTABILIZADO,5,5,5.33,5.0,80,65,ON
2026-03-15 18:14:30,37.28,40.0,ESTABILIZADO,5,5,5.33,5.0,80,63,ON
2026-03-15 18:14:32,37.05,40.0,ESTABILIZADO,5,5,4.67,5.0,80,66,ON
2026-03-15 18:14:34,37.07,40.0,ESTABILIZADO,5,5,4.67,5.0,80,64,ON
2026-03-15 18:14:36,37.2,40.0,ESTABILIZADO,5,5,4.0,5.0,81,64,ON
2026-03-15 18:14:38,37.0,40.0,ESTABILIZADO,5,5,4.67,5.0,81,66,ON
2026-03-15 18:14:40,37.33,40.0,ESTABILIZADO,5,5,5.33,5.0,81,62,ON
2026-03-15 18:14:42,37.33,40.0,ESTABILIZADO,5,5,4.67,5.0,81,65,ON
2026-03-15 18:14:44,37.35,40.0,ESTABILIZADO,5,5,5.33,5.0,81,63,ON
2026-03-15 18:14:46,37.25,40.0,ESTABILIZADO,5,5,5.33,5.0,81,65,ON
2026-03-15 18:14:48,37.28,40.0,ESTABILIZADO,5,5,4.67,5.0,81,64,ON
2026-03-15 18:14:50,37.35,40.0,ESTABILIZADO,5,5,4.67,5.0,81,64,ON
2026-03-15 18:14:52,37.18,40.0,ESTABILIZADO,5,5,5.33,5.0,81,66,ON
2026-03-15 18:14:54,37.28,40.0,ESTABILIZADO,5,5,5.33,5.0,80,64,ON
2026-03-15 18:14:56,37.3,40.0,ESTABILIZADO,5,5,6.0,5.0,80,65,ON
2026-03-15 18:14:58,37.23,40.0,ESTABILIZADO,5,5,4.0,5.0,81,65,ON
2026-03-15 18:15:00,37.18,40.0,ESTABILIZADO,5,5,6.0,5.0,81,65,ON
2026-03-15 18:15:02,37.28,40.0,ESTABILIZADO,5,5,4.67,5.0,81,64,ON
2026-03-15 18:15:04,37.3,40.0,ESTABILIZADO,5,5,4.67,5.0,80,65,ON
2026-03-15 18:15:06,37.35,40.0,ESTABILIZADO,5,5,4.67,5.0,81,64,ON
2026-03-15 18:15:08,37.28,40.0,ESTABILIZADO,5,5,4.67,5.0,81,66,ON
2026-03-15 18:15:10,37.2,40.0,ESTABILIZADO,5,5,6.0,5.0,81,66,ON
2026-03-15 18:15:12,37.35,40.0,ESTABILIZADO,5,5,4.67,5.0,81,64,ON
2026-03-15 18:15:14,37.33,40.0,ESTABILIZADO,5,5,4.67,5.0,81,66,ON
2026-03-15 18:15:16,37.25,40.0,ESTABILIZADO,5,5,4.0,5.0,81,66,ON
2026-03-15 18:15:18,37.18,40.0,ESTABILIZADO,5,5,5.33,5.0,80,66,ON
2026-03-15 18:15:20,37.3,40.0,ESTABILIZADO,5,5,6.0,5.0,80,65,ON
2026-03-15 18:15:22,37.41,40.0,ESTABILIZADO,5,5,4.0,5.0,80,65,ON
2026-03-15 18:15:24,37.35,40.0,ESTABILIZADO,5,5,4.0,5.0,81,66,ON
2026-03-15 18:15:26,37.33,40.0,ESTABILIZADO,5,5,4.67,5.0,80,65,ON
2026-03-15 18:15:28,37.48,40.0,ESTABILIZADO,5,5,4.67,5.0,80,64,ON
2026-03-15 18:15:30,37.28,40.0,ESTABILIZADO,5,5,6.0,5.0,80,67,ON
2026-03-15 18:15:32,37.33,40.0,ESTABILIZADO,5,5,4.67,5.0,81,65,ON
2026-03-15 18:15:34,37.35,40.0,ESTABILIZADO,5,5,5.33,5.0,81,66,ON
2026-03-15 18:15:36,37.38,40.0,ESTABILIZADO,5,5,6.0,5.0,80,65,ON
2026-03-15 18:15:38,37.35,40.0,ESTABILIZADO,5,5,5.33,5.0,81,66,ON
2026-03-15 18:15:40,37.38,40.0,ESTABILIZADO,5,5,4.67,5.0,81,66,ON
2026-03-15 18:15:42,37.3,40.0,ESTABILIZADO,5,5,7.33,5.0,80,67,ON
2026-03-15 18:15:44,37.56,40.0,ESTABILIZADO,5,5,4.0,5.0,81,64,ON
2026-03-15 18:15:46,37.38,40.0,ESTABILIZADO,5,5,4.67,5.0,81,68,ON
2026-03-15 18:15:48,37.35,40.0,ESTABILIZADO,5,5,4.0,5.0,81,66,ON
2026-03-15 18:15:50,37.41,40.0,ESTABILIZADO,5,5,6.67,5.0,80,66,ON
2026-03-15 18:15:52,37.43,40.0,ESTABILIZADO,5,5,5.33,5.0,80,66,ON
2026-03-15 18:15:54,37.2,40.0,ESTABILIZADO,5,5,4.0,5.0,81,68,ON
2026-03-15 18:15:56,37.41,40.0,ESTABILIZADO,5,5,6.0,5.0,80,65,ON
2026-03-15 18:15:58,37.33,40.0,ESTABILIZADO,5,5,4.67,5.0,81,68,ON
2026-03-15 18:16:00,37.35,40.0,ESTABILIZADO,5,5,4.67,5.0,81,66,ON
2026-03-15 18:16:02,37.48,40.0,ESTABILIZADO,5,5,4.67,5.0,81,66,ON
2026-03-15 18:16:04,37.35,40.0,ESTABILIZADO,5,5,4.67,5.0,81,67,ON
2026-03-15 18:16:06,37.35,40.0,ESTABILIZADO,5,5,6.0,5.0,80,66,ON
2026-03-15 18:16:08,37.41,40.0,ESTABILIZADO,5,5,4.0,5.0,81,67,ON
2026-03-15 18:16:10,37.51,40.0,ESTABILIZADO,5,5,5.33,5.0,81,66,ON
2026-03-15 18:16:12,37.35,40.0,ESTABILIZADO,5,5,4.67,5.0,81,68,ON
2026-03-15 18:16:14,37.38,40.0,ESTABILIZADO,5,5,4.0,5.0,81,66,ON
2026-03-15 18:16:16,37.48,40.0,ESTABILIZADO,5,5,5.33,5.0,81,66,ON
2026-03-15 18:16:18,37.35,40.0,ESTABILIZADO,5,5,5.33,5.0,81,68,ON
2026-03-15 18:16:20,37.66,40.0,ESTABILIZADO,5,5,4.0,5.0,81,64,ON
2026-03-15 18:16:22,37.38,40.0,ESTABILIZADO,5,5,5.33,5.0,81,69,ON
2026-03-15 18:16:24,37.35,40.0,ESTABILIZADO,5,5,6.0,5.0,81,67,ON
2026-03-15 18:16:26,37.38,40.0,ESTABILIZADO,5,5,4.0,5.0,81,68,ON
2026-03-15 18:16:28,37.43,40.0,ESTABILIZADO,5,5,5.33,5.0,81,67,ON
2026-03-15 18:16:30,37.61,40.0,ESTABILIZADO,5,5,5.33,5.0,81,66,ON
2026-03-15 18:16:32,37.82,40.0,ESTABILIZADO,5,5,4.0,5.0,81,65,ON
2026-03-15 18:16:34,37.48,40.0,ESTABILIZADO,5,5,6.67,5.0,81,69,ON
2026-03-15 18:16:36,37.69,40.0,ESTABILIZADO,5,5,5.33,5.0,81,65,ON
2026-03-15 18:16:38,37.38,40.0,ESTABILIZADO,5,5,7.33,5.0,81,70,ON
2026-03-15 18:16:40,37.38,40.0,ESTABILIZADO,5,5,4.67,5.0,81,67,ON
2026-03-15 18:16:42,37.66,40.0,ESTABILIZADO,5,5,4.67,5.0,80,66,ON
2026-03-15 18:16:44,37.58,40.0,ESTABILIZADO,5,5,6.0,5.0,80,68,ON
2026-03-15 18:16:46,37.71,40.0,ESTABILIZADO,5,5,4.0,5.0,81,66,ON
2026-03-15 18:16:48,37.38,40.0,ESTABILIZADO,5,5,4.0,5.0,81,70,ON
2026-03-15 18:16:50,37.58,40.0,ESTABILIZADO,5,5,4.67,5.0,81,66,ON
2026-03-15 18:16:52,37.61,40.0,ESTABILIZADO,5,5,5.33,5.0,81,68,ON
2026-03-15 18:16:54,37.66,40.0,ESTABILIZADO,5,5,5.33,5.0,81,67,ON
2026-03-15 18:16:56,37.69,40.0,ESTABILIZADO,5,5,5.33,5.0,80,67,ON
2026-03-15 18:16:58,37.64,40.0,ESTABILIZADO,5,5,5.33,5.0,80,68,ON
2026-03-15 18:17:00,37.48,40.0,ESTABILIZADO,5,5,6.0,5.0,80,69,ON
2026-03-15 18:17:02,37.84,40.0,ESTABILIZADO,5,5,4.0,5.0,81,65,ON
2026-03-15 18:17:04,37.53,40.0,ESTABILIZADO,5,5,6.0,5.0,81,70,ON
2026-03-15 18:17:06,37.69,40.0,ESTABILIZADO,5,5,4.0,5.0,81,66,ON
2026-03-15 18:17:08,37.82,40.0,ESTABILIZADO,5,5,5.33,5.0,81,67,ON
2026-03-15 18:17:10,37.69,40.0,ESTABILIZADO,5,5,6.0,5.0,81,68,ON
2026-03-15 18:17:12,37.87,40.0,ESTABILIZADO,5,5,6.0,5.0,81,66,ON
2026-03-15 18:17:14,37.64,40.0,ESTABILIZADO,5,5,4.67,5.0,81,70,ON
2026-03-15 18:17:16,37.71,40.0,ESTABILIZADO,5,5,6.0,5.0,81,67,ON
2026-03-15 18:17:18,37.74,40.0,ESTABILIZADO,5,5,4.67,5.0,81,68,ON
2026-03-15 18:17:20,37.74,40.0,ESTABILIZADO,5,5,5.33,5.0,81,68,ON
2026-03-15 18:17:22,37.76,40.0,ESTABILIZADO,5,5,4.67,5.0,81,68,ON
2026-03-15 18:17:24,37.38,40.0,ESTABILIZADO,5,5,4.0,5.0,81,71,ON
2026-03-15 18:17:26,37.71,40.0,ESTABILIZADO,5,5,5.33,5.0,81,66,ON
2026-03-15 18:17:28,37.71,40.0,ESTABILIZADO,5,5,4.0,5.0,81,69,ON
2026-03-15 18:17:30,37.69,40.0,ESTABILIZADO,5,5,5.33,5.0,80,68,ON
2026-03-15 18:17:32,37.74,40.0,ESTABILIZADO,5,5,5.33,5.0,81,68,ON
2026-03-15 18:17:34,37.69,40.0,ESTABILIZADO,5,5,5.33,5.0,81,69,ON
2026-03-15 18:17:36,37.89,40.0,ESTABILIZADO,5,5,5.33,5.0,80,67,ON
2026-03-15 18:17:38,37.74,40.0,ESTABILIZADO,5,5,4.67,5.0,81,70,ON
2026-03-15 18:17:40,37.84,40.0,ESTABILIZADO,5,5,6.0,5.0,81,67,ON
2026-03-15 18:17:42,37.74,40.0,ESTABILIZADO,5,5,4.0,5.0,81,69,ON
2026-03-15 18:17:44,37.74,40.0,ESTABILIZADO,5,5,4.67,5.0,81,68,ON
2026-03-15 18:17:46,37.89,40.0,ESTABILIZADO,5,5,4.67,5.0,81,68,ON
2026-03-15 18:17:48,37.48,40.0,ESTABILIZADO,5,5,5.33,5.0,81,72,ON
2026-03-15 18:17:50,37.84,40.0,ESTABILIZADO,5,5,5.33,5.0,81,66,ON
2026-03-15 18:17:52,37.92,40.0,ESTABILIZADO,5,5,4.67,5.0,81,69,ON
2026-03-15 18:17:54,37.69,40.0,ESTABILIZADO,5,5,4.0,5.0,81,70,ON
2026-03-15 18:17:56,38.0,40.0,ESTABILIZADO,5,5,5.33,5.0,81,66,ON
2026-03-15 18:17:58,37.84,40.0,ESTABILIZADO,5,5,6.0,5.0,81,70,ON
2026-03-15 18:18:00,38.0,40.0,ESTABILIZADO,5,5,5.33,5.0,81,66,ON
2026-03-15 18:18:02,38.0,40.0,ESTABILIZADO,5,5,4.0,5.0,81,69,ON
2026-03-15 18:18:04,37.94,40.0,ESTABILIZADO,5,5,4.0,5.0,81,68,ON
2026-03-15 18:18:06,38.05,40.0,ESTABILIZADO,5,5,6.67,5.0,81,68,ON
2026-03-15 18:18:08,37.97,40.0,ESTABILIZADO,5,5,4.67,5.0,81,69,ON
2026-03-15 18:18:10,37.94,40.0,ESTABILIZADO,5,5,6.0,5.0,81,68,ON
2026-03-15 18:18:12,38.07,40.0,ESTABILIZADO,5,5,4.67,5.0,81,67,ON
2026-03-15 18:18:14,37.84,40.0,ESTABILIZADO,5,5,4.67,5.0,81,70,ON
2026-03-15 18:18:16,38.0,40.0,ESTABILIZADO,5,5,4.0,5.0,81,67,ON
2026-03-15 18:18:18,38.0,40.0,ESTABILIZADO,5,5,4.67,5.0,81,69,ON
2026-03-15 18:18:20,38.05,40.0,ESTABILIZADO,5,5,4.67,5.0,81,68,ON
2026-03-15 18:18:22,38.05,40.0,ESTABILIZADO,5,5,4.0,5.0,81,69,ON
2026-03-15 18:18:24,37.94,40.0,ESTABILIZADO,5,5,6.0,5.0,81,69,ON
2026-03-15 18:18:26,38.05,40.0,ESTABILIZADO,5,5,5.33,5.0,81,68,ON
2026-03-15 18:18:28,38.15,40.0,ESTABILIZADO,5,5,6.0,5.0,81,68,ON
2026-03-15 18:18:30,37.94,40.0,ESTABILIZADO,5,5,4.0,5.0,81,70,ON
2026-03-15 18:18:32,38.18,40.0,ESTABILIZADO,5,5,6.0,5.0,81,67,ON
2026-03-15 18:18:34,38.02,40.0,ESTABILIZADO,5,5,5.33,5.0,81,70,ON
2026-03-15 18:18:36,38.0,40.0,ESTABILIZADO,5,5,5.33,5.0,81,68,ON
2026-03-15 18:18:38,38.1,40.0,ESTABILIZADO,5,5,4.0,5.0,81,68,ON
2026-03-15 18:18:40,38.13,40.0,ESTABILIZADO,5,5,5.33,5.0,80,68,ON
2026-03-15 18:18:42,38.05,40.0,ESTABILIZADO,5,5,5.33,5.0,80,69,ON
2026-03-15 18:18:44,38.18,40.0,ESTABILIZADO,5,5,5.33,5.0,80,68,ON
2026-03-15 18:18:46,38.02,40.0,ESTABILIZADO,5,5,4.67,5.0,80,70,ON
2026-03-15 18:18:48,38.13,40.0,ESTABILIZADO,5,5,4.67,5.0,80,68,ON
2026-03-15 18:18:50,38.02,40.0,ESTABILIZADO,5,5,4.0,5.0,81,70,ON
2026-03-15 18:18:52,38.02,40.0,ESTABILIZADO,5,5,4.67,5.0,81,69,ON
2026-03-15 18:18:54,38.18,40.0,ESTABILIZADO,5,5,4.0,5.0,81,68,ON
2026-03-15 18:18:56,38.02,40.0,ESTABILIZADO,5,5,4.67,5.0,81,70,ON
2026-03-15 18:18:58,38.1,40.0,ESTABILIZADO,5,5,5.33,5.0,81,68,ON
2026-03-15 18:19:00,38.18,40.0,ESTABILIZADO,5,5,6.67,5.0,81,69,ON
2026-03-15 18:19:02,38.1,40.0,ESTABILIZADO,5,5,5.33,5.0,81,70,ON
2026-03-15 18:19:04,38.02,40.0,ESTABILIZADO,5,5,4.67,5.0,81,70,ON
2026-03-15 18:19:06,38.05,40.0,ESTABILIZADO,5,5,4.67,5.0,81,69,ON
2026-03-15 18:19:08,38.18,40.0,ESTABILIZADO,5,5,5.33,5.0,81,69,ON
2026-03-15 18:19:10,38.18,40.0,ESTABILIZADO,5,5,4.67,5.0,80,69,ON
2026-03-15 18:19:12,38.18,40.0,ESTABILIZADO,5,5,5.33,5.0,80,69,ON
2026-03-15 18:19:14,38.1,40.0,ESTABILIZADO,5,5,5.33,5.0,80,70,ON
2026-03-15 18:19:16,38.1,40.0,ESTABILIZADO,5,5,5.33,5.0,81,69,ON
2026-03-15 18:19:18,38.18,40.0,ESTABILIZADO,5,5,4.0,5.0,81,69,ON
2026-03-15 18:19:20,38.18,40.0,ESTABILIZADO,5,5,4.67,5.0,81,69,ON
2026-03-15 18:19:22,38.23,40.0,ESTABILIZADO,5,5,4.67,5.0,81,69,ON
2026-03-15 18:19:24,38.18,40.0,ESTABILIZADO,5,5,4.67,5.0,80,70,ON
2026-03-15 18:19:26,38.13,40.0,ESTABILIZADO,5,5,4.67,5.0,80,70,ON
2026-03-15 18:19:28,38.18,40.0,ESTABILIZADO,5,5,4.67,5.0,80,69,ON
2026-03-15 18:19:30,38.13,40.0,ESTABILIZADO,5,5,4.0,5.0,80,70,ON
2026-03-15 18:19:32,38.18,40.0,ESTABILIZADO,5,5,6.0,5.0,80,69,ON
2026-03-15 18:19:34,38.13,40.0,ESTABILIZADO,5,5,5.33,5.0,80,70,ON
2026-03-15 18:19:36,38.05,40.0,ESTABILIZADO,5,5,4.67,5.0,80,70,ON
2026-03-15 18:19:38,38.15,40.0,ESTABILIZADO,5,5,4.0,5.0,81,69,ON
2026-03-15 18:19:40,38.1,40.0,ESTABILIZADO,5,5,5.33,5.0,81,71,ON
2026-03-15 18:19:42,37.84,40.0,ESTABILIZADO,5,5,4.67,5.0,81,72,ON
2026-03-15 18:19:44,38.0,40.0,ESTABILIZADO,5,5,6.0,5.0,80,70,ON
2026-03-15 18:19:46,38.18,40.0,ESTABILIZADO,5,5,4.67,5.0,81,70,ON
2026-03-15 18:19:48,38.05,40.0,ESTABILIZADO,5,5,4.0,5.0,81,71,ON
2026-03-15 18:19:50,38.1,40.0,ESTABILIZADO,5,5,4.67,5.0,80,70,ON
2026-03-15 18:19:52,38.13,40.0,ESTABILIZADO,5,5,5.33,5.0,80,71,ON
2026-03-15 18:19:54,38.15,40.0,ESTABILIZADO,5,5,4.67,5.0,80,70,ON
2026-03-15 18:19:56,37.92,40.0,ESTABILIZADO,5,5,4.67,5.0,80,72,ON
2026-03-15 18:19:58,38.18,40.0,ESTABILIZADO,5,5,4.67,5.0,81,69,ON
2026-03-15 18:20:00,38.02,40.0,ESTABILIZADO,5,5,4.67,5.0,81,73,ON
2026-03-15 18:20:02,38.15,40.0,ESTABILIZADO,5,5,6.0,5.0,80,69,ON
2026-03-15 18:20:04,38.0,40.0,ESTABILIZADO,5,5,4.67,5.0,81,73,ON
2026-03-15 18:20:06,38.1,40.0,ESTABILIZADO,5,5,5.33,5.0,81,70,ON
2026-03-15 18:20:08,38.18,40.0,ESTABILIZADO,5,5,6.67,5.0,81,71,ON
2026-03-15 18:20:10,38.1,40.0,ESTABILIZADO,5,5,5.33,5.0,81,71,ON
2026-03-15 18:20:12,38.15,40.0,ESTABILIZADO,5,5,4.67,5.0,81,70,ON
2026-03-15 18:20:14,38.18,40.0,ESTABILIZADO,5,5,4.67,5.0,81,71,ON
2026-03-15 18:20:16,38.18,40.0,ESTABILIZADO,5,5,4.0,5.0,81,71,ON
2026-03-15 18:20:18,38.05,40.0,ESTABILIZADO,5,5,4.67,5.0,81,72,ON
2026-03-15 18:20:20,38.23,40.0,ESTABILIZADO,5,5,6.0,5.0,81,70,ON
2026-03-15 18:20:22,38.23,40.0,ESTABILIZADO,5,5,6.0,5.0,81,71,ON
2026-03-15 18:20:24,38.2,40.0,ESTABILIZADO,5,5,6.0,5.0,81,71,ON
2026-03-15 18:20:26,38.31,40.0,ESTABILIZADO,5,5,4.67,5.0,81,70,ON
2026-03-15 18:20:28,38.18,40.0,ESTABILIZADO,5,5,5.33,5.0,81,72,ON
2026-03-15 18:20:30,38.18,40.0,ESTABILIZADO,5,5,4.67,5.0,81,71,ON
2026-03-15 18:20:32,38.18,40.0,ESTABILIZADO,5,5,6.0,5.0,81,71,ON
2026-03-15 18:20:34,38.26,40.0,ESTABILIZADO,5,5,5.33,5.0,81,70,ON
2026-03-15 18:20:36,38.31,40.0,ESTABILIZADO,5,5,5.33,5.0,81,71,ON
2026-03-15 18:20:38,38.26,40.0,ESTABILIZADO,5,5,5.33,5.0,81,71,ON
2026-03-15 18:20:40,38.23,40.0,ESTABILIZADO,5,5,4.67,5.0,81,71,ON
2026-03-15 18:20:42,38.26,40.0,ESTABILIZADO,5,5,4.67,5.0,81,71,ON
2026-03-15 18:20:44,38.15,40.0,ESTABILIZADO,5,5,4.0,5.0,81,72,ON
2026-03-15 18:20:46,38.44,40.0,ESTABILIZADO,5,5,4.67,5.0,81,69,ON
2026-03-15 18:20:48,38.41,40.0,ESTABILIZADO,5,5,4.67,5.0,81,72,ON
2026-03-15 18:20:50,38.36,40.0,ESTABILIZADO,5,5,4.67,5.0,81,71,ON
2026-03-15 18:20:52,38.18,40.0,ESTABILIZADO,5,5,5.33,5.0,81,73,ON
2026-03-15 18:20:54,38.1,40.0,ESTABILIZADO,5,5,5.33,5.0,81,72,ON
2026-03-15 18:20:56,38.18,40.0,ESTABILIZADO,5,5,4.0,5.0,81,71,ON
2026-03-15 18:20:58,38.15,40.0,ESTABILIZADO,5,5,6.0,5.0,81,72,ON
2026-03-15 18:21:00,38.36,40.0,ESTABILIZADO,5,5,4.67,5.0,81,70,ON
2026-03-15 18:21:02,38.33,40.0,ESTABILIZADO,5,5,5.33,5.0,81,72,ON
2026-03-15 18:21:04,38.15,40.0,ESTABILIZADO,5,5,4.67,5.0,81,73,ON
2026-03-15 18:21:06,38.2,40.0,ESTABILIZADO,5,5,5.33,5.0,81,71,ON
2026-03-15 18:21:08,38.31,40.0,ESTABILIZADO,5,5,5.33,5.0,81,71,ON
2026-03-15 18:21:10,38.18,40.0,ESTABILIZADO,5,5,4.67,5.0,81,73,ON
2026-03-15 18:21:12,38.26,40.0,ESTABILIZADO,5,5,5.33,5.0,80,71,ON
2026-03-15 18:21:14,38.44,40.0,ESTABILIZADO,5,5,4.67,5.0,81,71,ON
2026-03-15 18:21:16,38.41,40.0,ESTABILIZADO,5,5,4.67,5.0,81,72,ON
2026-03-15 18:21:18,38.33,40.0,ESTABILIZADO,5,5,4.67,5.0,81,72,ON
2026-03-15 18:21:20,38.46,40.0,ESTABILIZADO,5,5,4.67,5.0,81,71,ON
2026-03-15 18:21:22,38.33,40.0,ESTABILIZADO,5,5,4.0,5.0,81,73,ON
2026-03-15 18:21:24,38.44,40.0,ESTABILIZADO,5,5,5.33,5.0,80,70,ON
2026-03-15 18:21:26,38.31,40.0,ESTABILIZADO,5,5,4.67,5.0,81,73,ON
2026-03-15 18:21:28,38.44,40.0,ESTABILIZADO,5,5,6.0,5.0,81,70,ON
2026-03-15 18:21:30,38.33,40.0,ESTABILIZADO,5,5,6.67,5.0,80,73,ON
2026-03-15 18:21:32,38.26,40.0,ESTABILIZADO,5,5,4.67,5.0,81,72,ON
2026-03-15 18:21:34,38.31,40.0,ESTABILIZADO,5,5,5.33,5.0,81,72,ON
2026-03-15 18:21:36,38.46,40.0,ESTABILIZADO,5,5,5.33,5.0,80,71,ON
2026-03-15 18:21:38,38.31,40.0,ESTABILIZADO,5,5,4.67,5.0,80,73,ON
2026-03-15 18:21:40,38.31,40.0,ESTABILIZADO,5,5,4.67,5.0,80,72,ON
2026-03-15 18:21:42,38.52,40.0,ESTABILIZADO,5,5,5.33,5.0,81,71,ON
2026-03-15 18:21:44,38.15,40.0,ESTABILIZADO,5,5,5.33,5.0,81,75,ON
2026-03-15 18:21:46,38.41,40.0,ESTABILIZADO,5,5,4.67,5.0,81,70,ON
2026-03-15 18:21:48,38.41,40.0,ESTABILIZADO,5,5,5.33,5.0,81,73,ON
2026-03-15 18:21:50,38.18,40.0,ESTABILIZADO,5,5,5.33,5.0,80,74,ON
2026-03-15 18:21:52,38.36,40.0,ESTABILIZADO,5,5,4.0,5.0,80,71,ON
2026-03-15 18:21:54,38.23,40.0,ESTABILIZADO,5,5,4.0,5.0,81,74,ON
2026-03-15 18:21:56,38.36,40.0,ESTABILIZADO,5,5,4.0,5.0,81,71,ON
2026-03-15 18:21:58,38.36,40.0,ESTABILIZADO,5,5,4.67,5.0,81,73,ON
2026-03-15 18:22:00,38.31,40.0,ESTABILIZADO,5,5,4.67,5.0,81,73,ON
2026-03-15 18:22:02,38.59,40.0,ESTABILIZADO,5,5,4.67,5.0,81,70,ON
2026-03-15 18:22:04,38.2,40.0,ESTABILIZADO,5,5,4.67,5.0,81,76,ON
2026-03-15 18:22:06,38.31,40.0,ESTABILIZADO,5,5,5.33,5.0,81,71,ON
2026-03-15 18:22:08,38.46,40.0,ESTABILIZADO,5,5,4.0,5.0,81,72,ON
2026-03-15 18:22:10,38.31,40.0,ESTABILIZADO,5,5,4.67,5.0,81,74,ON
2026-03-15 18:22:12,38.44,40.0,ESTABILIZADO,5,5,4.67,5.0,81,72,ON
2026-03-15 18:22:14,38.33,40.0,ESTABILIZADO,5,5,4.67,5.0,81,74,ON
2026-03-15 18:22:16,38.46,40.0,ESTABILIZADO,5,5,4.67,5.0,81,71,ON
2026-03-15 18:22:18,38.36,40.0,ESTABILIZADO,5,5,6.67,5.0,81,74,ON
2026-03-15 18:22:20,38.33,40.0,ESTABILIZADO,5,5,5.33,5.0,81,73,ON
2026-03-15 18:22:22,38.52,40.0,ESTABILIZADO,5,5,7.33,5.0,80,72,ON
2026-03-15 18:22:24,38.52,40.0,ESTABILIZADO,5,5,5.33,5.0,80,73,ON
2026-03-15 18:22:26,38.44,40.0,ESTABILIZADO,5,5,6.0,5.0,80,73,ON
2026-03-15 18:22:28,38.41,40.0,ESTABILIZADO,5,5,4.67,5.0,81,73,ON
2026-03-15 18:22:30,38.18,40.0,ESTABILIZADO,5,5,6.0,5.0,81,75,ON
2026-03-15 18:22:32,38.46,40.0,ESTABILIZADO,5,5,6.67,5.0,80,71,ON
2026-03-15 18:22:34,38.41,40.0,ESTABILIZADO,5,5,6.0,5.0,80,74,ON
2026-03-15 18:22:36,38.33,40.0,ESTABILIZADO,5,5,4.67,5.0,81,73,ON
2026-03-15 18:22:38,38.41,40.0,ESTABILIZADO,5,5,4.67,5.0,81,73,ON
2026-03-15 18:22:40,38.54,40.0,ESTABILIZADO,5,5,5.33,5.0,81,72,ON
2026-03-15 18:22:42,38.52,40.0,ESTABILIZADO,5,5,4.67,5.0,81,73,ON
2026-03-15 18:22:44,38.46,40.0,ESTABILIZADO,5,5,6.0,5.0,80,73,ON
2026-03-15 18:22:46,38.44,40.0,ESTABILIZADO,5,5,4.0,5.0,81,73,ON
2026-03-15 18:22:48,38.31,40.0,ESTABILIZADO,5,5,6.0,5.0,80,74,ON
2026-03-15 18:22:50,38.57,40.0,ESTABILIZADO,5,5,4.67,5.0,81,71,ON
2026-03-15 18:22:52,38.41,40.0,ESTABILIZADO,5,5,5.33,5.0,80,75,ON
2026-03-15 18:22:54,38.44,40.0,ESTABILIZADO,5,5,5.33,5.0,80,73,ON
2026-03-15 18:22:56,38.52,40.0,ESTABILIZADO,5,5,6.0,5.0,80,73,ON
2026-03-15 18:22:58,38.46,40.0,ESTABILIZADO,5,5,4.0,5.0,81,74,ON
2026-03-15 18:23:00,38.41,40.0,ESTABILIZADO,5,5,4.67,5.0,81,74,ON
2026-03-15 18:23:02,38.46,40.0,ESTABILIZADO,5,5,4.67,5.0,81,73,ON
2026-03-15 18:23:04,38.52,40.0,ESTABILIZADO,5,5,6.0,5.0,80,73,ON
2026-03-15 18:23:06,38.41,40.0,ESTABILIZADO,5,5,5.33,5.0,80,74,ON
2026-03-15 18:23:08,38.54,40.0,ESTABILIZADO,5,5,5.33,5.0,80,72,ON
2026-03-15 18:23:10,38.41,40.0,ESTABILIZADO,5,5,6.0,5.0,80,75,ON
2026-03-15 18:23:12,38.62,40.0,ESTABILIZADO,5,5,4.0,5.0,81,72,ON
2026-03-15 18:23:14,38.46,40.0,ESTABILIZADO,5,5,5.33,5.0,80,75,ON
2026-03-15 18:23:16,38.52,40.0,ESTABILIZADO,5,5,4.0,5.0,81,73,ON
2026-03-15 18:23:18,38.52,40.0,ESTABILIZADO,5,5,4.0,5.0,81,74,ON
2026-03-15 18:23:20,38.59,40.0,ESTABILIZADO,5,5,6.0,5.0,81,73,ON
2026-03-15 18:23:22,38.62,40.0,ESTABILIZADO,5,5,4.67,5.0,81,73,ON
2026-03-15 18:23:24,38.59,40.0,ESTABILIZADO,5,5,5.33,5.0,81,73,ON
2026-03-15 18:23:26,38.57,40.0,ESTABILIZADO,5,5,4.67,5.0,81,74,ON
2026-03-15 18:23:28,38.59,40.0,ESTABILIZADO,5,5,4.67,5.0,81,73,ON
2026-03-15 18:23:30,38.59,40.0,ESTABILIZADO,5,5,5.33,5.0,81,74,ON
2026-03-15 18:23:32,38.59,40.0,ESTABILIZADO,5,5,6.0,5.0,81,73,ON
2026-03-15 18:23:34,38.41,40.0,ESTABILIZADO,5,5,5.33,5.0,81,75,ON
2026-03-15 18:23:36,38.52,40.0,ESTABILIZADO,5,5,6.0,5.0,81,73,ON
2026-03-15 18:23:38,38.57,40.0,ESTABILIZADO,5,5,4.0,5.0,81,74,ON
2026-03-15 18:23:40,38.72,40.0,ESTABILIZADO,5,5,4.0,5.0,81,72,ON
2026-03-15 18:23:42,38.62,40.0,ESTABILIZADO,5,5,4.67,5.0,81,74,ON
2026-03-15 18:23:44,38.59,40.0,ESTABILIZADO,5,5,6.0,5.0,81,73,ON
2026-03-15 18:23:46,38.67,40.0,ESTABILIZADO,5,5,4.0,5.0,81,73,ON
2026-03-15 18:23:48,38.72,40.0,ESTABILIZADO,5,5,4.67,5.0,81,73,ON
2026-03-15 18:23:50,38.67,40.0,ESTABILIZADO,5,5,5.33,5.0,81,74,ON
2026-03-15 18:23:52,38.57,40.0,ESTABILIZADO,5,5,4.0,5.0,81,74,ON
2026-03-15 18:23:54,38.65,40.0,ESTABILIZADO,5,5,5.33,5.0,81,73,ON
2026-03-15 18:23:56,38.62,40.0,ESTABILIZADO,5,5,4.0,5.0,81,74,ON
2026-03-15 18:23:58,38.72,40.0,ESTABILIZADO,5,5,4.67,5.0,81,73,ON
2026-03-15 18:24:00,38.65,40.0,ESTABILIZADO,5,5,6.0,5.0,81,75,ON
2026-03-15 18:24:02,38.59,40.0,ESTABILIZADO,5,5,6.0,5.0,81,74,ON
2026-03-15 18:24:04,38.86,40.0,ESTABILIZADO,5,5,4.67,5.0,81,72,ON
2026-03-15 18:24:06,38.59,40.0,ESTABILIZADO,5,5,4.67,5.0,81,76,ON
2026-03-15 18:24:08,38.65,40.0,ESTABILIZADO,5,5,6.0,5.0,81,73,ON
2026-03-15 18:24:10,38.86,40.0,ESTABILIZADO,5,5,7.33,5.0,80,73,ON
2026-03-15 18:24:12,38.59,40.0,ESTABILIZADO,5,5,4.0,5.0,81,76,ON
2026-03-15 18:24:14,38.86,40.0,ESTABILIZADO,5,5,4.0,5.0,81,71,ON
2026-03-15 18:24:16,38.41,40.0,ESTABILIZADO,5,5,4.67,5.0,81,78,ON
2026-03-15 18:24:18,38.72,40.0,ESTABILIZADO,5,5,4.67,5.0,81,71,ON
2026-03-15 18:24:20,38.62,40.0,ESTABILIZADO,5,5,6.0,5.0,81,76,ON
2026-03-15 18:24:22,38.72,40.0,ESTABILIZADO,5,5,5.33,5.0,80,73,ON
2026-03-15 18:24:24,38.72,40.0,ESTABILIZADO,5,5,4.67,5.0,81,75,ON
2026-03-15 18:24:26,38.65,40.0,ESTABILIZADO,5,5,4.67,5.0,81,74,ON
2026-03-15 18:24:28,38.72,40.0,ESTABILIZADO,5,5,5.33,5.0,81,74,ON
2026-03-15 18:24:30,38.62,40.0,ESTABILIZADO,5,5,4.67,5.0,80,75,ON
2026-03-15 18:24:32,38.91,40.0,ESTABILIZADO,5,5,5.33,5.0,80,72,ON
2026-03-15 18:24:34,38.65,40.0,ESTABILIZADO,5,5,4.67,5.0,80,76,ON
2026-03-15 18:24:36,38.59,40.0,ESTABILIZADO,5,5,4.0,5.0,80,74,ON
2026-03-15 18:24:38,38.86,40.0,ESTABILIZADO,5,5,5.33,5.0,80,73,ON
2026-03-15 18:24:40,38.65,40.0,ESTABILIZADO,5,5,4.0,5.0,81,76,ON
2026-03-15 18:24:42,38.83,40.0,ESTABILIZADO,5,5,4.0,5.0,81,72,ON
2026-03-15 18:24:44,38.88,40.0,ESTABILIZADO,5,5,4.67,5.0,81,74,ON
2026-03-15 18:24:46,38.93,40.0,ESTABILIZADO,5,5,5.33,5.0,81,73,ON
2026-03-15 18:24:48,38.65,40.0,ESTABILIZADO,5,5,5.33,5.0,81,76,ON
2026-03-15 18:24:50,38.59,40.0,ESTABILIZADO,5,5,4.0,5.0,81,74,ON
2026-03-15 18:24:52,38.99,40.0,ESTABILIZADO,5,5,5.33,5.0,81,72,ON
2026-03-15 18:24:54,38.72,40.0,ESTABILIZADO,5,5,5.33,5.0,81,76,ON
2026-03-15 18:24:56,38.88,40.0,ESTABILIZADO,5,5,4.67,5.0,81,72,ON
2026-03-15 18:24:58,38.78,40.0,ESTABILIZADO,5,5,4.0,5.0,81,76,ON
2026-03-15 18:25:00,38.83,40.0,ESTABILIZADO,5,5,4.67,5.0,81,73,ON
2026-03-15 18:25:02,38.93,40.0,ESTABILIZADO,5,5,5.33,5.0,81,74,ON
2026-03-15 18:25:04,38.65,40.0,ESTABILIZADO,5,5,6.0,5.0,81,76,ON
2026-03-15 18:25:06,38.8,40.0,ESTABILIZADO,5,5,4.67,5.0,81,73,ON
2026-03-15 18:25:08,38.91,40.0,ESTABILIZADO,5,5,4.0,5.0,81,74,ON
2026-03-15 18:25:10,38.75,40.0,ESTABILIZADO,5,5,4.0,5.0,81,75,ON
2026-03-15 18:25:12,38.83,40.0,ESTABILIZADO,5,5,5.33,5.0,81,74,ON
2026-03-15 18:25:14,38.7,40.0,ESTABILIZADO,5,5,4.67,5.0,81,76,ON
2026-03-15 18:25:16,38.96,40.0,ESTABILIZADO,5,5,6.0,5.0,81,72,ON
2026-03-15 18:25:18,38.78,40.0,ESTABILIZADO,5,5,5.33,5.0,81,76,ON
2026-03-15 18:25:20,38.88,40.0,ESTABILIZADO,5,5,4.67,5.0,81,73,ON
2026-03-15 18:25:22,38.93,40.0,ESTABILIZADO,5,5,4.0,5.0,81,75,ON
2026-03-15 18:25:24,38.83,40.0,ESTABILIZADO,5,5,5.33,5.0,81,75,ON
2026-03-15 18:25:26,38.83,40.0,ESTABILIZADO,5,5,4.67,5.0,81,74,ON
2026-03-15 18:25:28,38.91,40.0,ESTABILIZADO,5,5,5.33,5.0,81,74,ON
2026-03-15 18:25:30,38.65,40.0,ESTABILIZADO,5,5,6.0,5.0,81,77,ON
2026-03-15 18:25:32,38.88,40.0,ESTABILIZADO,5,5,4.67,5.0,81,73,ON
2026-03-15 18:25:34,38.88,40.0,ESTABILIZADO,5,5,4.67,5.0,81,75,ON
2026-03-15 18:25:36,38.96,40.0,ESTABILIZADO,5,5,4.0,5.0,81,73,ON
2026-03-15 18:25:38,38.93,40.0,ESTABILIZADO,5,5,5.33,5.0,80,75,ON
2026-03-15 18:25:40,38.93,40.0,ESTABILIZADO,5,5,4.0,5.0,80,74,ON
2026-03-15 18:25:42,38.88,40.0,ESTABILIZADO,5,5,4.67,5.0,80,75,ON
2026-03-15 18:25:44,38.62,40.0,ESTABILIZADO,5,5,4.67,5.0,80,77,ON
2026-03-15 18:25:46,38.72,40.0,ESTABILIZADO,5,5,4.67,5.0,81,74,ON
2026-03-15 18:25:48,38.83,40.0,ESTABILIZADO,5,5,6.0,5.0,80,75,ON
2026-03-15 18:25:50,38.72,40.0,ESTABILIZADO,5,5,4.0,5.0,81,76,ON
2026-03-15 18:25:52,38.83,40.0,ESTABILIZADO,5,5,4.67,5.0,81,74,ON
2026-03-15 18:25:54,38.91,40.0,ESTABILIZADO,5,5,5.33,5.0,81,75,ON
2026-03-15 18:25:56,39.01,40.0,ESTABILIZADO,5,5,6.0,5.0,80,74,ON
2026-03-15 18:25:58,38.88,40.0,ESTABILIZADO,5,5,5.33,5.0,80,76,ON
2026-03-15 18:26:00,38.75,40.0,ESTABILIZADO,5,5,4.0,5.0,80,76,ON
2026-03-15 18:26:02,38.86,40.0,ESTABILIZADO,5,5,6.0,5.0,80,74,ON
2026-03-15 18:26:04,38.96,40.0,ESTABILIZADO,5,5,5.33,5.0,80,74,ON
2026-03-15 18:26:06,38.88,40.0,ESTABILIZADO,5,5,4.67,5.0,80,75,ON
2026-03-15 18:26:08,38.93,40.0,ESTABILIZADO,5,5,4.0,5.0,81,74,ON
2026-03-15 18:26:10,38.88,40.0,ESTABILIZADO,5,5,5.33,5.0,81,76,ON
2026-03-15 18:26:12,39.01,40.0,ESTABILIZADO,5,5,5.33,5.0,81,74,ON
2026-03-15 18:26:14,38.72,40.0,ESTABILIZADO,5,5,5.33,5.0,81,77,ON
2026-03-15 18:26:16,38.7,40.0,ESTABILIZADO,5,5,6.67,5.0,80,75,ON
2026-03-15 18:26:18,38.75,40.0,ESTABILIZADO,5,5,6.0,5.0,80,76,ON
2026-03-15 18:26:20,38.83,40.0,ESTABILIZADO,5,5,4.67,5.0,81,75,ON
2026-03-15 18:26:22,38.83,40.0,ESTABILIZADO,5,5,4.0,5.0,81,76,ON
2026-03-15 18:26:24,38.62,40.0,ESTABILIZADO,5,5,5.33,5.0,81,77,ON
2026-03-15 18:26:26,38.99,40.0,ESTABILIZADO,5,5,5.33,5.0,81,73,ON
2026-03-15 18:26:28,39.01,40.0,ESTABILIZADO,5,5,5.33,5.0,81,76,ON
2026-03-15 18:26:30,38.83,40.0,ESTABILIZADO,5,5,4.0,5.0,81,76,ON
2026-03-15 18:26:32,38.91,40.0,ESTABILIZADO,5,5,5.33,5.0,80,75,ON
2026-03-15 18:26:34,38.88,40.0,ESTABILIZADO,5,5,4.67,5.0,81,76,ON
2026-03-15 18:26:36,39.01,40.0,ESTABILIZADO,5,5,5.33,5.0,81,74,ON
2026-03-15 18:26:38,39.04,40.0,ESTABILIZADO,5,5,4.0,5.0,81,75,ON
2026-03-15 18:26:40,39.04,40.0,ESTABILIZADO,5,5,5.33,5.0,81,75,ON
2026-03-15 18:26:42,39.01,40.0,ESTABILIZADO,5,5,4.0,5.0,81,75,ON
2026-03-15 18:26:44,38.83,40.0,ESTABILIZADO,5,5,4.0,5.0,81,77,ON
2026-03-15 18:26:46,38.91,40.0,ESTABILIZADO,5,5,4.67,5.0,81,75,ON
2026-03-15 18:26:48,38.93,40.0,ESTABILIZADO,5,5,6.0,5.0,81,76,ON
2026-03-15 18:26:50,38.83,40.0,ESTABILIZADO,5,5,5.33,5.0,80,76,ON
2026-03-15 18:26:52,38.93,40.0,ESTABILIZADO,5,5,4.67,5.0,81,75,ON
2026-03-15 18:26:54,39.01,40.0,ESTABILIZADO,5,5,4.0,5.0,81,75,ON
2026-03-15 18:26:56,38.93,40.0,ESTABILIZADO,5,5,4.67,5.0,80,76,ON
2026-03-15 18:26:58,38.67,40.0,ESTABILIZADO,5,5,5.33,5.0,80,78,ON
2026-03-15 18:27:00,38.75,40.0,ESTABILIZADO,5,5,5.33,5.0,80,75,ON
2026-03-15 18:27:02,38.99,40.0,ESTABILIZADO,5,5,4.67,5.0,80,75,ON
2026-03-15 18:27:04,38.86,40.0,ESTABILIZADO,5,5,5.33,5.0,80,77,ON
2026-03-15 18:27:06,38.93,40.0,ESTABILIZADO,5,5,4.0,5.0,81,75,ON
2026-03-15 18:27:08,38.93,40.0,ESTABILIZADO,5,5,4.67,5.0,81,76,ON
2026-03-15 18:27:10,38.72,40.0,ESTABILIZADO,5,5,5.33,5.0,81,77,ON
2026-03-15 18:27:12,38.7,40.0,ESTABILIZADO,5,5,4.67,5.0,81,76,ON
2026-03-15 18:27:14,38.83,40.0,ESTABILIZADO,5,5,4.67,5.0,81,76,ON
2026-03-15 18:27:16,38.78,40.0,ESTABILIZADO,5,5,4.67,5.0,81,77,ON
2026-03-15 18:27:18,38.93,40.0,ESTABILIZADO,5,5,6.0,5.0,80,75,ON
2026-03-15 18:27:20,39.01,40.0,ESTABILIZADO,5,5,4.0,5.0,81,76,ON
2026-03-15 18:27:22,39.04,40.0,ESTABILIZADO,5,5,4.0,5.0,81,75,ON
2026-03-15 18:27:24,38.75,40.0,ESTABILIZADO,5,5,4.67,5.0,81,78,ON
2026-03-15 18:27:26,38.57,40.0,ESTABILIZADO,5,5,6.67,5.0,80,78,ON
2026-03-15 18:27:28,38.91,40.0,ESTABILIZADO,5,5,4.67,5.0,81,75,ON
2026-03-15 18:27:30,38.99,40.0,ESTABILIZADO,5,5,4.0,5.0,81,76,ON
2026-03-15 18:27:32,39.01,40.0,ESTABILIZADO,5,5,5.33,5.0,81,75,ON
2026-03-15 18:27:34,38.72,40.0,ESTABILIZADO,5,5,6.67,5.0,81,78,ON
2026-03-15 18:27:36,38.75,40.0,ESTABILIZADO,5,5,5.33,5.0,81,76,ON
2026-03-15 18:27:38,38.75,40.0,ESTABILIZADO,5,5,6.67,5.0,80,77,ON
2026-03-15 18:27:40,39.01,40.0,ESTABILIZADO,5,5,6.67,5.0,80,75,ON
2026-03-15 18:27:42,38.86,40.0,ESTABILIZADO,5,5,4.67,5.0,80,78,ON
2026-03-15 18:27:44,39.01,40.0,ESTABILIZADO,5,5,4.67,5.0,80,75,ON
2026-03-15 18:27:46,39.01,40.0,ESTABILIZADO,5,5,5.33,5.0,80,77,ON
2026-03-15 18:27:48,39.04,40.0,ESTABILIZADO,5,5,5.33,5.0,80,75,ON
2026-03-15 18:27:50,38.99,40.0,ESTABILIZADO,5,5,6.0,5.0,80,77,ON
2026-03-15 18:27:52,38.99,40.0,ESTABILIZADO,5,5,4.67,5.0,81,76,ON
2026-03-15 18:27:54,39.01,40.0,ESTABILIZADO,5,5,4.0,5.0,81,76,ON
2026-03-15 18:27:56,39.04,40.0,ESTABILIZADO,5,5,5.33,5.0,81,76,ON
2026-03-15 18:27:58,39.01,40.0,ESTABILIZADO,5,5,6.0,5.0,80,76,ON
2026-03-15 18:28:00,38.96,40.0,ESTABILIZADO,5,5,5.33,5.0,81,77,ON
2026-03-15 18:28:02,39.04,40.0,ESTABILIZADO,5,5,4.67,5.0,81,76,ON
2026-03-15 18:28:04,39.01,40.0,ESTABILIZADO,5,5,4.67,5.0,81,77,ON
2026-03-15 18:28:06,38.83,40.0,ESTABILIZADO,5,5,5.33,5.0,80,78,ON
2026-03-15 18:28:08,39.14,40.0,ESTABILIZADO,5,5,6.0,5.0,80,74,ON
2026-03-15 18:28:10,38.93,40.0,ESTABILIZADO,5,5,4.67,5.0,80,78,ON
2026-03-15 18:28:12,38.99,40.0,ESTABILIZADO,5,5,4.0,5.0,80,75,ON
2026-03-15 18:28:14,39.01,40.0,ESTABILIZADO,5,5,5.33,5.0,80,77,ON
2026-03-15 18:28:16,38.88,40.0,ESTABILIZADO,5,5,4.67,5.0,80,77,ON
2026-03-15 18:28:18,39.07,40.0,ESTABILIZADO,5,5,7.33,5.0,80,75,ON
2026-03-15 18:28:20,39.25,40.0,ESTABILIZADO,5,5,6.0,5.0,80,75,ON
2026-03-15 18:28:22,39.07,40.0,ESTABILIZADO,5,5,4.67,5.0,80,77,ON
2026-03-15 18:28:24,39.17,40.0,ESTABILIZADO,5,5,4.0,5.0,81,75,ON
2026-03-15 18:28:26,39.01,40.0,ESTABILIZADO,5,5,4.67,5.0,81,78,ON
2026-03-15 18:28:28,39.01,40.0,ESTABILIZADO,5,5,4.67,5.0,81,76,ON
2026-03-15 18:28:30,39.09,40.0,ESTABILIZADO,5,5,4.0,5.0,81,76,ON
2026-03-15 18:28:32,39.38,40.0,ESTABILIZADO,5,5,6.0,5.0,81,74,ON
2026-03-15 18:28:34,39.09,40.0,ESTABILIZADO,5,5,4.67,5.0,81,78,ON
2026-03-15 18:28:36,39.09,40.0,ESTABILIZADO,5,5,4.67,5.0,81,75,ON
2026-03-15 18:28:38,38.88,40.0,ESTABILIZADO,5,5,4.67,5.0,81,79,ON
2026-03-15 18:28:40,39.2,40.0,ESTABILIZADO,5,5,4.67,5.0,81,74,ON
2026-03-15 18:28:42,39.01,40.0,ESTABILIZADO,5,5,5.33,5.0,81,79,ON
2026-03-15 18:28:44,39.04,40.0,ESTABILIZADO,5,5,5.33,5.0,81,76,ON
2026-03-15 18:28:46,39.07,40.0,ESTABILIZADO,5,5,5.33,5.0,81,77,ON
2026-03-15 18:28:48,38.96,40.0,ESTABILIZADO,5,5,4.0,5.0,81,77,ON
2026-03-15 18:28:50,38.99,40.0,ESTABILIZADO,5,5,4.67,5.0,81,77,ON
2026-03-15 18:28:52,39.01,40.0,ESTABILIZADO,5,5,6.67,5.0,80,77,ON
2026-03-15 18:28:54,38.96,40.0,ESTABILIZADO,5,5,4.0,5.0,81,77,ON
2026-03-15 18:28:56,39.12,40.0,ESTABILIZADO,5,5,4.0,5.0,81,76,ON
2026-03-15 18:28:58,39.09,40.0,ESTABILIZADO,5,5,4.67,5.0,81,77,ON
2026-03-15 18:29:00,38.99,40.0,ESTABILIZADO,5,5,4.67,5.0,80,77,ON
2026-03-15 18:29:02,39.01,40.0,ESTABILIZADO,5,5,5.33,5.0,80,77,ON
2026-03-15 18:29:04,38.99,40.0,ESTABILIZADO,5,5,5.33,5.0,81,77,ON
2026-03-15 18:29:06,39.01,40.0,ESTABILIZADO,5,5,6.0,5.0,81,77,ON
2026-03-15 18:29:08,39.01,40.0,ESTABILIZADO,5,5,4.67,5.0,81,77,ON
2026-03-15 18:29:10,39.01,40.0,ESTABILIZADO,5,5,4.67,5.0,81,77,ON
2026-03-15 18:29:12,38.99,40.0,ESTABILIZADO,5,5,4.67,5.0,81,77,ON
2026-03-15 18:29:14,39.01,40.0,ESTABILIZADO,5,5,5.33,5.0,80,77,ON
2026-03-15 18:29:16,39.01,40.0,ESTABILIZADO,5,5,4.67,5.0,80,77,ON
2026-03-15 18:29:18,38.99,40.0,ESTABILIZADO,5,5,4.67,5.0,80,77,ON
2026-03-15 18:29:20,39.01,40.0,ESTABILIZADO,5,5,4.0,5.0,81,77,ON
2026-03-15 18:29:22,38.99,40.0,ESTABILIZADO,5,5,6.0,5.0,80,78,ON
2026-03-15 18:29:24,38.93,40.0,ESTABILIZADO,5,5,4.0,5.0,81,78,ON
2026-03-15 18:29:26,39.04,40.0,ESTABILIZADO,5,5,4.67,5.0,81,77,ON
2026-03-15 18:29:28,39.04,40.0,ESTABILIZADO,5,5,6.0,5.0,80,78,ON
2026-03-15 18:29:30,38.96,40.0,ESTABILIZADO,5,5,5.33,5.0,80,78,ON
2026-03-15 18:29:32,39.07,40.0,ESTABILIZADO,5,5,6.0,5.0,80,77,ON
2026-03-15 18:29:34,39.04,40.0,ESTABILIZADO,5,5,5.33,5.0,81,78,ON
2026-03-15 18:29:36,39.14,40.0,ESTABILIZADO,5,5,6.0,5.0,81,76,ON
2026-03-15 18:29:38,39.01,40.0,ESTABILIZADO,5,5,4.67,5.0,81,78,ON
2026-03-15 18:29:40,38.99,40.0,ESTABILIZADO,5,5,5.33,5.0,80,77,ON
2026-03-15 18:29:42,39.07,40.0,ESTABILIZADO,5,5,4.67,5.0,81,77,ON
2026-03-15 18:29:44,38.88,40.0,ESTABILIZADO,5,5,6.67,5.0,80,79,ON
2026-03-15 18:29:46,38.96,40.0,ESTABILIZADO,5,5,4.0,5.0,81,77,ON
2026-03-15 18:29:48,39.01,40.0,ESTABILIZADO,5,5,4.67,5.0,81,78,ON
2026-03-15 18:29:50,39.2,40.0,ESTABILIZADO,5,5,4.0,5.0,81,76,ON
2026-03-15 18:29:52,38.83,40.0,ESTABILIZADO,5,5,4.67,5.0,81,81,ON
2026-03-15 18:29:54,39.01,40.0,ESTABILIZADO,5,5,4.67,5.0,81,76,ON
2026-03-15 18:29:56,38.96,40.0,ESTABILIZADO,5,5,4.67,5.0,81,79,ON
2026-03-15 18:29:58,39.04,40.0,ESTABILIZADO,5,5,5.33,5.0,81,77,ON
2026-03-15 18:30:00,39.14,40.0,ESTABILIZADO,5,5,6.0,5.0,81,77,ON
2026-03-15 18:30:02,39.14,40.0,ESTABILIZADO,5,5,4.0,5.0,81,77,ON
2026-03-15 18:30:04,39.01,40.0,ESTABILIZADO,5,5,5.33,5.0,81,78,ON
2026-03-15 18:30:06,39.25,40.0,ESTABILIZADO,5,5,4.0,5.0,81,76,ON
2026-03-15 18:30:08,39.01,40.0,ESTABILIZADO,5,5,6.0,5.0,81,80,ON
2026-03-15 18:30:10,39.07,40.0,ESTABILIZADO,5,5,4.67,5.0,81,77,ON
2026-03-15 18:30:12,39.01,40.0,ESTABILIZADO,5,5,5.33,5.0,81,79,ON
2026-03-15 18:30:14,38.99,40.0,ESTABILIZADO,5,5,6.0,5.0,81,78,ON
2026-03-15 18:30:16,39.01,40.0,ESTABILIZADO,5,5,6.0,5.0,80,78,ON
2026-03-15 18:30:18,38.93,40.0,ESTABILIZADO,5,5,4.67,5.0,81,79,ON
2026-03-15 18:30:20,39.04,40.0,ESTABILIZADO,5,5,4.0,5.0,81,77,ON
2026-03-15 18:30:22,38.99,40.0,ESTABILIZADO,5,5,5.33,5.0,80,79,ON
2026-03-15 18:30:24,39.01,40.0,ESTABILIZADO,5,5,5.33,5.0,80,78,ON
2026-03-15 18:30:26,39.01,40.0,ESTABILIZADO,5,5,4.67,5.0,80,78,ON
2026-03-15 18:30:28,38.96,40.0,ESTABILIZADO,5,5,4.67,5.0,80,79,ON
2026-03-15 18:30:30,39.01,40.0,ESTABILIZADO,5,5,4.0,5.0,81,78,ON
2026-03-15 18:30:32,38.96,40.0,ESTABILIZADO,5,5,5.33,5.0,80,79,ON
2026-03-15 18:30:34,39.01,40.0,ESTABILIZADO,5,5,4.67,5.0,81,78,ON
2026-03-15 18:30:36,39.07,40.0,ESTABILIZADO,5,5,4.0,5.0,81,78,ON
2026-03-15 18:30:38,39.01,40.0,ESTABILIZADO,5,5,5.33,5.0,80,79,ON
2026-03-15 18:30:40,38.99,40.0,ESTABILIZADO,5,5,5.33,5.0,80,78,ON
2026-03-15 18:30:42,39.07,40.0,ESTABILIZADO,5,5,4.67,5.0,80,78,ON
2026-03-15 18:30:44,38.99,40.0,ESTABILIZADO,5,5,5.33,5.0,80,79,ON
2026-03-15 18:30:46,39.09,40.0,ESTABILIZADO,5,5,5.33,5.0,80,77,ON
2026-03-15 18:30:48,39.17,40.0,ESTABILIZADO,5,5,6.67,5.0,80,78,ON
2026-03-15 18:30:50,39.04,40.0,ESTABILIZADO,5,5,4.0,5.0,80,79,ON
2026-03-15 18:30:52,39.01,40.0,ESTABILIZADO,5,5,4.0,5.0,81,78,ON
2026-03-15 18:30:54,39.2,40.0,ESTABILIZADO,5,5,4.67,5.0,80,77,ON
2026-03-15 18:30:56,39.17,40.0,ESTABILIZADO,5,5,4.67,5.0,81,78,ON
2026-03-15 18:30:58,39.28,40.0,ESTABILIZADO,5,5,6.0,5.0,81,77,ON
2026-03-15 18:31:00,39.04,40.0,ESTABILIZADO,5,5,4.67,5.0,81,80,ON
2026-03-15 18:31:02,39.14,40.0,ESTABILIZADO,5,5,4.67,5.0,81,77,ON
2026-03-15 18:31:04,39.01,40.0,ESTABILIZADO,5,5,4.67,5.0,80,80,ON
2026-03-15 18:31:06,39.01,40.0,ESTABILIZADO,5,5,6.0,5.0,80,78,ON
2026-03-15 18:31:08,39.07,40.0,ESTABILIZADO,5,5,4.67,5.0,80,79,ON
2026-03-15 18:31:10,39.07,40.0,ESTABILIZADO,5,5,5.33,5.0,80,78,ON
2026-03-15 18:31:12,39.01,40.0,ESTABILIZADO,5,5,4.67,5.0,81,79,ON
2026-03-15 18:31:14,39.12,40.0,ESTABILIZADO,5,5,5.33,5.0,81,78,ON
2026-03-15 18:31:16,39.14,40.0,ESTABILIZADO,5,5,4.67,5.0,81,78,ON
2026-03-15 18:31:18,39.04,40.0,ESTABILIZADO,5,5,4.0,5.0,81,79,ON
2026-03-15 18:31:20,39.28,40.0,ESTABILIZADO,5,5,5.33,5.0,80,77,ON
2026-03-15 18:31:22,39.09,40.0,ESTABILIZADO,5,5,6.0,5.0,80,80,ON
2026-03-15 18:31:24,39.07,40.0,ESTABILIZADO,5,5,5.33,5.0,80,78,ON
2026-03-15 18:31:26,39.01,40.0,ESTABILIZADO,5,5,4.67,5.0,80,79,ON
2026-03-15 18:31:28,39.04,40.0,ESTABILIZADO,5,5,5.33,5.0,80,78,ON
2026-03-15 18:31:30,39.25,40.0,ESTABILIZADO,5,5,5.33,5.0,80,77,ON
2026-03-15 18:31:32,39.14,40.0,ESTABILIZADO,5,5,5.33,5.0,80,79,ON
2026-03-15 18:31:34,38.86,40.0,ESTABILIZADO,5,5,4.0,5.0,80,81,ON
2026-03-15 18:31:36,39.09,40.0,ESTABILIZADO,5,5,5.33,5.0,80,77,ON
2026-03-15 18:31:38,39.07,40.0,ESTABILIZADO,5,5,4.67,5.0,80,80,ON
2026-03-15 18:31:40,38.93,40.0,ESTABILIZADO,5,5,5.33,5.0,80,80,ON
2026-03-15 18:31:42,39.09,40.0,ESTABILIZADO,5,5,5.33,5.0,80,78,ON
2026-03-15 18:31:44,39.09,40.0,ESTABILIZADO,5,5,4.67,5.0,80,79,ON
2026-03-15 18:31:46,39.12,40.0,ESTABILIZADO,5,5,4.67,5.0,80,78,ON
2026-03-15 18:31:48,39.17,40.0,ESTABILIZADO,5,5,4.67,5.0,80,78,ON
2026-03-15 18:31:50,39.07,40.0,ESTABILIZADO,5,5,4.67,5.0,80,80,ON
2026-03-15 18:31:52,39.04,40.0,ESTABILIZADO,5,5,4.0,5.0,80,79,ON
2026-03-15 18:31:54,39.14,40.0,ESTABILIZADO,5,5,4.67,5.0,80,78,ON
2026-03-15 18:31:56,39.12,40.0,ESTABILIZADO,5,5,4.0,5.0,81,79,ON
2026-03-15 18:31:58,39.17,40.0,ESTABILIZADO,5,5,6.0,5.0,81,78,ON
2026-03-15 18:32:00,38.99,40.0,ESTABILIZADO,5,5,4.67,5.0,81,80,ON
2026-03-15 18:32:02,39.12,40.0,ESTABILIZADO,5,5,6.0,5.0,81,78,ON
2026-03-15 18:32:04,39.07,40.0,ESTABILIZADO,5,5,5.33,5.0,80,80,ON
2026-03-15 18:32:06,39.01,40.0,ESTABILIZADO,5,5,4.67,5.0,80,79,ON
2026-03-15 18:32:08,38.99,40.0,ESTABILIZADO,5,5,4.67,5.0,81,80,ON
2026-03-15 18:32:10,38.93,40.0,ESTABILIZADO,5,5,5.33,5.0,80,80,ON
2026-03-15 18:32:12,39.07,40.0,ESTABILIZADO,5,5,4.67,5.0,81,79,ON
2026-03-15 18:32:14,39.2,40.0,ESTABILIZADO,5,5,5.33,5.0,80,79,ON
2026-03-15 18:32:16,39.01,40.0,ESTABILIZADO,5,5,5.33,5.0,80,81,ON
2026-03-15 18:32:18,39.01,40.0,ESTABILIZADO,5,5,4.0,5.0,81,79,ON
2026-03-15 18:32:20,39.12,40.0,ESTABILIZADO,5,5,4.0,5.0,81,79,ON
2026-03-15 18:32:22,38.93,40.0,ESTABILIZADO,5,5,5.33,5.0,80,81,ON
2026-03-15 18:32:24,39.01,40.0,ESTABILIZADO,5,5,5.33,5.0,80,79,ON
2026-03-15 18:32:26,38.99,40.0,ESTABILIZADO,5,5,4.67,5.0,81,80,ON
2026-03-15 18:32:28,39.04,40.0,ESTABILIZADO,5,5,4.67,5.0,81,79,ON
2026-03-15 18:32:30,39.09,40.0,ESTABILIZADO,5,5,5.33,5.0,80,79,ON
2026-03-15 18:32:32,39.14,40.0,ESTABILIZADO,5,5,4.0,5.0,81,79,ON
2026-03-15 18:32:34,39.09,40.0,ESTABILIZADO,5,5,6.67,5.0,80,80,ON
2026-03-15 18:32:36,39.01,40.0,ESTABILIZADO,5,5,5.33,5.0,80,80,ON
2026-03-15 18:32:38,39.01,40.0,ESTABILIZADO,5,5,4.67,5.0,80,80,ON
2026-03-15 18:32:40,39.14,40.0,ESTABILIZADO,5,5,4.67,5.0,81,79,ON
2026-03-15 18:32:42,38.86,40.0,ESTABILIZADO,5,5,4.67,5.0,80,82,ON
2026-03-15 18:32:44,39.01,40.0,ESTABILIZADO,5,5,4.0,5.0,81,78,ON
2026-03-15 18:32:46,39.14,40.0,ESTABILIZADO,5,5,6.0,5.0,80,80,ON
2026-03-15 18:32:48,39.01,40.0,ESTABILIZADO,5,5,4.67,5.0,81,80,ON
2026-03-15 18:32:50,39.01,40.0,ESTABILIZADO,5,5,5.33,5.0,81,80,ON
2026-03-15 18:32:52,39.01,40.0,ESTABILIZADO,5,5,6.0,5.0,81,80,ON
2026-03-15 18:32:54,39.01,40.0,ESTABILIZADO,5,5,5.33,5.0,81,80,ON
2026-03-15 18:32:56,39.04,40.0,ESTABILIZADO,5,5,4.67,5.0,81,80,ON
2026-03-15 18:32:58,39.07,40.0,ESTABILIZADO,5,5,4.67,5.0,81,80,ON
2026-03-15 18:33:00,39.01,40.0,ESTABILIZADO,5,5,5.33,5.0,80,80,ON
2026-03-15 18:33:02,39.01,40.0,ESTABILIZADO,5,5,5.33,5.0,80,80,ON
2026-03-15 18:33:04,39.25,40.0,ESTABILIZADO,5,5,6.0,5.0,80,78,ON
2026-03-15 18:33:06,39.04,40.0,ESTABILIZADO,5,5,4.67,5.0,80,82,ON
2026-03-15 18:33:08,39.09,40.0,ESTABILIZADO,5,5,5.33,5.0,80,79,ON
2026-03-15 18:33:10,39.01,40.0,ESTABILIZADO,5,5,5.33,5.0,80,81,ON
2026-03-15 18:33:12,39.01,40.0,ESTABILIZADO,5,5,5.33,5.0,80,80,ON
2026-03-15 18:33:14,39.2,40.0,ESTABILIZADO,5,5,4.67,5.0,80,79,ON
2026-03-15 18:33:16,39.01,40.0,ESTABILIZADO,5,5,4.67,5.0,81,81,ON
2026-03-15 18:33:18,39.01,40.0,ESTABILIZADO,5,5,5.33,5.0,80,80,ON
2026-03-15 18:33:20,39.36,40.0,ESTABILIZADO,5,5,4.0,5.0,81,78,ON
2026-03-15 18:33:22,39.01,40.0,ESTABILIZADO,5,5,4.0,5.0,81,83,ON
2026-03-15 18:33:24,39.09,40.0,ESTABILIZADO,5,5,6.0,5.0,81,79,ON
2026-03-15 18:33:26,39.09,40.0,ESTABILIZADO,5,5,6.0,5.0,80,81,ON
2026-03-15 18:33:28,39.12,40.0,ESTABILIZADO,5,5,4.67,5.0,81,80,ON
2026-03-15 18:33:30,39.04,40.0,ESTABILIZADO,5,5,4.67,5.0,81,81,ON
2026-03-15 18:33:32,39.01,40.0,ESTABILIZADO,5,5,6.0,5.0,80,80,ON
2026-03-15 18:33:34,39.3,40.0,ESTABILIZADO,5,5,4.67,5.0,80,78,ON
2026-03-15 18:33:36,39.04,40.0,ESTABILIZADO,5,5,4.67,5.0,81,82,ON
2026-03-15 18:33:38,39.28,40.0,ESTABILIZADO,5,5,4.67,5.0,81,78,ON
2026-03-15 18:33:40,39.01,40.0,ESTABILIZADO,5,5,4.67,5.0,81,83,ON
2026-03-15 18:33:42,39.01,40.0,ESTABILIZADO,5,5,4.67,5.0,80,80,ON
2026-03-15 18:33:44,39.01,40.0,ESTABILIZADO,5,5,4.67,5.0,81,81,ON
2026-03-15 18:33:46,39.01,40.0,ESTABILIZADO,5,5,4.0,5.0,81,80,ON
2026-03-15 18:33:48,39.36,40.0,ESTABILIZADO,5,5,4.67,5.0,81,78,ON
2026-03-15 18:33:50,39.22,40.0,ESTABILIZADO,5,5,4.67,5.0,81,81,ON
2026-03-15 18:33:52,39.01,40.0,ESTABILIZADO,5,5,4.67,5.0,81,81,ON
2026-03-15 18:33:54,39.09,40.0,ESTABILIZADO,5,5,5.33,5.0,80,80,ON
2026-03-15 18:33:56,39.04,40.0,ESTABILIZADO,5,5,4.67,5.0,81,81,ON
2026-03-15 18:33:58,39.28,40.0,ESTABILIZADO,5,5,5.33,5.0,80,78,ON
2026-03-15 18:34:00,39.36,40.0,ESTABILIZADO,5,5,4.0,5.0,81,80,ON
2026-03-15 18:34:02,39.01,40.0,ESTABILIZADO,5,5,4.67,5.0,81,82,ON
2026-03-15 18:34:04,39.25,40.0,ESTABILIZADO,5,5,5.33,5.0,80,78,ON
2026-03-15 18:34:06,39.25,40.0,ESTABILIZADO,5,5,4.67,5.0,81,81,ON
2026-03-15 18:34:08,39.17,40.0,ESTABILIZADO,5,5,4.0,5.0,81,80,ON
2026-03-15 18:34:10,39.28,40.0,ESTABILIZADO,5,5,4.0,5.0,81,79,ON
2026-03-15 18:34:12,39.2,40.0,ESTABILIZADO,5,5,4.67,5.0,81,81,ON
2026-03-15 18:34:14,39.09,40.0,ESTABILIZADO,5,5,6.0,5.0,81,81,ON
2026-03-15 18:34:16,39.2,40.0,ESTABILIZADO,5,5,4.67,5.0,81,80,ON
2026-03-15 18:34:18,39.07,40.0,ESTABILIZADO,5,5,4.0,5.0,81,82,ON
2026-03-15 18:34:20,39.3,40.0,ESTABILIZADO,5,5,4.67,5.0,81,78,ON
2026-03-15 18:34:22,39.2,40.0,ESTABILIZADO,5,5,4.67,5.0,81,82,ON
2026-03-15 18:34:24,39.04,40.0,ESTABILIZADO,5,5,4.67,5.0,81,81,ON
2026-03-15 18:34:26,39.12,40.0,ESTABILIZADO,5,5,6.67,5.0,81,80,ON
2026-03-15 18:34:28,39.17,40.0,ESTABILIZADO,5,5,4.67,5.0,81,81,ON
2026-03-15 18:34:30,39.14,40.0,ESTABILIZADO,5,5,6.0,5.0,81,81,ON
2026-03-15 18:34:32,39.12,40.0,ESTABILIZADO,5,5,5.33,5.0,81,81,ON
2026-03-15 18:34:34,39.2,40.0,ESTABILIZADO,5,5,5.33,5.0,81,80,ON
2026-03-15 18:34:36,39.28,40.0,ESTABILIZADO,5,5,4.67,5.0,81,80,ON
2026-03-15 18:34:38,39.25,40.0,ESTABILIZADO,5,5,6.67,5.0,80,81,ON
2026-03-15 18:34:40,39.01,40.0,ESTABILIZADO,5,5,6.0,5.0,80,82,ON
2026-03-15 18:34:42,39.3,40.0,ESTABILIZADO,5,5,4.67,5.0,81,78,ON
2026-03-15 18:34:44,39.25,40.0,ESTABILIZADO,5,5,5.33,5.0,81,82,ON
2026-03-15 18:34:46,39.25,40.0,ESTABILIZADO,5,5,4.67,5.0,81,80,ON
2026-03-15 18:34:48,39.3,40.0,ESTABILIZADO,5,5,4.67,5.0,80,80,ON
2026-03-15 18:34:50,39.17,40.0,ESTABILIZADO,5,5,4.67,5.0,81,81,ON
2026-03-15 18:34:52,39.09,40.0,ESTABILIZADO,5,5,5.33,5.0,80,81,ON
2026-03-15 18:34:54,38.99,40.0,ESTABILIZADO,5,5,6.67,5.0,80,82,ON
2026-03-15 18:34:56,39.14,40.0,ESTABILIZADO,5,5,6.0,5.0,80,80,ON
2026-03-15 18:34:58,39.28,40.0,ESTABILIZADO,5,5,4.67,5.0,80,80,ON
2026-03-15 18:35:00,39.25,40.0,ESTABILIZADO,5,5,5.33,5.0,80,81,ON
2026-03-15 18:35:02,39.14,40.0,ESTABILIZADO,5,5,4.67,5.0,80,81,ON
2026-03-15 18:35:04,39.07,40.0,ESTABILIZADO,5,5,4.67,5.0,81,82,ON
2026-03-15 18:35:06,39.3,40.0,ESTABILIZADO,5,5,4.67,5.0,81,79,ON
2026-03-15 18:35:08,39.41,40.0,ESTABILIZADO,5,5,6.0,5.0,81,80,ON
2026-03-15 18:35:10,39.04,40.0,ESTABILIZADO,5,5,4.67,5.0,81,83,ON
2026-03-15 18:35:12,39.3,40.0,ESTABILIZADO,5,5,4.67,5.0,81,79,ON
2026-03-15 18:35:14,39.28,40.0,ESTABILIZADO,5,5,4.67,5.0,81,82,ON
2026-03-15 18:35:16,39.3,40.0,ESTABILIZADO,5,5,4.0,5.0,81,80,ON
2026-03-15 18:35:18,39.33,40.0,ESTABILIZADO,5,5,5.33,5.0,81,81,ON
2026-03-15 18:35:20,39.25,40.0,ESTABILIZADO,5,5,4.0,5.0,81,81,ON
2026-03-15 18:35:22,39.28,40.0,ESTABILIZADO,5,5,6.0,5.0,80,80,ON
2026-03-15 18:35:24,39.38,40.0,ESTABILIZADO,5,5,4.67,5.0,80,80,ON
2026-03-15 18:35:26,39.14,40.0,ESTABILIZADO,5,5,4.67,5.0,80,83,ON
2026-03-15 18:35:28,39.33,40.0,ESTABILIZADO,5,5,4.0,5.0,80,79,ON
2026-03-15 18:35:30,39.38,40.0,ESTABILIZADO,5,5,5.33,5.0,80,81,ON
2026-03-15 18:35:32,39.28,40.0,ESTABILIZADO,5,5,6.0,5.0,80,81,ON
2026-03-15 18:35:34,39.14,40.0,ESTABILIZADO,5,5,5.33,5.0,80,82,ON
2026-03-15 18:35:36,39.25,40.0,ESTABILIZADO,5,5,5.33,5.0,80,80,ON
2026-03-15 18:35:38,39.07,40.0,ESTABILIZADO,5,5,5.33,5.0,80,83,ON
2026-03-15 18:35:40,39.3,40.0,ESTABILIZADO,5,5,4.67,5.0,80,79,ON
2026-03-15 18:35:42,39.3,40.0,ESTABILIZADO,5,5,4.67,5.0,80,82,ON
2026-03-15 18:35:44,39.49,40.0,ESTABILIZADO,5,5,4.67,5.0,80,79,ON
2026-03-15 18:35:46,39.41,40.0,ESTABILIZADO,5,5,4.0,5.0,81,81,ON
2026-03-15 18:35:48,39.12,40.0,ESTABILIZADO,5,5,6.0,5.0,80,82,ON
2026-03-15 18:35:50,39.38,40.0,ESTABILIZADO,5,5,4.67,5.0,81,79,ON
2026-03-15 18:35:52,39.28,40.0,ESTABILIZADO,5,5,4.0,5.0,81,82,ON
2026-03-15 18:35:54,39.3,40.0,ESTABILIZADO,5,5,6.0,5.0,80,80,ON
2026-03-15 18:35:56,39.51,40.0,ESTABILIZADO,5,5,4.0,5.0,81,80,ON
2026-03-15 18:35:58,39.49,40.0,ESTABILIZADO,5,5,4.0,5.0,81,81,ON
2026-03-15 18:36:00,39.3,40.0,ESTABILIZADO,5,5,4.67,5.0,80,82,ON
2026-03-15 18:36:02,39.43,40.0,ESTABILIZADO,5,5,4.67,5.0,80,80,ON
2026-03-15 18:36:04,39.49,40.0,ESTABILIZADO,5,5,4.0,5.0,81,80,ON
2026-03-15 18:36:06,39.38,40.0,ESTABILIZADO,5,5,6.0,5.0,80,81,ON
2026-03-15 18:36:08,39.43,40.0,ESTABILIZADO,5,5,4.0,5.0,81,80,ON
2026-03-15 18:36:10,39.43,40.0,ESTABILIZADO,5,5,5.33,5.0,81,81,ON
2026-03-15 18:36:12,39.43,40.0,ESTABILIZADO,5,5,4.67,5.0,81,80,ON
2026-03-15 18:36:14,39.38,40.0,ESTABILIZADO,5,5,4.0,5.0,81,81,ON
2026-03-15 18:36:16,39.49,40.0,ESTABILIZADO,5,5,4.67,5.0,81,80,ON
2026-03-15 18:36:18,39.41,40.0,ESTABILIZADO,5,5,4.0,5.0,81,81,ON
2026-03-15 18:36:20,39.51,40.0,ESTABILIZADO,5,5,6.0,5.0,80,79,ON
2026-03-15 18:36:22,39.41,40.0,ESTABILIZADO,5,5,5.33,5.0,80,82,ON
2026-03-15 18:36:24,39.59,40.0,ESTABILIZADO,5,5,7.33,5.0,80,79,ON
2026-03-15 18:36:26,39.51,40.0,ESTABILIZADO,5,5,4.0,5.0,80,81,ON
2026-03-15 18:36:28,39.59,40.0,ESTABILIZADO,5,5,5.33,5.0,80,79,ON
2026-03-15 18:36:30,39.43,40.0,ESTABILIZADO,5,5,4.0,5.0,80,82,ON
2026-03-15 18:36:32,39.28,40.0,ESTABILIZADO,5,5,4.0,5.0,81,81,ON
2026-03-15 18:36:34,39.46,40.0,ESTABILIZADO,5,5,5.33,5.0,80,80,ON
2026-03-15 18:36:36,39.67,40.0,ESTABILIZADO,5,5,4.67,5.0,80,79,ON
2026-03-15 18:36:38,39.62,40.0,ESTABILIZADO,5,5,4.67,5.0,81,80,ON
2026-03-15 18:36:40,39.67,40.0,ESTABILIZADO,5,5,6.0,5.0,81,79,ON
2026-03-15 18:36:42,39.73,40.0,ESTABILIZADO,5,5,6.0,5.0,80,80,ON
2026-03-15 18:36:44,39.41,40.0,ESTABILIZADO,5,5,4.0,5.0,81,82,ON
2026-03-15 18:36:46,39.46,40.0,ESTABILIZADO,5,5,4.67,5.0,81,80,ON
2026-03-15 18:36:48,39.46,40.0,ESTABILIZADO,5,5,6.0,5.0,81,81,ON
2026-03-15 18:36:50,39.57,40.0,ESTABILIZADO,5,5,4.67,5.0,81,80,ON
2026-03-15 18:36:52,39.57,40.0,ESTABILIZADO,5,5,5.33,5.0,81,81,ON
2026-03-15 18:36:54,39.89,40.0,ESTABILIZADO,5,5,4.0,5.0,81,77,ON
2026-03-15 18:36:56,39.73,40.0,ESTABILIZADO,5,5,4.67,5.0,81,81,ON
2026-03-15 18:36:58,39.59,40.0,ESTABILIZADO,5,5,4.0,5.0,81,80,ON
2026-03-15 18:37:00,39.67,40.0,ESTABILIZADO,5,5,5.33,5.0,81,80,ON
2026-03-15 18:37:02,39.62,40.0,ESTABILIZADO,5,5,4.0,5.0,81,80,ON
2026-03-15 18:37:04,39.67,40.0,ESTABILIZADO,5,5,5.33,5.0,81,79,ON
2026-03-15 18:37:06,39.73,40.0,ESTABILIZADO,5,5,5.33,5.0,80,80,ON
2026-03-15 18:37:08,39.46,40.0,ESTABILIZADO,5,5,4.67,5.0,81,82,ON
2026-03-15 18:37:10,39.46,40.0,ESTABILIZADO,5,5,4.67,5.0,80,80,ON
2026-03-15 18:37:12,39.83,40.0,ESTABILIZADO,5,5,4.67,5.0,80,78,ON
2026-03-15 18:37:14,39.73,40.0,ESTABILIZADO,5,5,6.0,5.0,81,81,ON
2026-03-15 18:37:16,39.73,40.0,ESTABILIZADO,5,5,5.33,5.0,81,79,ON
