timestamp,temperatura_C,vazao_L_min,dc_cooler_%,dc_resistencia_%,resistencia
2026-03-04 17:55:14,32.78,0.0,2,61,ON
2026-03-04 17:55:16,32.85,0.0,3,12,ON
2026-03-04 17:55:18,32.75,0.0,4,38,ON
2026-03-04 17:55:22,32.75,0.0,5,19,ON
2026-03-04 17:55:24,32.66,0.0,5,35,ON
2026-03-04 17:55:26,32.63,0.0,6,27,ON
2026-03-04 17:55:28,32.68,0.0,6,31,ON
2026-03-04 17:55:30,32.78,0.0,7,29,ON
2026-03-04 17:55:32,32.7,0.0,7,31,ON
2026-03-04 17:55:34,32.85,0.0,8,29,ON
2026-03-04 17:55:36,32.63,0.0,8,33,ON
2026-03-04 17:55:38,32.7,0.0,9,30,ON
2026-03-04 17:55:40,32.87,0.0,10,30,ON
2026-03-04 17:55:42,32.7,0.0,10,32,ON
2026-03-04 17:55:44,32.85,0.0,11,30,ON
2026-03-04 17:55:46,32.8,0.0,11,32,ON
2026-03-04 17:55:48,32.82,0.0,12,31,ON
2026-03-04 17:55:50,32.97,0.0,12,31,ON
2026-03-04 17:55:52,32.99,0.0,13,31,ON
2026-03-04 17:55:54,32.99,0.0,13,31,ON
2026-03-04 17:55:56,32.97,0.0,14,32,ON
2026-03-04 17:55:58,32.94,0.0,15,32,ON
2026-03-04 17:56:00,32.99,0.0,15,32,ON
2026-03-04 17:56:02,33.09,0.0,16,32,ON
2026-03-04 17:56:04,33.23,0.0,16,31,ON
2026-03-04 17:56:06,33.13,0.0,17,33,ON
2026-03-04 17:56:08,33.25,0.0,17,31,ON
2026-03-04 17:56:10,33.23,0.0,18,33,ON
2026-03-04 17:56:12,33.4,0.0,18,31,ON
2026-03-04 17:56:18,33.4,0.0,20,25,ON
2026-03-04 17:56:20,33.4,0.0,21,36,ON
2026-03-04 17:56:22,33.42,0.0,21,31,ON
2026-03-04 17:56:24,33.66,0.0,22,31,ON
2026-03-04 17:56:26,33.54,0.0,22,33,ON
2026-03-04 17:56:28,33.73,0.0,23,31,ON
2026-03-04 17:56:30,33.78,0.0,23,32,ON
2026-03-04 17:56:32,33.9,0.0,24,31,ON
2026-03-04 17:56:34,33.78,0.0,24,33,ON
2026-03-04 17:56:36,33.78,0.0,25,32,ON
2026-03-04 17:56:38,33.93,0.0,26,31,ON
2026-03-04 17:56:40,34.0,0.0,26,32,ON
2026-03-04 17:56:42,34.05,0.0,27,31,ON
2026-03-04 17:56:44,34.1,0.0,27,31,ON
2026-03-04 17:56:46,34.17,0.0,28,31,ON
2026-03-04 17:56:48,34.19,0.0,28,32,ON
2026-03-04 17:56:50,34.17,0.0,29,32,ON
2026-03-04 17:56:52,34.19,0.0,29,32,ON
2026-03-04 17:56:54,34.34,0.0,30,31,ON
2026-03-04 17:56:56,34.39,0.0,30,31,ON
2026-03-04 17:56:58,34.29,0.0,31,32,ON
2026-03-04 17:57:00,34.39,0.0,32,31,ON
2026-03-04 17:57:02,34.49,0.0,32,31,ON
2026-03-04 17:57:04,34.49,0.0,33,32,ON
2026-03-04 17:57:06,34.53,0.0,33,31,ON
2026-03-04 17:57:08,34.61,0.0,34,31,ON
2026-03-04 17:57:10,34.68,0.0,34,31,ON
2026-03-04 17:57:12,34.68,0.0,35,32,ON
2026-03-04 17:57:14,34.83,0.0,35,30,ON
2026-03-04 17:57:16,34.68,0.0,36,33,ON
2026-03-04 17:57:18,34.75,0.0,37,31,ON
2026-03-04 17:57:20,34.73,0.0,37,32,ON
2026-03-04 17:57:22,34.95,0.0,38,30,ON
2026-03-04 17:57:24,34.9,0.0,38,32,ON
2026-03-04 17:57:26,35.0,0.0,39,30,ON
2026-03-04 17:57:28,34.98,0.0,39,32,ON
2026-03-04 17:57:30,34.98,0.0,40,31,ON
2026-03-04 17:57:32,35.0,0.0,40,32,ON
2026-03-04 17:57:34,35.17,0.0,41,30,ON
2026-03-04 17:57:36,34.95,0.0,41,33,ON
2026-03-04 17:57:38,35.0,0.0,42,31,ON
2026-03-04 17:57:40,35.12,0.0,43,32,ON
2026-03-04 17:57:42,35.17,0.0,43,31,ON
2026-03-04 17:57:44,35.3,0.0,44,31,ON
2026-03-04 17:57:46,35.1,0.0,44,33,ON
2026-03-04 17:57:48,35.32,0.0,45,30,ON
2026-03-04 17:57:50,35.35,0.0,45,32,ON
2026-03-04 17:57:52,35.22,0.0,46,32,ON
2026-03-04 17:57:54,35.32,0.0,46,31,ON
2026-03-04 17:57:56,35.35,0.0,47,32,ON
2026-03-04 17:57:58,35.35,0.0,48,32,ON
2026-03-04 17:58:00,35.27,0.0,48,33,ON
2026-03-04 17:58:02,35.35,0.0,49,32,ON
2026-03-04 17:58:04,35.3,0.0,49,33,ON
2026-03-04 17:58:06,35.37,0.0,50,32,ON
2026-03-04 17:58:08,35.37,0.0,50,33,ON
2026-03-04 17:58:10,35.35,0.0,51,33,ON
2026-03-04 17:58:12,35.32,0.0,51,33,ON
2026-03-04 17:58:14,35.35,0.0,52,33,ON
2026-03-04 17:58:16,35.49,0.0,52,32,ON
2026-03-04 17:58:18,35.27,0.0,53,35,ON
2026-03-04 17:58:20,35.37,0.0,54,32,ON
2026-03-04 17:58:22,35.47,0.0,54,33,ON
2026-03-04 17:58:24,35.35,0.0,55,34,ON
2026-03-04 17:58:26,35.35,0.0,55,33,ON
2026-03-04 17:58:28,35.39,0.0,56,34,ON
2026-03-04 17:58:30,35.39,0.0,56,34,ON
2026-03-04 17:58:32,35.32,0.0,57,34,ON
2026-03-04 17:58:34,35.52,0.0,57,32,ON
2026-03-04 17:58:36,35.37,0.0,58,35,ON
2026-03-04 17:58:38,35.52,0.0,59,33,ON
2026-03-04 17:58:40,35.42,0.0,59,35,ON
2026-03-04 17:58:42,35.49,0.0,60,33,ON
2026-03-04 17:58:44,35.42,0.0,60,35,ON
2026-03-04 17:58:46,35.42,0.0,61,34,ON
2026-03-04 17:58:48,35.37,0.0,61,35,ON
2026-03-04 17:58:50,35.49,0.0,62,34,ON
2026-03-04 17:58:52,35.57,0.0,62,34,ON
2026-03-04 17:58:54,35.35,0.0,63,36,ON
2026-03-04 17:58:56,35.42,0.0,63,34,ON
2026-03-04 17:58:58,35.35,0.0,64,36,ON
2026-03-04 17:59:00,35.35,0.0,65,35,ON
2026-03-04 17:59:02,35.52,0.0,65,35,ON
2026-03-04 17:59:04,35.22,0.0,66,38,ON
2026-03-04 17:59:06,35.42,0.0,66,34,ON
2026-03-04 17:59:08,35.32,0.0,67,38,ON
2026-03-04 17:59:10,35.39,0.0,67,35,ON
2026-03-04 17:59:12,35.47,0.0,68,36,ON
2026-03-04 17:59:14,35.47,0.0,68,36,ON
2026-03-04 17:59:16,35.35,0.0,69,37,ON
2026-03-04 17:59:18,35.44,0.0,70,36,ON
2026-03-04 17:59:20,35.39,0.0,70,37,ON
2026-03-04 17:59:22,35.35,0.0,71,37,ON
2026-03-04 17:59:24,35.37,0.0,72,37,ON
2026-03-04 17:59:26,35.35,0.67,70,38,ON
2026-03-04 17:59:28,35.39,1.33,68,37,ON
2026-03-04 17:59:30,35.37,0.67,71,38,ON
2026-03-04 17:59:32,35.39,2.0,68,37,ON
2026-03-04 17:59:34,35.32,1.33,69,39,ON
2026-03-04 17:59:36,35.32,1.33,68,38,ON
2026-03-04 17:59:38,35.3,1.33,68,39,ON
2026-03-04 17:59:40,35.35,1.33,68,38,ON
2026-03-04 17:59:42,35.32,1.33,68,39,ON
2026-03-04 17:59:44,35.3,1.33,67,39,ON
2026-03-04 17:59:46,35.3,1.33,68,39,ON
2026-03-04 17:59:48,35.22,0.67,70,40,ON
2026-03-04 17:59:50,35.05,2.0,65,41,ON
2026-03-04 17:59:52,35.2,1.33,67,39,ON
2026-03-04 17:59:54,35.35,0.67,69,39,ON
2026-03-04 17:59:56,35.3,1.33,67,40,ON
2026-03-04 17:59:58,35.2,0.67,69,40,ON
2026-03-04 18:00:00,35.32,0.67,69,39,ON
2026-03-04 18:00:02,35.32,0.67,69,40,ON
2026-03-04 18:00:04,35.35,0.67,69,40,ON
2026-03-04 18:00:06,35.35,1.33,66,40,ON
2026-03-04 18:00:08,35.3,1.33,66,41,ON
2026-03-04 18:00:10,35.37,2.0,66,40,ON
2026-03-04 18:00:12,35.2,1.33,67,42,ON
2026-03-04 18:00:14,35.35,0.67,68,39,ON
2026-03-04 18:00:16,35.37,1.33,67,41,ON
2026-03-04 18:00:18,35.39,1.33,66,40,ON
2026-03-04 18:00:20,35.32,1.33,67,42,ON
2026-03-04 18:00:22,35.35,0.67,68,41,ON
2026-03-04 18:00:24,35.52,0.67,68,40,ON
2026-03-04 18:00:26,35.52,0.67,69,41,ON
2026-03-04 18:00:28,35.37,0.67,68,42,ON
2026-03-04 18:00:30,35.39,1.33,65,41,ON
2026-03-04 18:00:32,35.49,0.67,68,41,ON
2026-03-04 18:00:34,35.47,1.33,65,42,ON
2026-03-04 18:00:36,35.52,0.67,67,41,ON
2026-03-04 18:00:38,35.52,1.33,66,42,ON
2026-03-04 18:00:40,35.39,0.67,69,42,ON
2026-03-04 18:00:42,35.47,1.33,66,41,ON
2026-03-04 18:00:44,35.35,0.67,68,43,ON
2026-03-04 18:00:46,35.37,1.33,66,42,ON
2026-03-04 18:00:48,35.57,0.67,67,41,ON
2026-03-04 18:00:50,35.42,0.67,68,43,ON
2026-03-04 18:00:52,35.54,1.33,65,41,ON
2026-03-04 18:00:54,35.62,0.67,67,42,ON
2026-03-04 18:00:56,35.57,0.67,69,42,ON
2026-03-04 18:00:58,35.44,0.67,67,43,ON
2026-03-04 18:01:00,35.52,0.67,68,42,ON
2026-03-04 18:01:02,35.67,2.0,64,42,ON
2026-03-04 18:01:04,35.59,0.67,67,43,ON
2026-03-04 18:01:06,35.67,0.67,67,42,ON
2026-03-04 18:01:08,35.62,1.33,65,43,ON
2026-03-04 18:01:10,35.67,0.67,67,42,ON
2026-03-04 18:01:12,35.72,0.67,68,43,ON
2026-03-04 18:01:14,35.62,1.33,66,44,ON
2026-03-04 18:01:16,35.59,2.0,64,43,ON
2026-03-04 18:01:18,35.72,0.67,69,43,ON
2026-03-04 18:01:20,35.67,0.67,68,44,ON
2026-03-04 18:01:22,35.74,0.67,67,43,ON
2026-03-04 18:01:24,35.72,1.33,65,44,ON
2026-03-04 18:01:26,35.74,0.67,69,43,ON
2026-03-04 18:01:28,35.74,0.67,68,44,ON
2026-03-04 18:01:30,35.74,0.67,67,44,ON
2026-03-04 18:01:32,35.74,1.33,65,44,ON
2026-03-04 18:01:34,35.77,1.33,66,44,ON
2026-03-04 18:01:36,35.77,0.67,67,44,ON
2026-03-04 18:01:38,35.77,1.33,66,44,ON
2026-03-04 18:01:40,35.82,0.67,67,44,ON
2026-03-04 18:01:42,35.67,1.33,65,45,ON
2026-03-04 18:01:44,35.77,1.33,66,43,ON
2026-03-04 18:01:46,35.82,0.67,68,44,ON
2026-03-04 18:01:48,35.74,0.67,68,45,ON
2026-03-04 18:01:50,35.87,0.67,68,44,ON
2026-03-04 18:01:52,35.77,2.0,63,46,ON
2026-03-04 18:01:54,35.87,0.67,67,44,ON
2026-03-04 18:01:56,35.92,0.67,68,45,ON
2026-03-04 18:01:58,35.74,1.33,66,46,ON
2026-03-04 18:02:00,35.74,0.67,68,45,ON
2026-03-04 18:02:02,35.89,0.67,68,44,ON
2026-03-04 18:02:04,35.82,0.67,68,46,ON
2026-03-04 18:02:06,35.87,0.67,67,45,ON
2026-03-04 18:02:08,35.74,0.67,67,47,ON
2026-03-04 18:02:10,35.89,2.0,63,44,ON
2026-03-04 18:02:12,35.87,0.67,67,46,ON
2026-03-04 18:02:14,35.97,0.67,68,44,ON
2026-03-04 18:02:16,35.97,0.67,68,46,ON
2026-03-04 18:02:18,36.17,0.67,67,44,ON
2026-03-04 18:02:20,36.04,1.33,65,46,ON
2026-03-04 18:02:22,35.79,0.67,67,47,ON
2026-03-04 18:02:24,36.22,1.33,66,43,ON
2026-03-04 18:02:26,35.99,0.67,67,48,ON
2026-03-04 18:02:28,36.14,1.33,67,44,ON
2026-03-04 18:02:30,36.12,0.67,67,46,ON
2026-03-04 18:02:32,36.02,2.0,64,46,ON
2026-03-04 18:02:34,36.22,0.67,67,44,ON
2026-03-04 18:02:36,36.27,0.67,67,45,ON
2026-03-04 18:02:38,36.22,1.33,65,46,ON
2026-03-04 18:02:40,36.19,1.33,65,46,ON
2026-03-04 18:02:42,36.07,0.67,67,47,ON
2026-03-04 18:02:44,36.17,0.67,68,45,ON
2026-03-04 18:02:46,36.22,2.0,63,46,ON
2026-03-04 18:02:48,36.37,1.33,65,45,ON
2026-03-04 18:02:50,36.22,1.33,65,47,ON
2026-03-04 18:02:52,36.27,1.33,65,45,ON
2026-03-04 18:02:54,36.42,0.67,67,45,ON
2026-03-04 18:02:56,36.47,0.67,67,45,ON
2026-03-04 18:02:58,36.17,1.33,65,48,ON
2026-03-04 18:03:00,36.27,1.33,66,45,ON
2026-03-04 18:03:02,36.42,0.67,68,46,ON
2026-03-04 18:03:04,36.37,0.67,67,47,ON
2026-03-04 18:03:06,36.49,1.33,64,45,ON
2026-03-04 18:03:08,36.39,1.33,65,47,ON
2026-03-04 18:03:10,36.39,0.67,66,46,ON
2026-03-04 18:03:12,36.97,0.67,67,42,ON
2026-03-04 18:03:14,36.29,0.67,67,51,ON
2026-03-04 18:03:16,36.27,0.67,67,45,ON
2026-03-04 18:03:18,36.37,0.67,67,47,ON
2026-03-04 18:03:20,36.39,0.67,67,47,ON
2026-03-04 18:03:22,36.29,1.33,64,48,ON
2026-03-04 18:03:24,36.44,1.33,64,46,ON
2026-03-04 18:03:26,36.49,1.33,65,47,ON
2026-03-04 18:03:28,36.97,1.33,64,43,ON
2026-03-04 18:03:30,36.52,0.67,67,50,ON
2026-03-04 18:03:32,36.44,1.33,65,46,ON
2026-03-04 18:03:34,36.97,1.33,65,44,ON
2026-03-04 18:03:36,36.19,0.67,67,53,ON
2026-03-04 18:03:38,36.97,1.33,65,40,ON
2026-03-04 18:03:40,36.52,0.67,67,52,ON
2026-03-04 18:03:42,36.97,0.67,68,41,ON
2026-03-04 18:03:44,36.47,0.67,66,52,ON
2026-03-04 18:03:46,36.97,1.33,65,41,ON
2026-03-04 18:03:48,36.27,1.33,65,54,ON
2026-03-04 18:03:50,36.44,1.33,65,45,ON
2026-03-04 18:03:52,36.97,0.67,67,45,ON
2026-03-04 18:03:54,36.37,1.33,64,52,ON
2026-03-04 18:03:56,36.97,0.67,67,42,ON
2026-03-04 18:03:58,36.39,0.67,67,53,ON
2026-03-04 18:04:00,36.52,0.67,66,45,ON
2026-03-04 18:04:02,36.97,0.67,67,46,ON
2026-03-04 18:04:04,36.97,1.33,66,47,ON
2026-03-04 18:04:06,36.97,0.67,66,47,ON
2026-03-04 18:04:08,36.97,1.33,64,47,ON
2026-03-04 18:04:10,36.97,1.33,65,47,ON
2026-03-04 18:04:12,36.97,0.67,67,47,ON
2026-03-04 18:04:14,36.97,0.67,67,47,ON
2026-03-04 18:04:16,36.49,1.33,64,51,ON
2026-03-04 18:04:18,36.97,0.67,66,44,ON
2026-03-04 18:04:20,36.97,1.33,65,49,ON
2026-03-04 18:04:22,36.97,1.33,64,47,ON
2026-03-04 18:04:24,36.97,0.67,66,48,ON
2026-03-04 18:04:26,36.97,1.33,65,47,ON
2026-03-04 18:04:28,36.97,0.67,66,48,ON
2026-03-04 18:04:30,36.97,0.67,66,48,ON
2026-03-04 18:04:32,36.97,1.33,64,48,ON
2026-03-04 18:04:34,36.97,1.33,64,48,ON
2026-03-04 18:04:36,36.97,1.33,64,48,ON
2026-03-04 18:04:38,36.97,2.0,62,48,ON
2026-03-04 18:04:40,36.97,0.67,66,48,ON
2026-03-04 18:04:42,36.97,0.67,67,48,ON
2026-03-04 18:04:44,36.97,0.67,68,48,ON
2026-03-04 18:04:46,36.97,2.0,63,48,ON
2026-03-04 18:04:48,36.97,0.67,66,48,ON
2026-03-04 18:04:50,36.97,1.33,65,49,ON
2026-03-04 18:04:52,36.97,0.67,66,49,ON
2026-03-04 18:04:54,36.97,0.67,67,49,ON
2026-03-04 18:04:56,36.97,2.0,62,49,ON
2026-03-04 18:04:58,36.97,1.33,64,49,ON
2026-03-04 18:05:00,36.97,0.67,66,49,ON
2026-03-04 18:05:02,36.97,1.33,64,49,ON
2026-03-04 18:05:04,36.97,0.67,65,49,ON
2026-03-04 18:05:06,36.97,0.67,67,49,ON
2026-03-04 18:05:08,36.97,0.67,67,49,ON
2026-03-04 18:05:10,37.0,0.67,65,49,ON
2026-03-04 18:05:12,36.97,1.33,64,50,ON
2026-03-04 18:05:14,37.1,0.67,66,48,ON
2026-03-04 18:05:16,37.07,1.33,64,50,ON
2026-03-04 18:05:18,37.02,0.67,65,50,ON
2026-03-04 18:05:20,36.97,0.67,66,50,ON
2026-03-04 18:05:22,36.97,1.33,63,50,ON
2026-03-04 18:05:24,36.97,0.67,66,50,ON
2026-03-04 18:05:26,37.3,1.33,63,47,ON
2026-03-04 18:05:28,37.1,0.67,66,51,ON
2026-03-04 18:05:30,37.0,0.67,65,50,ON
2026-03-04 18:05:32,37.2,2.0,61,49,ON
2026-03-04 18:05:34,37.2,0.67,66,50,ON
2026-03-04 18:05:36,37.35,2.0,61,48,ON
2026-03-04 18:05:38,37.1,0.67,66,52,ON
2026-03-04 18:05:40,36.97,1.33,64,50,ON
2026-03-04 18:05:42,37.3,0.67,67,48,ON
2026-03-04 18:05:44,37.23,0.67,66,51,ON
2026-03-04 18:05:46,37.3,0.67,66,49,ON
2026-03-04 18:05:48,37.48,1.33,64,48,ON
2026-03-04 18:05:50,37.41,0.67,65,50,ON
2026-03-04 18:05:52,37.41,1.33,64,49,ON
2026-03-04 18:05:54,37.53,1.33,63,48,ON
2026-03-04 18:05:56,37.33,0.67,66,51,ON
2026-03-04 18:05:58,37.51,0.67,66,48,ON
2026-03-04 18:06:00,37.61,1.33,63,49,ON
2026-03-04 18:06:02,37.38,0.67,67,51,ON
2026-03-04 18:06:04,37.48,0.67,66,48,ON
2026-03-04 18:06:06,37.48,1.33,63,50,ON
2026-03-04 18:06:08,37.41,0.67,65,50,ON
2026-03-04 18:06:10,37.46,1.33,64,49,ON
2026-03-04 18:06:12,37.46,1.33,65,50,ON
2026-03-04 18:06:14,37.64,0.67,65,48,ON
2026-03-04 18:06:16,37.74,0.67,66,49,ON
2026-03-04 18:06:18,37.74,0.67,66,49,ON
2026-03-04 18:06:20,37.74,1.33,63,49,ON
2026-03-04 18:06:22,37.79,1.33,64,49,ON
2026-03-04 18:06:24,37.74,1.33,63,49,ON
2026-03-04 18:06:26,37.84,0.67,65,48,ON
2026-03-04 18:06:28,37.66,0.67,65,51,ON
2026-03-04 18:06:30,37.69,0.67,65,49,ON
2026-03-04 18:06:32,37.76,2.0,61,49,ON
2026-03-04 18:06:34,37.84,1.33,64,49,ON
2026-03-04 18:06:36,37.82,1.33,64,49,ON
2026-03-04 18:06:38,37.76,1.33,64,49,ON
2026-03-04 18:06:40,37.92,0.67,67,48,ON
2026-03-04 18:06:42,37.89,1.33,64,49,ON
2026-03-04 18:06:44,37.84,0.67,65,49,ON
2026-03-04 18:06:46,37.82,2.0,61,50,ON
2026-03-04 18:06:48,37.94,0.67,65,48,ON
2026-03-04 18:06:50,38.1,1.33,64,48,ON
2026-03-04 18:06:52,38.0,0.67,67,50,ON
2026-03-04 18:06:54,38.1,1.33,65,48,ON
2026-03-04 18:06:56,38.0,0.67,67,50,ON
2026-03-04 18:06:58,37.92,1.33,64,49,ON
2026-03-04 18:07:00,38.05,1.33,64,48,ON
2026-03-04 18:07:02,38.07,1.33,63,49,ON
2026-03-04 18:07:04,38.05,2.0,61,49,ON
2026-03-04 18:07:06,38.1,0.67,65,49,ON
2026-03-04 18:07:08,37.94,0.67,65,50,ON
2026-03-04 18:07:10,38.1,1.33,63,48,ON
2026-03-04 18:07:12,38.18,0.67,66,49,ON
2026-03-04 18:07:14,38.1,0.67,66,49,ON
2026-03-04 18:07:16,38.15,0.67,66,49,ON
2026-03-04 18:07:18,38.1,1.33,65,50,ON
2026-03-04 18:07:20,38.18,0.67,66,48,ON
2026-03-04 18:07:22,38.2,1.33,64,49,ON
2026-03-04 18:07:24,38.18,0.67,67,49,ON
2026-03-04 18:07:26,38.31,0.67,67,48,ON
2026-03-04 18:07:28,38.18,1.33,64,50,ON
2026-03-04 18:07:30,38.36,0.67,66,47,ON
2026-03-04 18:07:32,38.33,1.33,64,49,ON
2026-03-04 18:07:34,38.13,0.67,66,50,ON
2026-03-04 18:07:36,38.41,0.67,67,47,ON
2026-03-04 18:07:38,38.2,1.33,64,51,ON
2026-03-04 18:07:40,38.31,1.33,64,48,ON
2026-03-04 18:07:42,38.33,0.67,67,49,ON
2026-03-04 18:07:44,38.33,1.33,65,49,ON
2026-03-04 18:07:46,38.41,0.67,67,48,ON
2026-03-04 18:07:48,38.18,0.67,66,51,ON
2026-03-04 18:07:50,38.41,1.33,64,47,ON
2026-03-04 18:07:52,38.41,0.67,67,50,ON
2026-03-04 18:07:54,38.28,1.33,64,49,ON
2026-03-04 18:07:56,38.44,1.33,64,48,ON
2026-03-04 18:07:58,38.36,1.33,64,50,ON
2026-03-04 18:08:00,38.41,0.67,65,48,ON
2026-03-04 18:08:02,38.49,2.0,62,49,ON
2026-03-04 18:08:04,38.44,0.67,66,49,ON
2026-03-04 18:08:06,38.46,1.33,64,49,ON
2026-03-04 18:08:08,38.52,1.33,64,49,ON
2026-03-04 18:08:10,38.54,0.67,66,49,ON
2026-03-04 18:08:12,38.36,1.33,63,50,ON
2026-03-04 18:08:14,38.44,0.67,66,48,ON
2026-03-04 18:08:16,38.54,2.0,61,49,ON
2026-03-04 18:08:18,38.36,0.67,66,50,ON
2026-03-04 18:08:20,38.44,0.67,65,48,ON
2026-03-04 18:08:22,38.33,0.67,65,51,ON
2026-03-04 18:08:24,38.44,0.67,66,48,ON
2026-03-04 18:08:26,38.59,0.67,67,48,ON
2026-03-04 18:08:28,38.67,0.67,65,48,ON
2026-03-04 18:08:30,38.57,1.33,64,49,ON
2026-03-04 18:08:32,38.59,0.67,66,48,ON
2026-03-04 18:08:34,38.31,1.33,63,51,ON
2026-03-04 18:08:36,38.59,0.67,66,47,ON
2026-03-04 18:08:38,38.7,0.67,65,49,ON
2026-03-04 18:08:40,38.62,0.67,66,49,ON
2026-03-04 18:08:42,38.59,2.0,62,49,ON
2026-03-04 18:08:44,38.57,1.33,63,49,ON
2026-03-04 18:08:46,38.75,0.67,66,48,ON
2026-03-04 18:08:48,38.46,1.33,63,51,ON
2026-03-04 18:08:50,38.67,0.67,66,47,ON
2026-03-04 18:08:52,38.62,0.67,67,50,ON
2026-03-04 18:08:54,38.67,1.33,64,48,ON
2026-03-04 18:08:56,38.62,1.33,64,50,ON
2026-03-04 18:08:58,38.83,1.33,64,47,ON
2026-03-04 18:09:00,38.72,0.67,65,50,ON
2026-03-04 18:09:02,38.83,2.0,61,47,ON
2026-03-04 18:09:04,38.59,1.33,63,51,ON
2026-03-04 18:09:06,38.75,0.67,65,47,ON
2026-03-04 18:09:08,38.78,0.67,65,49,ON
2026-03-04 18:09:10,38.72,0.67,65,49,ON
2026-03-04 18:09:12,38.83,2.0,61,48,ON
2026-03-04 18:09:14,38.88,0.67,66,48,ON
2026-03-04 18:09:16,38.96,1.33,64,48,ON
2026-03-04 18:09:18,38.86,1.33,63,49,ON
2026-03-04 18:09:20,38.59,1.33,64,51,ON
2026-03-04 18:09:22,38.88,1.33,63,47,ON
2026-03-04 18:09:24,38.72,0.67,67,51,ON
2026-03-04 18:09:26,38.59,0.67,65,50,ON
2026-03-04 18:09:28,38.88,1.33,65,47,ON
2026-03-04 18:09:30,38.72,1.33,63,51,ON
2026-03-04 18:09:32,38.83,0.67,66,48,ON
2026-03-04 18:09:34,38.86,2.0,61,49,ON
2026-03-04 18:09:36,38.83,1.33,63,49,ON
2026-03-04 18:09:38,38.93,0.67,66,48,ON
2026-03-04 18:09:40,38.83,0.67,66,50,ON
2026-03-04 18:09:42,38.88,0.67,65,48,ON
2026-03-04 18:09:44,38.88,0.67,65,49,ON
2026-03-04 18:09:46,38.78,2.0,62,50,ON
2026-03-04 18:09:48,38.91,0.67,65,48,ON
2026-03-04 18:09:50,38.86,1.33,63,50,ON
2026-03-04 18:09:52,39.01,0.67,65,48,ON
2026-03-04 18:09:54,38.99,1.33,63,49,ON
2026-03-04 18:09:56,38.78,1.33,63,50,ON
2026-03-04 18:09:58,38.62,1.33,63,51,ON
2026-03-04 18:10:00,38.91,0.67,66,48,ON
2026-03-04 18:10:02,38.93,0.67,66,50,ON
2026-03-04 18:10:04,38.96,1.33,64,48,ON
2026-03-04 18:10:06,39.01,1.33,63,49,ON
2026-03-04 18:10:08,38.99,1.33,64,49,ON
2026-03-04 18:10:10,38.83,0.67,65,50,ON
2026-03-04 18:10:12,38.91,1.33,63,49,ON
2026-03-04 18:10:14,39.07,0.67,65,48,ON
2026-03-04 18:10:16,39.04,1.33,63,49,ON
2026-03-04 18:10:18,39.04,1.33,63,49,ON
2026-03-04 18:10:20,39.01,0.67,66,49,ON
2026-03-04 18:10:22,39.01,1.33,63,49,ON
2026-03-04 18:10:24,38.93,1.33,64,50,ON
2026-03-04 18:10:26,39.09,2.0,61,48,ON
2026-03-04 18:10:28,38.99,1.33,63,50,ON
2026-03-04 18:10:30,38.99,0.67,66,49,ON
2026-03-04 18:10:32,39.01,0.67,66,49,ON
2026-03-04 18:10:34,39.17,1.33,63,48,ON
2026-03-04 18:10:36,39.09,1.33,65,50,ON
2026-03-04 18:10:38,39.01,1.33,64,49,ON
2026-03-04 18:10:40,39.04,1.33,63,49,ON
2026-03-04 18:10:42,39.01,0.67,64,49,ON
2026-03-04 18:10:44,39.04,0.67,65,49,ON
2026-03-04 18:10:46,39.01,1.33,63,50,ON
2026-03-04 18:10:48,39.04,1.33,63,49,ON
2026-03-04 18:10:50,39.07,1.33,63,49,ON
2026-03-04 18:10:52,39.09,0.67,65,49,ON
2026-03-04 18:10:54,39.17,0.67,66,48,ON
2026-03-04 18:10:56,39.01,2.0,61,50,ON
2026-03-04 18:10:58,39.04,0.67,66,49,ON
2026-03-04 18:11:00,39.04,2.0,62,50,ON
2026-03-04 18:11:02,39.04,1.33,63,49,ON
2026-03-04 18:11:04,39.25,0.67,66,48,ON
2026-03-04 18:11:06,39.09,0.67,66,50,ON
2026-03-04 18:11:08,39.14,0.67,66,48,ON
2026-03-04 18:11:10,39.07,1.33,63,50,ON
2026-03-04 18:11:12,39.01,1.33,63,49,ON
2026-03-04 18:11:14,39.14,0.67,66,49,ON
2026-03-04 18:11:16,39.14,0.67,64,49,ON
2026-03-04 18:11:18,39.04,1.33,63,50,ON
2026-03-04 18:11:20,39.04,1.33,63,49,ON
2026-03-04 18:11:22,39.17,1.33,64,49,ON
2026-03-04 18:11:24,39.17,1.33,64,49,ON
2026-03-04 18:11:26,39.09,2.0,61,50,ON
2026-03-04 18:11:28,39.41,0.67,65,47,ON
2026-03-04 18:11:30,39.04,0.67,65,52,ON
2026-03-04 18:11:32,39.14,0.67,66,48,ON
2026-03-04 18:11:34,39.3,0.67,66,49,ON
2026-03-04 18:11:36,39.36,0.67,65,48,ON
2026-03-04 18:11:38,39.07,0.67,64,51,ON
2026-03-04 18:11:40,39.12,0.67,64,49,ON
2026-03-04 18:11:42,39.09,0.67,64,50,ON
2026-03-04 18:11:44,39.2,1.33,62,48,ON
2026-03-04 18:11:46,39.25,0.67,64,49,ON
2026-03-04 18:11:48,39.14,1.33,63,50,ON
2026-03-04 18:11:50,39.3,0.67,66,48,ON
2026-03-04 18:11:52,39.25,0.67,66,50,ON
2026-03-04 18:11:54,39.22,1.33,63,49,ON
2026-03-04 18:11:56,39.17,0.67,65,50,ON
2026-03-04 18:11:58,39.07,1.33,63,50,ON
2026-03-04 18:12:00,39.09,1.33,64,50,ON
2026-03-04 18:12:02,39.2,2.0,62,49,ON
2026-03-04 18:12:04,39.3,1.33,62,49,ON
2026-03-04 18:12:06,39.2,0.67,65,50,ON
2026-03-04 18:12:08,39.25,0.67,65,49,ON
2026-03-04 18:12:10,39.28,0.67,64,49,ON
2026-03-04 18:12:12,39.28,0.67,65,49,ON
2026-03-04 18:12:14,39.14,0.67,66,50,ON
2026-03-04 18:12:16,39.38,1.33,62,47,ON
2026-03-04 18:12:18,39.2,0.67,65,51,ON
2026-03-04 18:12:20,39.3,0.67,65,48,ON
2026-03-04 18:12:22,39.22,0.67,65,51,ON
2026-03-04 18:12:24,39.41,0.67,65,48,ON
2026-03-04 18:12:26,39.38,1.33,63,50,ON
2026-03-04 18:12:28,39.38,0.67,65,49,ON
2026-03-04 18:12:30,39.46,1.33,63,49,ON
2026-03-04 18:12:32,39.25,0.67,66,51,ON
2026-03-04 18:12:34,39.3,1.33,63,49,ON
2026-03-04 18:12:36,39.3,0.67,65,50,ON
2026-03-04 18:12:38,39.28,2.0,61,49,ON
2026-03-04 18:12:40,39.28,0.67,65,50,ON
2026-03-04 18:12:42,39.41,2.0,60,48,ON
2026-03-04 18:12:44,39.38,2.0,60,50,ON
2026-03-04 18:12:46,39.38,1.33,62,49,ON
2026-03-04 18:12:48,39.36,0.67,64,49,ON
2026-03-04 18:12:50,39.36,0.67,64,49,ON
2026-03-04 18:12:52,39.25,0.67,65,50,ON
2026-03-04 18:12:54,39.25,1.33,62,49,ON
2026-03-04 18:12:56,39.25,0.67,64,50,ON
2026-03-04 18:12:58,39.12,0.67,64,51,ON
2026-03-04 18:13:00,39.41,0.67,64,48,ON
2026-03-04 18:13:02,39.59,0.67,65,48,ON
2026-03-04 18:13:04,39.28,1.33,63,51,ON
2026-03-04 18:13:06,39.25,2.0,61,49,ON
2026-03-04 18:13:08,39.25,0.67,65,50,ON
2026-03-04 18:13:10,39.36,0.67,65,49,ON
2026-03-04 18:13:12,39.59,1.33,62,48,ON
2026-03-04 18:13:14,39.46,1.33,62,50,ON
2026-03-04 18:13:16,39.43,0.67,65,49,ON
2026-03-04 18:13:18,39.25,0.67,65,51,ON
2026-03-04 18:13:20,39.67,0.67,65,46,ON
2026-03-04 18:13:22,39.41,1.33,63,52,ON
2026-03-04 18:13:24,39.46,0.67,65,48,ON
2026-03-04 18:13:26,39.36,1.33,62,51,ON
2026-03-04 18:13:28,39.43,1.33,63,48,ON
2026-03-04 18:13:30,39.41,1.33,64,50,ON
2026-03-04 18:13:32,39.38,1.33,62,49,ON
2026-03-04 18:13:34,39.49,2.0,60,49,ON
2026-03-04 18:13:36,39.43,1.33,62,50,ON
2026-03-04 18:13:38,39.43,1.33,63,49,ON
2026-03-04 18:13:40,39.41,1.33,62,50,ON
2026-03-04 18:13:42,39.49,0.67,64,49,ON
2026-03-04 18:13:44,39.41,1.33,62,50,ON
2026-03-04 18:13:46,39.46,0.67,65,49,ON
2026-03-04 18:13:48,39.41,0.67,65,50,ON
2026-03-04 18:13:50,39.41,1.33,62,49,ON
2026-03-04 18:13:52,39.57,0.67,65,48,ON
2026-03-04 18:13:54,39.36,0.67,65,51,ON
2026-03-04 18:13:56,39.2,1.33,62,51,ON
2026-03-04 18:13:58,39.46,0.67,65,48,ON
2026-03-04 18:14:00,39.2,1.33,62,52,ON
2026-03-04 18:14:02,39.46,0.67,66,47,ON
2026-03-04 18:14:04,39.41,0.67,65,51,ON
2026-03-04 18:14:06,39.33,1.33,63,50,ON
2026-03-04 18:14:08,39.43,1.33,62,49,ON
2026-03-04 18:14:10,39.43,2.0,62,50,ON
2026-03-04 18:14:12,39.49,0.67,66,49,ON
2026-03-04 18:14:14,39.43,0.67,65,50,ON
2026-03-04 18:14:16,39.25,1.33,64,51,ON
2026-03-04 18:14:18,39.28,0.67,66,50,ON
2026-03-04 18:14:20,39.38,1.33,62,50,ON
2026-03-04 18:14:22,39.36,1.33,62,50,ON
2026-03-04 18:14:24,39.38,1.33,62,50,ON
2026-03-04 18:14:26,39.28,0.67,65,51,ON
2026-03-04 18:14:28,39.41,1.33,63,49,ON
2026-03-04 18:14:30,39.36,1.33,62,51,ON
2026-03-04 18:14:32,39.38,0.67,66,50,ON
2026-03-04 18:14:34,39.41,2.0,60,50,ON
2026-03-04 18:14:36,39.3,1.33,62,51,ON
2026-03-04 18:14:38,39.3,0.67,64,50,ON
2026-03-04 18:14:40,39.41,1.33,62,50,ON
2026-03-04 18:14:42,39.33,0.67,64,51,ON
2026-03-04 18:14:44,39.49,1.33,63,49,ON
2026-03-04 18:14:46,39.51,1.33,62,50,ON
2026-03-04 18:14:48,39.46,0.67,64,50,ON
2026-03-04 18:14:50,39.51,1.33,61,49,ON
2026-03-04 18:14:52,39.46,1.33,61,50,ON
2026-03-04 18:14:54,39.62,0.67,64,48,ON
2026-03-04 18:14:56,39.46,1.33,62,51,ON
2026-03-04 18:14:58,39.36,2.0,60,50,ON
2026-03-04 18:15:00,39.46,0.67,64,49,ON
2026-03-04 18:15:02,39.36,1.33,62,51,ON
2026-03-04 18:15:04,39.43,2.0,61,49,ON
2026-03-04 18:15:06,39.49,1.33,61,50,ON
2026-03-04 18:15:08,39.36,1.33,61,51,ON
2026-03-04 18:15:10,39.46,0.67,64,49,ON
2026-03-04 18:15:12,39.41,0.67,64,51,ON
2026-03-04 18:15:14,39.07,1.33,61,53,ON
2026-03-04 18:15:16,39.41,1.33,61,48,ON
2026-03-04 18:15:18,39.36,0.67,64,52,ON
2026-03-04 18:15:20,39.46,0.67,65,49,ON
2026-03-04 18:15:22,39.54,1.33,63,50,ON
2026-03-04 18:15:24,39.43,0.67,64,51,ON
2026-03-04 18:15:26,39.49,1.33,62,50,ON
2026-03-04 18:15:28,39.51,0.67,64,50,ON
2026-03-04 18:15:30,39.33,0.67,65,51,ON
2026-03-04 18:15:32,39.41,0.67,63,50,ON
2026-03-04 18:15:34,39.33,0.67,63,51,ON
2026-03-04 18:15:36,39.41,2.0,60,50,ON
2026-03-04 18:15:38,39.14,2.0,59,53,ON
2026-03-04 18:15:40,39.36,0.67,64,49,ON
2026-03-04 18:15:42,39.3,1.33,62,52,ON
2026-03-04 18:15:44,39.51,0.67,64,49,ON
2026-03-04 18:15:46,39.49,0.67,64,51,ON
2026-03-04 18:15:48,39.38,0.67,65,51,ON
2026-03-04 18:15:50,39.41,0.67,64,50,ON
2026-03-04 18:15:52,39.36,1.33,63,51,ON
2026-03-04 18:15:54,39.43,0.67,66,50,ON
2026-03-04 18:15:56,39.46,1.33,62,51,ON
2026-03-04 18:15:58,39.38,1.33,61,51,ON
2026-03-04 18:16:00,39.3,1.33,61,51,ON
2026-03-04 18:16:02,39.51,1.33,62,49,ON
2026-03-04 18:16:04,39.33,0.67,64,52,ON
2026-03-04 18:16:06,39.25,0.67,64,51,ON
2026-03-04 18:16:08,39.41,1.33,63,50,ON
2026-03-04 18:16:10,39.59,1.33,62,49,ON
2026-03-04 18:16:12,39.59,0.67,64,50,ON
2026-03-04 18:16:14,39.2,1.33,62,53,ON
2026-03-04 18:16:16,39.43,1.33,62,49,ON
2026-03-04 18:16:18,39.46,0.67,64,51,ON
2026-03-04 18:16:20,39.46,0.67,64,50,ON
2026-03-04 18:16:22,39.46,1.33,62,51,ON
2026-03-04 18:16:24,39.59,1.33,62,49,ON
2026-03-04 18:16:26,39.41,1.33,62,52,ON
2026-03-04 18:16:28,39.38,0.67,64,50,ON
2026-03-04 18:16:30,39.46,1.33,62,51,ON
2026-03-04 18:16:32,39.51,0.67,65,50,ON
2026-03-04 18:16:34,39.67,0.67,66,49,ON
2026-03-04 18:16:36,39.49,1.33,62,52,ON
2026-03-04 18:16:38,39.41,0.67,64,51,ON
2026-03-04 18:16:40,39.57,0.67,65,50,ON
2026-03-04 18:16:42,39.59,1.33,62,50,ON
2026-03-04 18:16:44,39.46,0.67,65,51,ON
2026-03-04 18:16:46,39.62,1.33,62,49,ON
2026-03-04 18:16:48,39.59,1.33,62,51,ON
2026-03-04 18:16:50,39.49,0.67,65,51,ON
2026-03-04 18:16:52,39.67,0.67,65,49,ON
2026-03-04 18:16:54,39.51,1.33,63,52,ON
2026-03-04 18:16:56,39.7,1.33,63,48,ON
2026-03-04 18:16:58,39.36,0.67,63,54,ON
2026-03-04 18:17:00,39.51,0.67,65,49,ON
2026-03-04 18:17:02,39.49,0.67,64,52,ON
2026-03-04 18:17:04,39.57,2.0,60,50,ON
2026-03-04 18:17:06,39.51,0.67,64,51,ON
2026-03-04 18:17:08,39.57,0.67,64,50,ON
2026-03-04 18:17:10,39.49,1.33,62,51,ON
2026-03-04 18:17:12,39.36,1.33,62,52,ON
2026-03-04 18:17:14,39.67,0.67,64,49,ON
2026-03-04 18:17:16,39.65,0.67,63,51,ON
2026-03-04 18:17:18,39.57,1.33,61,50,ON
2026-03-04 18:17:20,39.73,2.0,59,49,ON
2026-03-04 18:17:22,39.7,0.67,65,50,ON
2026-03-04 18:17:24,39.57,1.33,61,51,ON
2026-03-04 18:17:26,39.49,0.67,64,51,ON
2026-03-04 18:17:28,39.49,0.67,64,51,ON
2026-03-04 18:17:30,39.46,0.67,64,51,ON
2026-03-04 18:17:32,39.46,0.67,63,51,ON
2026-03-04 18:17:34,39.49,0.67,64,51,ON
2026-03-04 18:17:36,39.67,0.67,65,49,ON
2026-03-04 18:17:38,39.54,1.33,61,52,ON
2026-03-04 18:17:40,39.59,0.67,64,50,ON
2026-03-04 18:17:42,39.51,1.33,61,52,ON
2026-03-04 18:17:44,39.41,0.67,64,51,ON
2026-03-04 18:17:46,39.46,0.67,63,51,ON
2026-03-04 18:17:48,39.7,0.67,64,49,ON
2026-03-04 18:17:50,39.7,0.67,64,51,ON
2026-03-04 18:17:52,39.49,1.33,61,52,ON
2026-03-04 18:17:54,39.62,1.33,62,50,ON
2026-03-04 18:17:56,39.51,0.67,64,52,ON
2026-03-04 18:17:58,39.54,0.67,63,50,ON
2026-03-04 18:18:00,39.67,0.67,64,50,ON
2026-03-04 18:18:02,39.38,0.67,64,53,ON
2026-03-04 18:18:04,39.54,1.33,61,49,ON
2026-03-04 18:18:06,39.51,0.67,64,52,ON
2026-03-04 18:18:08,39.7,0.67,63,49,ON
2026-03-04 18:18:10,39.46,1.33,62,53,ON
2026-03-04 18:18:12,39.62,1.33,61,49,ON
2026-03-04 18:18:14,39.49,1.33,61,53,ON
2026-03-04 18:18:16,39.46,1.33,61,51,ON
2026-03-04 18:18:18,39.7,0.67,64,50,ON
2026-03-04 18:18:20,39.46,0.67,64,53,ON
2026-03-04 18:18:22,39.57,1.33,61,50,ON
2026-03-04 18:18:24,39.62,0.67,64,51,ON
2026-03-04 18:18:26,39.67,1.33,61,50,ON
2026-03-04 18:18:28,39.75,2.0,59,50,ON
2026-03-04 18:18:30,39.49,0.67,63,53,ON
2026-03-04 18:18:32,39.78,0.67,63,48,ON
2026-03-04 18:18:34,39.78,0.67,64,51,ON
2026-03-04 18:18:36,39.73,0.67,63,50,ON
2026-03-04 18:18:38,39.43,1.33,62,53,ON
2026-03-04 18:18:40,39.78,0.67,63,48,ON
2026-03-04 18:18:42,39.38,1.33,61,55,ON
2026-03-04 18:18:44,39.7,0.67,64,48,ON
2026-03-04 18:18:46,39.78,1.33,61,51,ON
2026-03-04 18:18:48,39.78,2.0,60,50,ON
2026-03-04 18:18:50,39.67,0.67,63,51,ON
2026-03-04 18:18:52,39.67,0.67,64,50,ON
2026-03-04 18:18:54,39.59,1.33,62,52,ON
2026-03-04 18:18:56,39.67,1.33,63,50,ON
2026-03-04 18:18:58,39.73,0.67,64,51,ON
2026-03-04 18:19:00,39.73,1.33,62,50,ON
2026-03-04 18:19:02,39.49,0.67,63,53,ON
2026-03-04 18:19:04,39.65,0.67,63,50,ON
2026-03-04 18:19:06,39.73,0.67,63,51,ON
2026-03-04 18:19:08,39.46,0.67,64,53,ON
2026-03-04 18:19:10,39.7,2.0,59,49,ON
2026-03-04 18:19:12,39.46,2.0,60,53,ON
2026-03-04 18:19:14,39.51,1.33,62,50,ON
2026-03-04 18:19:16,39.73,0.67,63,50,ON
2026-03-04 18:19:18,39.78,1.33,61,50,ON
2026-03-04 18:19:20,39.46,0.67,64,53,ON
2026-03-04 18:19:22,39.67,1.33,61,49,ON
2026-03-04 18:19:24,39.67,0.67,63,52,ON
2026-03-04 18:19:26,39.57,0.67,63,51,ON
2026-03-04 18:19:28,39.73,0.67,64,50,ON
2026-03-04 18:19:30,39.65,0.67,63,52,ON
2026-03-04 18:19:32,39.67,1.33,62,50,ON
2026-03-04 18:19:34,39.54,0.67,63,52,ON
2026-03-04 18:19:36,39.62,0.67,63,50,ON
2026-03-04 18:19:38,39.54,1.33,61,52,ON
2026-03-04 18:19:40,39.67,0.67,63,50,ON
2026-03-04 18:19:42,39.86,0.67,63,50,ON
2026-03-04 18:19:44,39.59,0.67,63,53,ON
2026-03-04 18:19:46,39.7,0.67,63,50,ON
2026-03-04 18:19:48,39.7,0.67,63,51,ON
2026-03-04 18:19:50,39.73,0.67,65,50,ON
2026-03-04 18:19:52,39.57,0.67,63,52,ON
2026-03-04 18:19:54,39.62,1.33,62,50,ON
2026-03-04 18:19:56,39.78,1.33,61,50,ON
2026-03-04 18:19:58,39.78,0.67,65,51,ON
2026-03-04 18:20:00,39.51,0.67,63,53,ON
2026-03-04 18:20:02,39.46,1.33,62,52,ON
2026-03-04 18:20:04,39.59,1.33,61,51,ON
2026-03-04 18:20:06,39.62,0.67,63,51,ON
2026-03-04 18:20:08,39.7,1.33,61,50,ON
2026-03-04 18:20:10,39.41,1.33,61,54,ON
2026-03-04 18:20:12,39.59,0.67,63,50,ON
2026-03-04 18:20:14,39.57,0.67,64,52,ON
2026-03-04 18:20:16,39.7,0.67,63,50,ON
2026-03-04 18:20:18,39.54,0.67,63,53,ON
2026-03-04 18:20:20,39.7,1.33,62,50,ON
2026-03-04 18:20:22,39.51,0.67,65,53,ON
2026-03-04 18:20:24,39.7,1.33,61,49,ON
2026-03-04 18:20:26,39.67,0.67,64,52,ON
2026-03-04 18:20:28,39.51,0.67,64,52,ON
2026-03-04 18:20:30,39.67,0.67,64,50,ON
2026-03-04 18:20:32,39.7,1.33,62,51,ON
2026-03-04 18:20:34,39.73,1.33,61,51,ON
2026-03-04 18:20:36,39.78,0.67,63,51,ON
2026-03-04 18:20:38,39.73,0.67,62,51,ON
2026-03-04 18:20:40,39.67,1.33,61,51,ON
2026-03-04 18:20:42,39.62,0.67,63,52,ON
2026-03-04 18:20:44,39.57,0.67,64,52,ON
2026-03-04 18:20:46,39.67,2.0,59,51,ON
2026-03-04 18:20:48,39.73,0.67,64,51,ON
2026-03-04 18:20:50,39.81,0.67,63,50,ON
2026-03-04 18:20:52,39.7,1.33,61,52,ON
2026-03-04 18:20:54,39.43,0.67,63,53,ON
2026-03-04 18:20:56,39.83,0.67,63,48,ON
2026-03-04 18:20:58,39.7,1.33,61,53,ON
2026-03-04 18:21:00,39.57,0.67,64,51,ON
2026-03-04 18:21:02,39.83,1.33,61,50,ON
2026-03-04 18:21:04,39.78,0.67,63,52,ON
2026-03-04 18:21:06,39.86,0.67,64,50,ON
2026-03-04 18:21:08,39.67,2.0,59,52,ON
2026-03-04 18:21:10,39.78,0.67,64,50,ON
2026-03-04 18:21:12,39.86,0.67,65,51,ON
2026-03-04 18:21:14,39.78,1.33,61,51,ON
2026-03-04 18:21:16,39.49,0.67,64,53,ON
2026-03-04 18:21:18,39.7,0.67,63,50,ON
2026-03-04 18:21:20,39.67,1.33,61,52,ON
2026-03-04 18:21:22,39.62,0.67,62,51,ON
2026-03-04 18:21:24,39.73,1.33,62,51,ON
2026-03-04 18:21:26,39.75,1.33,60,51,ON
2026-03-04 18:21:28,39.59,0.67,62,52,ON
2026-03-04 18:21:30,39.73,0.67,63,50,ON
2026-03-04 18:21:32,39.78,1.33,61,51,ON
2026-03-04 18:21:34,39.59,0.67,62,52,ON
2026-03-04 18:21:36,39.78,0.67,63,50,ON
2026-03-04 18:21:38,39.7,0.67,64,52,ON
2026-03-04 18:21:40,39.59,1.33,61,52,ON
2026-03-04 18:21:42,39.7,0.67,63,51,ON
2026-03-04 18:21:44,39.57,0.67,64,53,ON
2026-03-04 18:21:46,39.59,0.67,64,51,ON
2026-03-04 18:21:48,39.67,1.33,62,51,ON
2026-03-04 18:21:50,39.86,1.33,62,50,ON
2026-03-04 18:21:52,39.62,0.67,63,53,ON
2026-03-04 18:21:54,39.7,0.67,63,50,ON
2026-03-04 18:21:56,39.51,0.67,63,54,ON
2026-03-04 18:21:58,39.67,1.33,62,50,ON
2026-03-04 18:22:00,39.81,1.33,61,51,ON
2026-03-04 18:22:02,39.49,0.67,64,54,ON
2026-03-04 18:22:04,39.67,1.33,61,50,ON
2026-03-04 18:22:06,39.78,0.67,64,51,ON
2026-03-04 18:22:08,39.81,0.67,64,51,ON
2026-03-04 18:22:10,39.7,0.67,63,52,ON
2026-03-04 18:22:12,39.73,1.33,62,51,ON
2026-03-04 18:22:14,39.51,2.0,59,53,ON
2026-03-04 18:22:16,39.67,1.33,61,50,ON
2026-03-04 18:22:18,39.57,0.67,63,53,ON
2026-03-04 18:22:20,39.54,1.33,61,52,ON
2026-03-04 18:22:22,39.57,1.33,61,52,ON
2026-03-04 18:22:24,39.78,0.67,63,50,ON
2026-03-04 18:22:26,39.54,1.33,62,54,ON
2026-03-04 18:22:28,39.73,1.33,61,50,ON
2026-03-04 18:22:30,39.57,0.67,63,54,ON
2026-03-04 18:22:32,39.78,0.67,65,50,ON
2026-03-04 18:22:34,39.75,1.33,61,52,ON
2026-03-04 18:22:36,39.46,1.33,62,53,ON
2026-03-04 18:22:38,39.62,1.33,61,51,ON
2026-03-04 18:22:40,39.81,2.0,58,51,ON
2026-03-04 18:22:42,39.62,1.33,60,53,ON
2026-03-04 18:22:44,39.83,0.67,64,50,ON
2026-03-04 18:22:46,39.57,1.33,61,54,ON
2026-03-04 18:22:48,39.83,1.33,62,49,ON
2026-03-04 18:22:50,39.86,1.33,62,52,ON
2026-03-04 18:22:52,39.67,2.0,59,52,ON
2026-03-04 18:22:54,39.81,0.67,63,50,ON
2026-03-04 18:22:56,39.75,0.67,62,52,ON
2026-03-04 18:22:58,39.51,0.67,63,53,ON
2026-03-04 18:23:00,39.81,1.33,61,50,ON
2026-03-04 18:23:02,39.86,1.33,61,52,ON
2026-03-04 18:23:04,39.83,2.0,58,51,ON
2026-03-04 18:23:06,39.86,0.67,63,51,ON
2026-03-04 18:23:08,39.67,0.67,64,53,ON
2026-03-04 18:23:10,39.78,1.33,61,50,ON
2026-03-04 18:23:12,39.86,0.67,63,51,ON
2026-03-04 18:23:14,39.86,0.67,64,51,ON
2026-03-04 18:23:16,39.83,1.33,61,51,ON
2026-03-04 18:23:18,39.73,1.33,61,52,ON
2026-03-04 18:23:20,39.7,0.67,63,52,ON
2026-03-04 18:23:22,39.78,0.67,64,51,ON
2026-03-04 18:23:24,39.67,0.67,63,52,ON
2026-03-04 18:23:26,39.89,1.33,61,50,ON
2026-03-04 18:23:28,39.73,0.67,63,53,ON
2026-03-04 18:23:30,39.73,1.33,61,51,ON
2026-03-04 18:23:32,39.43,1.33,61,54,ON
2026-03-04 18:23:34,39.78,1.33,61,49,ON
2026-03-04 18:23:36,39.78,1.33,61,53,ON
2026-03-04 18:23:38,39.78,0.67,63,51,ON
2026-03-04 18:23:40,39.75,0.67,63,52,ON
2026-03-04 18:23:42,39.7,0.67,64,52,ON
2026-03-04 18:23:44,39.83,1.33,61,51,ON
2026-03-04 18:23:46,39.78,1.33,62,52,ON
2026-03-04 18:23:48,39.57,0.67,64,53,ON
2026-03-04 18:23:50,39.75,1.33,63,50,ON
2026-03-04 18:23:52,39.57,0.67,63,54,ON
2026-03-04 18:23:54,39.78,0.67,63,50,ON
2026-03-04 18:23:56,39.81,1.33,62,52,ON
2026-03-04 18:23:58,39.86,0.67,65,51,ON
2026-03-04 18:24:00,39.78,0.67,64,52,ON
2026-03-04 18:24:02,39.78,1.33,63,51,ON
2026-03-04 18:24:04,39.49,0.67,64,54,ON
2026-03-04 18:24:06,39.78,0.67,63,50,ON
2026-03-04 18:24:08,39.59,0.67,63,54,ON
2026-03-04 18:24:10,39.73,1.33,62,50,ON
2026-03-04 18:24:12,39.67,1.33,61,53,ON
2026-03-04 18:24:14,39.67,0.67,64,52,ON
2026-03-04 18:24:16,39.57,1.33,62,53,ON
2026-03-04 18:24:18,39.41,0.67,64,53,ON
2026-03-04 18:24:20,39.67,0.67,63,51,ON
2026-03-04 18:24:22,39.78,1.33,61,52,ON
2026-03-04 18:24:24,39.67,1.33,62,52,ON
2026-03-04 18:24:26,39.73,1.33,61,51,ON
2026-03-04 18:24:28,39.67,0.67,63,53,ON
2026-03-04 18:24:30,39.59,0.67,63,53,ON
2026-03-04 18:24:32,39.7,2.0,59,51,ON
2026-03-04 18:24:34,39.57,0.67,63,53,ON
2026-03-04 18:24:36,39.7,0.67,64,51,ON
2026-03-04 18:24:38,39.73,1.33,62,52,ON
2026-03-04 18:24:40,39.62,1.33,62,53,ON
2026-03-04 18:24:42,39.7,1.33,60,52,ON
2026-03-04 18:24:44,39.67,0.67,63,53,ON
2026-03-04 18:24:46,39.7,0.67,63,52,ON
2026-03-04 18:24:48,39.67,1.33,62,52,ON
2026-03-04 18:24:50,39.67,0.67,63,52,ON
2026-03-04 18:24:52,39.83,0.67,64,51,ON
2026-03-04 18:24:54,39.62,0.67,63,54,ON
2026-03-04 18:24:56,39.75,1.33,61,51,ON
2026-03-04 18:24:58,39.67,1.33,61,53,ON
2026-03-04 18:25:00,39.67,0.67,63,52,ON
2026-03-04 18:25:02,39.7,0.67,63,52,ON
2026-03-04 18:25:04,39.78,0.67,63,51,ON
2026-03-04 18:25:06,39.7,0.67,63,53,ON
2026-03-04 18:25:08,39.81,1.33,60,51,ON
2026-03-04 18:25:10,39.59,1.33,60,54,ON
2026-03-04 18:25:12,39.67,0.67,63,51,ON
2026-03-04 18:25:14,39.83,0.67,63,51,ON
2026-03-04 18:25:16,39.62,1.33,61,54,ON
2026-03-04 18:25:18,39.67,1.33,61,52,ON
2026-03-04 18:25:20,39.78,0.67,64,52,ON
2026-03-04 18:25:22,39.67,0.67,63,53,ON
2026-03-04 18:25:24,39.59,0.67,63,53,ON
2026-03-04 18:25:26,39.7,1.33,61,52,ON
2026-03-04 18:25:28,39.78,1.33,62,52,ON
2026-03-04 18:25:30,39.62,0.67,64,53,ON
2026-03-04 18:25:32,39.78,0.67,64,51,ON
2026-03-04 18:25:34,39.78,0.67,63,53,ON
2026-03-04 18:25:36,39.54,0.67,63,54,ON
2026-03-04 18:25:38,39.75,1.33,61,51,ON
2026-03-04 18:25:40,39.83,1.33,61,52,ON
2026-03-04 18:25:42,39.86,1.33,61,51,ON
2026-03-04 18:25:44,39.78,1.33,62,52,ON
2026-03-04 18:25:46,39.73,1.33,62,52,ON
2026-03-04 18:25:48,39.83,0.67,63,51,ON
2026-03-04 18:25:50,39.86,0.67,64,52,ON
2026-03-04 18:25:52,39.73,0.67,64,53,ON
2026-03-04 18:25:54,39.7,1.33,62,52,ON
2026-03-04 18:25:56,39.81,2.0,58,52,ON
2026-03-04 18:25:58,39.78,0.67,62,52,ON
2026-03-04 18:26:00,39.51,0.67,63,54,ON
2026-03-04 18:26:02,39.83,0.67,64,50,ON
2026-03-04 18:26:04,39.75,1.33,61,53,ON
2026-03-04 18:26:06,39.7,1.33,60,52,ON
2026-03-04 18:26:08,39.86,1.33,60,51,ON
2026-03-04 18:26:10,39.65,0.67,63,54,ON
2026-03-04 18:26:12,39.7,1.33,61,52,ON
2026-03-04 18:26:14,39.62,2.0,59,54,ON
2026-03-04 18:26:16,39.86,1.33,61,50,ON
2026-03-04 18:26:18,39.78,0.67,62,53,ON
2026-03-04 18:26:20,39.83,1.33,61,51,ON
2026-03-04 18:26:22,39.81,1.33,61,53,ON
2026-03-04 18:26:24,39.81,1.33,61,52,ON
2026-03-04 18:26:26,39.89,1.33,61,51,ON
2026-03-04 18:26:28,39.86,1.33,61,52,ON
2026-03-04 18:26:30,39.86,1.33,61,52,ON
2026-03-04 18:26:32,39.83,0.67,63,52,ON
2026-03-04 18:26:34,39.89,1.33,62,51,ON
2026-03-04 18:26:36,39.73,1.33,61,53,ON
2026-03-04 18:26:38,39.75,0.67,64,52,ON
2026-03-04 18:26:40,39.86,1.33,61,52,ON
2026-03-04 18:26:42,39.89,0.67,64,52,ON
2026-03-04 18:26:44,39.67,0.67,64,54,ON
2026-03-04 18:26:46,39.54,0.67,64,53,ON
2026-03-04 18:26:48,39.73,1.33,61,51,ON
2026-03-04 18:26:50,39.89,1.33,61,51,ON
2026-03-04 18:26:52,39.86,0.67,62,52,ON
2026-03-04 18:26:54,39.86,1.33,61,52,ON
2026-03-04 18:26:56,39.91,0.67,62,51,ON
2026-03-04 18:26:58,39.86,1.33,61,52,ON
2026-03-04 18:27:00,39.86,0.67,63,52,ON
2026-03-04 18:27:02,39.94,0.67,64,51,ON
2026-03-04 18:27:04,39.81,1.33,60,53,ON
2026-03-04 18:27:06,39.97,1.33,60,50,ON
2026-03-04 18:27:08,39.86,1.33,60,53,ON
2026-03-04 18:27:10,39.81,1.33,60,52,ON
2026-03-04 18:27:12,39.81,1.33,62,52,ON
2026-03-04 18:27:14,39.83,1.33,60,52,ON
2026-03-04 18:27:16,39.86,1.33,61,52,ON
2026-03-04 18:27:18,39.78,1.33,62,53,ON
2026-03-04 18:27:20,39.99,0.67,63,50,ON
2026-03-04 18:27:22,39.86,0.67,63,53,ON
2026-03-04 18:27:24,39.86,0.67,63,51,ON
2026-03-04 18:27:26,39.86,0.67,63,52,ON
2026-03-04 18:27:28,39.86,1.33,62,52,ON
2026-03-04 18:27:30,39.83,1.33,61,52,ON
2026-03-04 18:27:32,39.86,0.67,64,52,ON
2026-03-04 18:27:34,39.91,0.67,64,52,ON
2026-03-04 18:27:36,39.81,0.67,63,53,ON
2026-03-04 18:27:38,39.83,0.67,63,52,ON
2026-03-04 18:27:40,39.83,1.33,61,52,ON
2026-03-04 18:27:42,39.81,2.0,59,52,ON
2026-03-04 18:27:44,39.94,1.33,61,51,ON
2026-03-04 18:27:46,39.86,1.33,61,53,ON
2026-03-04 18:27:48,39.83,1.33,60,52,ON
2026-03-04 18:27:50,39.83,0.67,62,52,ON
2026-03-04 18:27:52,39.86,1.33,61,52,ON
2026-03-04 18:27:54,39.67,0.67,63,54,ON
2026-03-04 18:27:56,39.86,0.67,63,51,ON
2026-03-04 18:27:58,39.86,1.33,61,53,ON
2026-03-04 18:28:00,39.91,0.67,62,51,ON
2026-03-04 18:28:02,39.94,1.33,61,52,ON
2026-03-04 18:28:04,39.86,1.33,61,52,ON
2026-03-04 18:28:06,39.83,0.67,62,52,ON
2026-03-04 18:28:08,39.86,0.67,63,52,ON
2026-03-04 18:28:10,39.89,0.67,64,52,ON
2026-03-04 18:28:12,39.86,0.67,63,52,ON
2026-03-04 18:28:14,39.89,0.67,64,52,ON
2026-03-04 18:28:16,39.83,1.33,61,52,ON
2026-03-04 18:28:18,39.89,0.67,62,52,ON
2026-03-04 18:28:20,39.86,0.67,63,52,ON
2026-03-04 18:28:22,39.86,0.67,63,52,ON
2026-03-04 18:28:24,39.94,0.67,63,51,ON
2026-03-04 18:28:26,40.02,1.33,61,51,ON
2026-03-04 18:28:28,39.86,0.67,63,53,ON
2026-03-04 18:28:30,39.94,0.67,63,51,ON
2026-03-04 18:28:32,39.99,0.67,63,52,ON
2026-03-04 18:28:34,39.86,0.67,63,53,ON
2026-03-04 18:28:36,39.91,1.33,61,51,ON
2026-03-04 18:28:38,39.78,0.67,63,53,ON
2026-03-04 18:28:40,39.89,0.67,63,51,ON
2026-03-04 18:28:42,39.83,1.33,61,53,ON
2026-03-04 18:28:44,39.91,0.67,63,51,ON
2026-03-04 18:28:46,39.86,0.67,64,53,ON
2026-03-04 18:28:48,39.86,1.33,61,52,ON
2026-03-04 18:28:50,39.94,0.67,63,52,ON
2026-03-04 18:28:52,39.94,1.33,61,52,ON
2026-03-04 18:28:54,39.86,0.67,63,52,ON
2026-03-04 18:28:56,39.86,0.67,62,52,ON
2026-03-04 18:28:58,39.99,0.67,63,51,ON
2026-03-04 18:29:00,39.62,0.67,63,55,ON
2026-03-04 18:29:02,39.86,0.67,63,50,ON
2026-03-04 18:29:04,39.89,0.67,63,53,ON
2026-03-04 18:29:06,39.94,1.33,61,51,ON
2026-03-04 18:29:08,39.94,0.67,63,52,ON
2026-03-04 18:29:10,39.86,0.67,63,52,ON
2026-03-04 18:29:12,39.86,1.33,61,52,ON
2026-03-04 18:29:14,39.99,0.67,64,51,ON
2026-03-04 18:29:16,39.91,0.67,63,53,ON
2026-03-04 18:29:18,40.02,1.33,61,51,ON
2026-03-04 18:29:20,39.86,1.33,60,53,ON
2026-03-04 18:29:22,39.94,1.33,61,51,ON
2026-03-04 18:29:24,39.83,0.67,63,53,ON
2026-03-04 18:29:26,39.94,0.67,64,51,ON
2026-03-04 18:29:28,39.94,0.67,62,52,ON
2026-03-04 18:29:30,39.99,0.67,63,51,ON
2026-03-04 18:29:32,39.86,0.67,62,53,ON
2026-03-04 18:29:34,39.89,0.67,63,51,ON
2026-03-04 18:29:36,39.89,0.67,63,52,ON
2026-03-04 18:29:38,39.91,1.33,62,52,ON
2026-03-04 18:29:40,39.81,0.67,62,53,ON
2026-03-04 18:29:42,39.99,0.67,62,50,ON
2026-03-04 18:29:44,39.78,0.67,63,54,ON
2026-03-04 18:29:46,39.78,1.33,61,52,ON
2026-03-04 18:29:48,39.99,1.33,61,51,ON
2026-03-04 18:29:50,39.99,1.33,61,52,ON
2026-03-04 18:29:52,39.89,0.67,63,52,ON
2026-03-04 18:29:54,39.81,1.33,61,53,ON
2026-03-04 18:29:56,39.94,0.67,63,51,ON
2026-03-04 18:29:58,39.91,0.67,62,52,ON
2026-03-04 18:30:00,39.78,0.67,63,53,ON
2026-03-04 18:30:02,39.99,0.67,62,51,ON
2026-03-04 18:30:04,39.83,0.67,62,54,ON
2026-03-04 18:30:06,39.86,1.33,61,51,ON
2026-03-04 18:30:08,39.89,0.67,63,52,ON
2026-03-04 18:30:10,39.86,1.33,60,52,ON
2026-03-04 18:30:12,40.02,0.67,63,51,ON
2026-03-04 18:30:14,39.75,0.67,63,54,ON
2026-03-04 18:30:16,39.91,1.33,62,50,ON
2026-03-04 18:30:18,39.83,0.67,62,53,ON
2026-03-04 18:30:20,39.86,0.67,63,52,ON
2026-03-04 18:30:22,39.91,0.67,64,52,ON
2026-03-04 18:30:24,39.83,0.67,63,53,ON
2026-03-04 18:30:26,39.99,0.67,63,51,ON
2026-03-04 18:30:28,39.86,1.33,60,53,ON
2026-03-04 18:30:30,39.75,0.67,62,53,ON
2026-03-04 18:30:32,39.83,1.33,61,52,ON
2026-03-04 18:30:34,39.86,0.67,63,52,ON
2026-03-04 18:30:36,39.91,0.67,63,52,ON
2026-03-04 18:30:38,39.78,1.33,61,53,ON
2026-03-04 18:30:40,39.97,0.67,62,51,ON
2026-03-04 18:30:42,39.73,0.67,63,54,ON
2026-03-04 18:30:44,39.91,1.33,61,50,ON
2026-03-04 18:30:46,39.86,0.67,64,53,ON
2026-03-04 18:30:48,39.83,1.33,61,52,ON
2026-03-04 18:30:50,39.81,1.33,60,53,ON
2026-03-04 18:30:52,39.91,1.33,61,51,ON
2026-03-04 18:30:54,39.89,0.67,63,53,ON
2026-03-04 18:30:56,39.86,0.67,62,52,ON
2026-03-04 18:30:58,39.86,0.67,63,52,ON
2026-03-04 18:31:00,39.94,0.67,63,52,ON
2026-03-04 18:31:02,39.86,0.67,64,53,ON
2026-03-04 18:31:04,39.86,1.33,62,52,ON
2026-03-04 18:31:06,39.78,0.67,64,53,ON
2026-03-04 18:31:08,39.86,0.67,63,52,ON
2026-03-04 18:31:10,39.89,1.33,61,52,ON
2026-03-04 18:31:12,40.05,0.67,64,51,ON
2026-03-04 18:31:14,39.94,1.33,61,53,ON
2026-03-04 18:31:16,39.86,1.33,61,52,ON
2026-03-04 18:31:18,39.91,0.67,64,52,ON
2026-03-04 18:31:20,39.89,0.67,62,52,ON
2026-03-04 18:31:22,39.94,1.33,61,52,ON
2026-03-04 18:31:24,39.89,1.33,61,53,ON
2026-03-04 18:31:26,39.86,0.67,63,52,ON
2026-03-04 18:31:28,39.86,0.67,65,52,ON
2026-03-04 18:31:30,39.86,1.33,61,52,ON
2026-03-04 18:31:32,40.02,1.33,61,51,ON
2026-03-04 18:31:34,40.05,0.67,64,52,ON
2026-03-04 18:31:36,39.94,0.67,63,52,ON
2026-03-04 18:31:38,39.94,0.67,63,52,ON
2026-03-04 18:31:40,39.86,0.67,63,53,ON
2026-03-04 18:31:42,39.91,1.33,61,52,ON
2026-03-04 18:31:44,39.94,1.33,60,52,ON
2026-03-04 18:31:46,39.73,0.67,62,54,ON
2026-03-04 18:31:48,39.91,0.67,62,51,ON
2026-03-04 18:31:50,39.89,1.33,61,53,ON
2026-03-04 18:31:52,39.94,1.33,61,51,ON
2026-03-04 18:31:54,39.99,1.33,61,52,ON
2026-03-04 18:31:56,39.78,1.33,61,54,ON
2026-03-04 18:31:58,39.86,0.67,62,52,ON
2026-03-04 18:32:00,39.86,1.33,60,53,ON
2026-03-04 18:32:02,39.89,0.67,63,52,ON
2026-03-04 18:32:04,39.86,0.67,63,53,ON
2026-03-04 18:32:06,39.99,1.33,61,51,ON
2026-03-04 18:32:08,39.99,0.67,64,52,ON
2026-03-04 18:32:10,39.94,1.33,62,52,ON
2026-03-04 18:32:12,39.86,1.33,61,53,ON
2026-03-04 18:32:14,39.89,1.33,60,52,ON
2026-03-04 18:32:16,39.83,0.67,63,53,ON
2026-03-04 18:32:18,39.99,0.67,63,51,ON
2026-03-04 18:32:20,39.91,0.67,63,53,ON
2026-03-04 18:32:22,39.86,0.67,62,52,ON
2026-03-04 18:32:24,39.89,0.67,63,52,ON
2026-03-04 18:32:26,39.99,0.67,64,51,ON
2026-03-04 18:32:28,39.86,0.67,62,53,ON
2026-03-04 18:32:30,39.81,0.67,63,52,ON
2026-03-04 18:32:32,39.81,0.67,62,53,ON
2026-03-04 18:32:34,39.86,0.67,62,52,ON
2026-03-04 18:32:36,39.94,1.33,61,52,ON
2026-03-04 18:32:38,39.86,0.67,63,53,ON
2026-03-04 18:32:40,39.86,0.67,63,52,ON
2026-03-04 18:32:42,39.89,0.67,63,52,ON
2026-03-04 18:32:44,39.94,0.67,62,52,ON
2026-03-04 18:32:46,39.91,0.67,62,52,ON
2026-03-04 18:32:48,39.89,0.67,63,52,ON
2026-03-04 18:32:50,39.91,1.33,61,52,ON
2026-03-04 18:32:52,40.24,1.33,61,50,ON
2026-03-04 18:32:54,39.97,0.67,64,54,ON
2026-03-04 18:32:56,40.02,1.33,61,51,ON
2026-03-04 18:32:58,40.05,1.33,62,52,ON
2026-03-04 18:33:00,40.07,0.67,63,51,ON
2026-03-04 18:33:02,39.94,0.67,62,53,ON
2026-03-04 18:33:04,39.97,2.0,59,52,ON
2026-03-04 18:33:06,39.99,1.33,61,52,ON
2026-03-04 18:33:08,39.94,0.67,63,52,ON
2026-03-04 18:33:10,39.86,1.33,61,53,ON
2026-03-04 18:33:12,40.02,0.67,63,51,ON
2026-03-04 18:33:14,40.13,1.33,61,51,ON
2026-03-04 18:33:16,40.21,2.0,59,51,ON
2026-03-04 18:33:18,40.16,2.0,60,52,ON
2026-03-04 18:33:20,39.99,0.67,62,52,ON
2026-03-04 18:33:22,39.99,0.67,63,52,ON
2026-03-04 18:33:24,39.94,0.67,63,52,ON
2026-03-04 18:33:26,39.99,1.33,61,51,ON
2026-03-04 18:33:28,39.97,0.67,63,52,ON
2026-03-04 18:33:30,39.94,1.33,61,52,ON
2026-03-04 18:33:32,40.05,0.67,63,51,ON
2026-03-04 18:33:34,39.91,1.33,60,53,ON
2026-03-04 18:33:36,40.05,1.33,60,51,ON
2026-03-04 18:33:38,40.13,1.33,61,52,ON
2026-03-04 18:33:40,39.86,0.67,62,54,ON
2026-03-04 18:33:42,40.16,0.67,62,49,ON
2026-03-04 18:33:44,40.05,1.33,60,53,ON
2026-03-04 18:33:46,40.13,0.67,63,50,ON
2026-03-04 18:33:48,40.1,2.0,59,52,ON
2026-03-04 18:33:50,39.97,2.0,59,52,ON
2026-03-04 18:33:52,40.13,1.33,61,50,ON
2026-03-04 18:33:54,39.94,0.67,63,53,ON
2026-03-04 18:33:56,40.21,0.67,63,49,ON
2026-03-04 18:33:58,40.16,0.67,63,52,ON
2026-03-04 18:34:00,40.05,0.67,63,52,ON
2026-03-04 18:34:02,39.99,0.67,63,52,ON
2026-03-04 18:34:04,39.99,0.67,63,52,ON
2026-03-04 18:34:06,40.13,0.67,62,51,ON
2026-03-04 18:34:08,40.21,0.67,64,51,ON
2026-03-04 18:34:10,39.91,1.33,61,54,ON
2026-03-04 18:34:12,39.86,2.0,59,52,ON
2026-03-04 18:34:14,40.21,0.67,64,50,ON
2026-03-04 18:34:16,39.94,1.33,61,54,ON
2026-03-04 18:34:18,40.1,0.67,63,50,ON
2026-03-04 18:34:20,39.94,0.67,63,54,ON
2026-03-04 18:34:22,40.02,0.67,63,51,ON
2026-03-04 18:34:24,40.1,0.67,63,52,ON
2026-03-04 18:34:26,39.99,1.33,61,52,ON
2026-03-04 18:34:28,39.91,1.33,62,52,ON
2026-03-04 18:34:30,40.02,0.67,63,51,ON
2026-03-04 18:34:32,40.13,1.33,61,51,ON
2026-03-04 18:34:34,39.97,2.0,59,53,ON
2026-03-04 18:34:36,40.02,1.33,60,51,ON
2026-03-04 18:34:38,39.89,1.33,61,53,ON
2026-03-04 18:34:40,39.94,0.67,62,51,ON
2026-03-04 18:34:42,40.1,1.33,61,51,ON
2026-03-04 18:34:44,40.02,0.67,62,52,ON
2026-03-04 18:34:46,40.16,0.67,63,50,ON
2026-03-04 18:34:48,39.99,1.33,61,53,ON
2026-03-04 18:34:50,39.97,1.33,61,52,ON
2026-03-04 18:34:52,40.02,0.67,62,52,ON
2026-03-04 18:34:54,40.05,1.33,60,52,ON
2026-03-04 18:34:56,40.16,0.67,63,51,ON
2026-03-04 18:34:58,40.13,1.33,60,52,ON
2026-03-04 18:35:00,39.91,2.0,58,53,ON
2026-03-04 18:35:02,40.13,0.67,63,50,ON
2026-03-04 18:35:04,39.86,1.33,61,54,ON
2026-03-04 18:35:06,40.02,0.67,62,50,ON
2026-03-04 18:35:08,39.89,0.67,63,54,ON
2026-03-04 18:35:10,40.1,0.67,63,50,ON
2026-03-04 18:35:12,39.94,1.33,62,54,ON
2026-03-04 18:35:14,39.86,1.33,60,52,ON
2026-03-04 18:35:16,39.94,0.67,63,52,ON
2026-03-04 18:35:18,39.94,0.67,63,52,ON
2026-03-04 18:35:20,39.89,0.67,63,52,ON
2026-03-04 18:35:22,39.97,1.33,61,52,ON
2026-03-04 18:35:24,40.05,1.33,61,52,ON
2026-03-04 18:35:26,39.89,1.33,60,53,ON
2026-03-04 18:35:28,39.91,1.33,61,52,ON
2026-03-04 18:35:30,39.89,1.33,60,53,ON
2026-03-04 18:35:32,39.86,0.67,62,52,ON
2026-03-04 18:35:34,39.99,1.33,60,51,ON
2026-03-04 18:35:36,39.89,1.33,60,53,ON
2026-03-04 18:35:38,39.89,1.33,61,52,ON
2026-03-04 18:35:40,39.86,1.33,61,53,ON
2026-03-04 18:35:42,39.81,0.67,63,53,ON
2026-03-04 18:35:44,39.91,1.33,61,52,ON
2026-03-04 18:35:46,39.94,0.67,63,52,ON
2026-03-04 18:35:48,40.05,0.67,63,51,ON
2026-03-04 18:35:50,39.91,0.67,63,53,ON
2026-03-04 18:35:52,39.91,0.67,63,52,ON
2026-03-04 18:35:54,40.02,0.67,63,52,ON
2026-03-04 18:35:56,39.94,1.33,61,53,ON
2026-03-04 18:35:58,39.89,0.67,63,52,ON
2026-03-04 18:36:00,39.91,0.67,62,52,ON
2026-03-04 18:36:02,39.99,1.33,60,52,ON
2026-03-04 18:36:04,39.99,2.0,58,52,ON
2026-03-04 18:36:06,39.89,0.67,63,53,ON
2026-03-04 18:36:08,39.99,1.33,60,51,ON
2026-03-04 18:36:10,39.86,1.33,60,53,ON
2026-03-04 18:36:12,39.86,0.67,63,52,ON
2026-03-04 18:36:14,39.86,0.67,63,53,ON
2026-03-04 18:36:16,39.86,1.33,60,52,ON
2026-03-04 18:36:18,39.97,0.67,64,52,ON
2026-03-04 18:36:20,39.91,0.67,63,53,ON
2026-03-04 18:36:22,39.99,0.67,63,51,ON
2026-03-04 18:36:24,39.97,0.67,64,52,ON
2026-03-04 18:36:26,40.05,0.67,63,51,ON
2026-03-04 18:36:28,39.86,0.67,63,54,ON
2026-03-04 18:36:30,40.13,0.67,62,50,ON
2026-03-04 18:36:32,39.86,1.33,61,55,ON
2026-03-04 18:36:34,39.86,1.33,61,51,ON
2026-03-04 18:36:36,39.89,2.0,58,53,ON
2026-03-04 18:36:38,39.83,1.33,60,53,ON
2026-03-04 18:36:40,39.89,0.67,62,52,ON
2026-03-04 18:36:42,39.89,0.67,63,53,ON
2026-03-04 18:36:44,39.89,0.67,63,52,ON
2026-03-04 18:36:46,39.83,0.67,62,53,ON
2026-03-04 18:36:48,39.86,1.33,60,52,ON
2026-03-04 18:36:50,39.89,0.67,62,52,ON
2026-03-04 18:36:52,40.02,1.33,61,51,ON
2026-03-04 18:36:54,39.99,1.33,60,52,ON
2026-03-04 18:36:56,39.89,1.33,60,53,ON
2026-03-04 18:36:58,39.91,0.67,63,52,ON
2026-03-04 18:37:00,39.75,0.67,63,54,ON
2026-03-04 18:37:02,39.89,1.33,60,51,ON
2026-03-04 18:37:04,40.05,1.33,60,52,ON
2026-03-04 18:37:06,39.91,0.67,63,53,ON
2026-03-04 18:37:08,39.83,1.33,60,53,ON
2026-03-04 18:37:10,39.83,1.33,60,53,ON
2026-03-04 18:37:12,39.89,0.67,62,52,ON
2026-03-04 18:37:14,39.94,0.67,62,52,ON
2026-03-04 18:37:16,39.86,1.33,60,53,ON
2026-03-04 18:37:18,39.86,0.67,62,52,ON
2026-03-04 18:37:20,39.86,2.0,58,53,ON
2026-03-04 18:37:22,39.94,0.67,62,52,ON
2026-03-04 18:37:24,40.02,0.67,62,52,ON
2026-03-04 18:37:26,39.86,0.67,62,53,ON
2026-03-04 18:37:28,39.89,1.33,61,52,ON
2026-03-04 18:37:30,39.83,0.67,62,53,ON
2026-03-04 18:37:32,39.86,0.67,62,52,ON
2026-03-04 18:37:34,39.78,1.33,60,53,ON
2026-03-04 18:37:36,39.86,1.33,60,52,ON
2026-03-04 18:37:38,39.86,0.67,62,53,ON
2026-03-04 18:37:40,40.05,0.67,62,51,ON
2026-03-04 18:37:42,39.94,0.67,62,53,ON
2026-03-04 18:37:44,39.99,0.67,64,51,ON
2026-03-04 18:37:46,39.86,0.67,63,54,ON
2026-03-04 18:37:48,39.67,1.33,60,54,ON
2026-03-04 18:37:50,39.86,0.67,63,52,ON
2026-03-04 18:37:52,39.83,2.0,58,53,ON
2026-03-04 18:37:54,39.89,1.33,60,52,ON
2026-03-04 18:37:56,39.83,0.67,62,53,ON
2026-03-04 18:37:58,39.86,1.33,60,52,ON
2026-03-04 18:38:00,40.02,0.67,62,51,ON
2026-03-04 18:38:02,39.86,0.67,62,54,ON
2026-03-04 18:38:04,39.89,0.67,63,52,ON
2026-03-04 18:38:06,40.05,1.33,60,51,ON
2026-03-04 18:38:08,39.99,0.67,63,53,ON
2026-03-04 18:38:10,39.91,1.33,60,53,ON
2026-03-04 18:38:12,39.89,1.33,60,53,ON
2026-03-04 18:38:14,39.89,0.67,62,52,ON
2026-03-04 18:38:16,39.86,1.33,60,53,ON
2026-03-04 18:38:18,40.02,1.33,60,51,ON
2026-03-04 18:38:20,39.89,0.67,63,54,ON
2026-03-04 18:38:22,39.73,0.67,62,53,ON
2026-03-04 18:38:24,39.81,0.67,62,52,ON
2026-03-04 18:38:26,39.94,1.33,60,52,ON
2026-03-04 18:38:28,39.91,2.0,58,53,ON
2026-03-04 18:38:30,39.91,1.33,60,52,ON
2026-03-04 18:38:32,39.94,0.67,63,52,ON
2026-03-04 18:38:34,39.89,0.67,63,53,ON
2026-03-04 18:38:36,39.86,1.33,61,53,ON
2026-03-04 18:38:38,39.94,2.0,58,52,ON
2026-03-04 18:38:40,39.89,0.67,63,53,ON
2026-03-04 18:38:42,39.86,2.0,58,53,ON
2026-03-04 18:38:44,39.86,0.67,63,53,ON
2026-03-04 18:38:46,39.86,1.33,60,53,ON
2026-03-04 18:38:48,39.78,0.67,62,53,ON
2026-03-04 18:38:50,39.86,0.67,62,52,ON
2026-03-04 18:38:52,39.94,0.67,62,52,ON
2026-03-04 18:38:54,39.78,1.33,60,54,ON
2026-03-04 18:38:56,39.97,0.67,62,51,ON
2026-03-04 18:38:58,39.73,0.67,63,55,ON
2026-03-04 18:39:00,39.89,0.67,62,51,ON
2026-03-04 18:39:02,39.86,0.67,63,54,ON
2026-03-04 18:39:04,39.86,1.33,61,52,ON
2026-03-04 18:39:06,39.99,1.33,60,52,ON
2026-03-04 18:39:08,39.99,0.67,62,52,ON
2026-03-04 18:39:10,40.1,1.33,60,51,ON
2026-03-04 18:39:12,39.86,0.67,63,54,ON
2026-03-04 18:39:14,39.89,0.67,63,52,ON
2026-03-04 18:39:16,40.1,0.67,62,51,ON
2026-03-04 18:39:18,39.91,0.67,63,54,ON
2026-03-04 18:39:20,40.1,1.33,60,50,ON
2026-03-04 18:39:22,39.91,1.33,60,54,ON
2026-03-04 18:39:24,39.86,1.33,61,52,ON
2026-03-04 18:39:26,39.99,0.67,63,52,ON
2026-03-04 18:39:28,39.94,1.33,60,53,ON
2026-03-04 18:39:30,40.1,1.33,60,51,ON
2026-03-04 18:39:32,39.86,1.33,62,54,ON
2026-03-04 18:39:34,39.86,1.33,60,52,ON
2026-03-04 18:39:36,40.02,0.67,62,52,ON
2026-03-04 18:39:38,39.86,1.33,60,54,ON
2026-03-04 18:39:40,39.99,0.67,62,51,ON
2026-03-04 18:39:42,40.1,1.33,60,52,ON
2026-03-04 18:39:44,39.94,1.33,62,53,ON
2026-03-04 18:39:46,40.1,0.67,62,51,ON
2026-03-04 18:39:48,39.89,0.67,62,54,ON
2026-03-04 18:39:50,39.89,1.33,60,52,ON
2026-03-04 18:39:52,39.86,0.67,62,53,ON
2026-03-04 18:39:54,39.86,1.33,60,52,ON
2026-03-04 18:39:56,39.94,1.33,60,52,ON
2026-03-04 18:39:58,39.86,0.67,63,53,ON
2026-03-04 18:40:00,39.86,0.67,63,52,ON
2026-03-04 18:40:02,40.05,1.33,60,51,ON
2026-03-04 18:40:04,39.89,1.33,61,54,ON
2026-03-04 18:40:06,39.75,0.67,63,53,ON
2026-03-04 18:40:08,39.99,1.33,60,51,ON
2026-03-04 18:40:10,39.78,0.67,63,55,ON
2026-03-04 18:40:12,39.81,1.33,60,52,ON
2026-03-04 18:40:14,39.94,0.67,63,52,ON
2026-03-04 18:40:16,39.94,0.67,62,53,ON
2026-03-04 18:40:18,39.89,0.67,62,53,ON
2026-03-04 18:40:20,39.99,0.67,62,52,ON
2026-03-04 18:40:22,40.02,0.67,62,52,ON
2026-03-04 18:40:24,39.91,1.33,61,53,ON
2026-03-04 18:40:26,39.86,0.67,62,53,ON
2026-03-04 18:40:28,39.83,0.67,62,53,ON
2026-03-04 18:40:30,39.86,1.33,60,53,ON
2026-03-04 18:40:32,39.86,1.33,61,53,ON
2026-03-04 18:40:34,39.86,0.67,62,53,ON
2026-03-04 18:40:36,39.86,0.67,63,53,ON
2026-03-04 18:40:38,39.91,0.67,64,52,ON
2026-03-04 18:40:40,39.86,0.67,63,53,ON
2026-03-04 18:40:42,39.94,1.33,60,52,ON
2026-03-04 18:40:44,39.73,1.33,60,55,ON
2026-03-04 18:40:46,39.86,1.33,60,52,ON
2026-03-04 18:40:48,39.89,0.67,64,53,ON
2026-03-04 18:40:50,39.89,0.67,62,52,ON
2026-03-04 18:40:52,39.99,2.0,59,52,ON
