timestamp,vazao_L_min,pulsos,dc_temp_%,dc_cooler_%
2026-03-15 19:23:48,0.0,0,0,100
2026-03-15 19:23:48,0.0,0,0,100
2026-03-15 19:23:49,0.0,0,0,100
2026-03-15 19:23:49,0.0,0,0,100
2026-03-15 19:23:49,0.0,0,0,100
2026-03-15 19:23:49,0.0,0,0,100
2026-03-15 19:23:49,0.0,0,0,100
2026-03-15 19:23:50,0.0,0,0,100
2026-03-15 19:23:50,0.0,0,0,100
2026-03-15 19:23:50,0.0,0,0,100
2026-03-15 19:23:50,0.0,0,0,100
2026-03-15 19:23:50,0.0,0,0,100
2026-03-15 19:23:51,0.0,0,0,100
2026-03-15 19:23:51,0.0,0,0,100
2026-03-15 19:23:51,0.0,0,0,100
2026-03-15 19:23:51,0.0,0,0,100
2026-03-15 19:23:51,0.0,0,0,100
2026-03-15 19:23:52,0.0,0,0,100
2026-03-15 19:23:52,0.0,0,0,100
2026-03-15 19:23:52,0.0,0,0,100
2026-03-15 19:23:52,0.0,0,0,100
2026-03-15 19:23:52,0.0,0,0,100
2026-03-15 19:23:53,0.0,0,0,100
2026-03-15 19:23:53,0.0,0,0,100
2026-03-15 19:23:53,0.67,1,0,100
2026-03-15 19:23:53,0.0,0,0,100
2026-03-15 19:23:53,0.0,0,0,100
2026-03-15 19:23:54,0.0,0,0,100
2026-03-15 19:23:54,0.0,0,0,100
2026-03-15 19:23:54,0.0,0,0,100
2026-03-15 19:23:54,0.0,0,0,100
2026-03-15 19:23:54,0.0,0,0,100
2026-03-15 19:23:55,0.0,0,0,100
2026-03-15 19:23:55,0.0,0,0,100
2026-03-15 19:23:55,0.0,0,0,100
2026-03-15 19:23:55,0.0,0,0,100
2026-03-15 19:23:55,0.0,0,0,100
2026-03-15 19:23:56,0.0,0,0,100
2026-03-15 19:23:56,0.0,0,0,100
2026-03-15 19:23:56,0.67,1,0,100
2026-03-15 19:23:56,0.67,1,0,100
2026-03-15 19:23:56,0.67,1,0,100
2026-03-15 19:23:57,1.33,2,0,100
2026-03-15 19:23:57,1.33,2,0,100
2026-03-15 19:23:57,2.67,4,0,100
2026-03-15 19:23:57,2.67,4,0,100
2026-03-15 19:23:57,3.33,5,0,100
2026-03-15 19:23:58,3.33,5,0,100
2026-03-15 19:23:58,4.0,6,0,100
2026-03-15 19:23:58,4.67,7,0,100
2026-03-15 19:23:58,4.67,7,0,100
2026-03-15 19:23:58,4.67,7,0,100
2026-03-15 19:23:59,6.0,9,0,100
2026-03-15 19:23:59,5.33,8,0,100
2026-03-15 19:23:59,6.0,9,0,100
2026-03-15 19:23:59,6.67,10,0,100
2026-03-15 19:23:59,6.67,10,0,100
2026-03-15 19:24:00,7.33,11,0,100
2026-03-15 19:24:00,7.33,11,0,100
2026-03-15 19:24:00,8.0,12,0,100
2026-03-15 19:24:00,8.0,12,0,100
2026-03-15 19:24:00,8.0,12,0,100
2026-03-15 19:24:01,8.67,13,0,100
2026-03-15 19:24:01,8.67,13,0,100
2026-03-15 19:24:01,9.33,14,0,100
2026-03-15 19:24:01,8.67,13,0,100
2026-03-15 19:24:01,9.33,14,0,100
2026-03-15 19:24:02,9.33,14,0,100
2026-03-15 19:24:02,9.33,14,0,100
2026-03-15 19:24:02,10.0,15,0,100
2026-03-15 19:24:02,9.33,14,0,100
2026-03-15 19:24:02,10.0,15,0,100
2026-03-15 19:24:03,9.33,14,0,100
2026-03-15 19:24:03,10.0,15,0,100
2026-03-15 19:24:03,10.0,15,0,100
2026-03-15 19:24:03,10.0,15,0,100
2026-03-15 19:24:03,10.0,15,0,100
2026-03-15 19:24:04,10.0,15,0,100
2026-03-15 19:24:04,10.0,15,0,100
2026-03-15 19:24:04,10.67,16,0,100
2026-03-15 19:24:04,10.0,15,0,100
2026-03-15 19:24:04,10.0,15,0,100
2026-03-15 19:24:05,10.0,15,0,100
2026-03-15 19:24:05,10.67,16,0,100
2026-03-15 19:24:05,10.0,15,0,100
2026-03-15 19:24:05,10.0,15,0,100
2026-03-15 19:24:05,10.67,16,0,100
2026-03-15 19:24:06,10.0,15,0,100
2026-03-15 19:24:06,10.67,16,0,100
2026-03-15 19:24:06,10.0,15,0,100
2026-03-15 19:24:06,10.67,16,0,100
2026-03-15 19:24:06,10.0,15,0,100
2026-03-15 19:24:07,10.67,16,0,100
2026-03-15 19:24:07,10.0,15,0,100
2026-03-15 19:24:07,10.0,15,0,100
2026-03-15 19:24:07,10.67,16,0,100
2026-03-15 19:24:07,10.0,15,0,100
2026-03-15 19:24:08,10.0,15,0,100
2026-03-15 19:24:08,10.0,15,0,100
2026-03-15 19:24:08,10.67,16,0,100
2026-03-15 19:24:08,10.0,15,0,100
2026-03-15 19:24:08,10.0,15,0,100
2026-03-15 19:24:09,10.0,15,0,100
2026-03-15 19:24:09,10.0,15,0,100
2026-03-15 19:24:09,10.0,15,0,100
2026-03-15 19:24:09,10.0,15,0,100
2026-03-15 19:24:09,10.0,15,0,100
2026-03-15 19:24:10,10.0,15,0,100
2026-03-15 19:24:10,10.0,15,0,100
2026-03-15 19:24:10,9.33,14,0,100
2026-03-15 19:24:10,10.0,15,0,100
2026-03-15 19:24:10,10.0,15,0,100
2026-03-15 19:24:11,10.0,15,0,100
2026-03-15 19:24:11,9.33,14,0,100
2026-03-15 19:24:11,10.0,15,0,100
2026-03-15 19:24:11,10.0,15,0,100
2026-03-15 19:24:11,10.0,15,0,100
2026-03-15 19:24:12,9.33,14,0,100
2026-03-15 19:24:12,10.0,15,0,100
2026-03-15 19:24:12,10.0,15,0,100
2026-03-15 19:24:12,10.0,15,0,100
2026-03-15 19:24:12,10.0,15,0,100
2026-03-15 19:24:13,10.0,15,0,100
2026-03-15 19:24:13,10.0,15,0,100
2026-03-15 19:24:13,10.0,15,0,100
2026-03-15 19:24:13,10.0,15,0,100
2026-03-15 19:24:13,10.0,15,0,100
2026-03-15 19:24:14,10.0,15,0,100
2026-03-15 19:24:14,10.0,15,0,100
2026-03-15 19:24:14,10.0,15,0,100
2026-03-15 19:24:14,10.0,15,0,100
2026-03-15 19:24:14,10.0,15,0,100
2026-03-15 19:24:15,10.0,15,0,100
2026-03-15 19:24:15,10.0,15,0,100
2026-03-15 19:24:15,10.0,15,0,100
2026-03-15 19:24:15,10.0,15,0,100
2026-03-15 19:24:15,10.0,15,0,100
2026-03-15 19:24:16,10.67,16,0,100
2026-03-15 19:24:16,10.0,15,0,100
2026-03-15 19:24:16,10.0,15,0,100
2026-03-15 19:24:16,10.0,15,0,100
2026-03-15 19:24:16,10.0,15,0,100
2026-03-15 19:24:17,10.0,15,0,100
2026-03-15 19:24:17,10.0,15,0,100
2026-03-15 19:24:17,10.67,16,0,100
2026-03-15 19:24:17,10.0,15,0,100
2026-03-15 19:24:17,10.0,15,0,100
2026-03-15 19:24:18,10.0,15,0,100
2026-03-15 19:24:18,10.67,16,0,100
2026-03-15 19:24:18,10.0,15,0,100
2026-03-15 19:24:18,10.0,15,0,100
2026-03-15 19:24:18,10.0,15,0,100
2026-03-15 19:24:19,10.67,16,0,100
2026-03-15 19:24:19,10.0,15,0,100
2026-03-15 19:24:19,10.0,15,0,100
2026-03-15 19:24:19,10.0,15,0,100
2026-03-15 19:24:19,10.67,16,0,100
2026-03-15 19:24:20,10.0,15,0,100
2026-03-15 19:24:20,10.0,15,0,100
2026-03-15 19:24:20,10.0,15,0,100
2026-03-15 19:24:20,10.67,16,0,100
2026-03-15 19:24:20,10.0,15,0,100
2026-03-15 19:24:21,10.0,15,0,100
2026-03-15 19:24:21,10.0,15,0,100
2026-03-15 19:24:21,10.0,15,0,100
2026-03-15 19:24:21,10.0,15,0,100
2026-03-15 19:24:21,10.0,15,0,100
2026-03-15 19:24:22,10.0,15,0,100
2026-03-15 19:24:22,9.33,14,0,100
2026-03-15 19:24:22,10.0,15,0,100
2026-03-15 19:24:22,10.0,15,0,100
2026-03-15 19:24:22,9.33,14,0,100
2026-03-15 19:24:23,10.0,15,0,100
2026-03-15 19:24:23,9.33,14,0,100
2026-03-15 19:24:23,10.0,15,0,100
2026-03-15 19:24:23,9.33,14,0,100
2026-03-15 19:24:23,9.33,14,0,100
2026-03-15 19:24:24,10.0,15,0,100
2026-03-15 19:24:24,9.33,14,0,100
2026-03-15 19:24:24,10.0,15,0,100
2026-03-15 19:24:24,9.33,14,0,100
2026-03-15 19:24:24,10.0,15,0,100
2026-03-15 19:24:25,9.33,14,0,100
2026-03-15 19:24:25,9.33,14,0,100
2026-03-15 19:24:25,10.0,15,0,100
2026-03-15 19:24:25,9.33,14,0,100
2026-03-15 19:24:25,10.0,15,0,100
2026-03-15 19:24:26,9.33,14,0,100
2026-03-15 19:24:26,10.0,15,0,100
2026-03-15 19:24:26,9.33,14,0,100
2026-03-15 19:24:26,10.0,15,0,100
2026-03-15 19:24:26,9.33,14,0,100
2026-03-15 19:24:27,10.0,15,0,100
2026-03-15 19:24:27,10.0,15,0,100
2026-03-15 19:24:27,10.0,15,0,100
2026-03-15 19:24:27,9.33,14,0,100
2026-03-15 19:24:27,10.0,15,0,100
2026-03-15 19:24:28,10.0,15,0,100
2026-03-15 19:24:28,10.0,15,0,100
2026-03-15 19:24:28,10.67,16,0,100
2026-03-15 19:24:28,10.0,15,0,100
2026-03-15 19:24:28,10.0,15,0,100
2026-03-15 19:24:29,10.67,16,0,100
2026-03-15 19:24:29,10.0,15,0,100
2026-03-15 19:24:29,10.0,15,0,100
2026-03-15 19:24:29,10.67,16,0,100
2026-03-15 19:24:29,10.0,15,0,100
2026-03-15 19:24:30,10.0,15,0,100
2026-03-15 19:24:30,10.0,15,0,100
2026-03-15 19:24:30,10.67,16,0,100
2026-03-15 19:24:30,10.0,15,0,100
2026-03-15 19:24:30,10.0,15,0,100
2026-03-15 19:24:31,10.67,16,0,100
2026-03-15 19:24:31,10.0,15,0,100
2026-03-15 19:24:31,10.0,15,0,100
2026-03-15 19:24:31,10.0,15,0,100
2026-03-15 19:24:31,10.67,16,0,100
2026-03-15 19:24:32,10.0,15,0,100
2026-03-15 19:24:32,10.0,15,0,100
2026-03-15 19:24:32,10.0,15,0,100
2026-03-15 19:24:32,10.67,16,0,100
2026-03-15 19:24:32,10.0,15,0,100
2026-03-15 19:24:33,10.0,15,0,100
2026-03-15 19:24:33,10.67,16,0,100
2026-03-15 19:24:33,10.0,15,0,100
2026-03-15 19:24:33,10.0,15,0,100
2026-03-15 19:24:33,10.0,15,0,100
2026-03-15 19:24:34,10.0,15,0,100
2026-03-15 19:24:34,10.67,16,0,100
2026-03-15 19:24:34,10.0,15,0,100
2026-03-15 19:24:34,10.0,15,0,100
2026-03-15 19:24:34,10.0,15,0,100
2026-03-15 19:24:35,10.67,16,0,100
2026-03-15 19:24:35,10.0,15,0,100
2026-03-15 19:24:35,10.0,15,0,100
2026-03-15 19:24:35,10.0,15,0,100
2026-03-15 19:24:35,10.0,15,0,100
2026-03-15 19:24:36,10.0,15,0,100
2026-03-15 19:24:36,10.0,15,0,100
2026-03-15 19:24:36,10.0,15,0,100
2026-03-15 19:24:36,10.0,15,0,100
2026-03-15 19:24:36,10.67,16,0,100
2026-03-15 19:24:37,10.0,15,0,100
2026-03-15 19:24:37,10.0,15,0,100
2026-03-15 19:24:37,10.67,16,0,100
2026-03-15 19:24:37,10.0,15,0,100
2026-03-15 19:24:37,10.0,15,0,100
2026-03-15 19:24:38,10.67,16,0,100
2026-03-15 19:24:38,10.0,15,0,100
2026-03-15 19:24:38,10.0,15,0,100
2026-03-15 19:24:38,10.0,15,0,100
2026-03-15 19:24:38,10.0,15,0,100
2026-03-15 19:24:39,10.0,15,0,100
2026-03-15 19:24:39,10.0,15,0,100
2026-03-15 19:24:39,10.0,15,0,100
2026-03-15 19:24:39,10.0,15,0,100
2026-03-15 19:24:39,10.0,15,0,100
2026-03-15 19:24:40,10.0,15,0,100
2026-03-15 19:24:40,10.0,15,0,100
2026-03-15 19:24:40,10.0,15,0,100
2026-03-15 19:24:40,10.0,15,0,100
2026-03-15 19:24:40,9.33,14,0,100
2026-03-15 19:24:41,10.0,15,0,100
2026-03-15 19:24:41,10.0,15,0,100
2026-03-15 19:24:41,9.33,14,0,100
2026-03-15 19:24:41,10.0,15,0,100
2026-03-15 19:24:41,9.33,14,0,100
2026-03-15 19:24:42,10.0,15,0,100
2026-03-15 19:24:42,10.0,15,0,100
2026-03-15 19:24:42,9.33,14,0,100
2026-03-15 19:24:42,10.0,15,0,100
2026-03-15 19:24:42,9.33,14,0,100
2026-03-15 19:24:43,10.0,15,0,100
2026-03-15 19:24:43,9.33,14,0,100
2026-03-15 19:24:43,10.0,15,0,100
2026-03-15 19:24:43,9.33,14,0,100
2026-03-15 19:24:43,9.33,14,0,100
2026-03-15 19:24:44,10.0,15,0,100
2026-03-15 19:24:44,9.33,14,0,100
2026-03-15 19:24:44,10.0,15,0,100
2026-03-15 19:24:44,9.33,14,0,100
2026-03-15 19:24:44,10.0,15,0,100
2026-03-15 19:24:45,10.0,15,0,100
2026-03-15 19:24:45,9.33,14,0,100
2026-03-15 19:24:45,10.0,15,0,100
2026-03-15 19:24:45,9.33,14,0,100
2026-03-15 19:24:45,10.0,15,0,100
2026-03-15 19:24:46,9.33,14,0,100
2026-03-15 19:24:46,10.0,15,0,100
2026-03-15 19:24:46,9.33,14,0,100
2026-03-15 19:24:46,10.0,15,0,100
2026-03-15 19:24:46,9.33,14,0,100
2026-03-15 19:24:47,10.0,15,0,100
2026-03-15 19:24:47,9.33,14,0,100
2026-03-15 19:24:47,10.0,15,0,100
2026-03-15 19:24:47,9.33,14,0,100
2026-03-15 19:24:47,9.33,14,0,100
2026-03-15 19:24:48,10.0,15,0,100
2026-03-15 19:24:48,9.33,14,0,100
2026-03-15 19:24:48,10.0,15,0,100
2026-03-15 19:24:48,9.33,14,0,100
2026-03-15 19:24:48,10.0,15,0,100
2026-03-15 19:24:49,9.33,14,0,100
2026-03-15 19:24:49,9.33,14,0,100
2026-03-15 19:24:49,10.0,15,0,100
2026-03-15 19:24:49,9.33,14,0,100
2026-03-15 19:24:49,9.33,14,0,100
2026-03-15 19:24:50,10.0,15,0,100
2026-03-15 19:24:50,9.33,14,0,100
2026-03-15 19:24:50,9.33,14,0,100
2026-03-15 19:24:50,9.33,14,0,100
2026-03-15 19:24:50,10.0,15,0,100
2026-03-15 19:24:51,9.33,14,0,100
2026-03-15 19:24:51,10.0,15,0,100
2026-03-15 19:24:51,9.33,14,0,100
2026-03-15 19:24:51,10.0,15,0,100
2026-03-15 19:24:51,9.33,14,0,100
2026-03-15 19:24:52,10.0,15,0,100
2026-03-15 19:24:52,9.33,14,0,100
2026-03-15 19:24:52,10.0,15,0,100
2026-03-15 19:24:52,9.33,14,0,100
2026-03-15 19:24:52,10.0,15,0,100
2026-03-15 19:24:53,10.0,15,0,100
2026-03-15 19:24:53,10.0,15,0,100
2026-03-15 19:24:53,10.0,15,0,100
2026-03-15 19:24:53,10.0,15,0,100
2026-03-15 19:24:53,10.0,15,0,100
2026-03-15 19:24:54,10.0,15,0,100
2026-03-15 19:24:54,10.0,15,0,100
2026-03-15 19:24:54,10.0,15,0,100
2026-03-15 19:24:54,10.0,15,0,100
2026-03-15 19:24:54,10.0,15,0,100
2026-03-15 19:24:55,10.0,15,0,100
2026-03-15 19:24:55,10.0,15,0,100
2026-03-15 19:24:55,10.0,15,0,100
2026-03-15 19:24:55,10.0,15,0,100
2026-03-15 19:24:55,10.0,15,0,100
2026-03-15 19:24:56,10.0,15,0,100
2026-03-15 19:24:56,10.67,16,0,100
2026-03-15 19:24:56,10.0,15,0,100
2026-03-15 19:24:56,10.0,15,0,100
2026-03-15 19:24:56,10.0,15,0,100
2026-03-15 19:24:57,9.33,14,0,100
2026-03-15 19:24:57,10.0,15,0,100
2026-03-15 19:24:57,10.0,15,0,100
2026-03-15 19:24:57,10.0,15,0,100
2026-03-15 19:24:57,10.0,15,0,100
2026-03-15 19:24:58,10.0,15,0,100
2026-03-15 19:24:58,10.0,15,0,100
2026-03-15 19:24:58,10.0,15,0,100
2026-03-15 19:24:58,10.0,15,0,100
2026-03-15 19:24:58,10.0,15,0,100
2026-03-15 19:24:59,9.33,14,0,100
2026-03-15 19:24:59,10.0,15,0,100
2026-03-15 19:24:59,9.33,14,0,100
2026-03-15 19:24:59,10.0,15,0,100
2026-03-15 19:24:59,9.33,14,0,100
2026-03-15 19:25:00,10.0,15,0,100
2026-03-15 19:25:00,9.33,14,0,100
2026-03-15 19:25:00,9.33,14,0,100
2026-03-15 19:25:00,10.0,15,0,100
2026-03-15 19:25:00,9.33,14,0,100
2026-03-15 19:25:01,9.33,14,0,100
2026-03-15 19:25:01,10.0,15,0,100
2026-03-15 19:25:01,9.33,14,0,100
2026-03-15 19:25:01,9.33,14,0,100
2026-03-15 19:25:01,9.33,14,0,100
2026-03-15 19:25:02,10.0,15,0,100
2026-03-15 19:25:02,9.33,14,0,100
2026-03-15 19:25:02,9.33,14,0,100
2026-03-15 19:25:02,9.33,14,0,100
2026-03-15 19:25:02,10.0,15,0,100
2026-03-15 19:25:03,9.33,14,0,100
2026-03-15 19:25:03,9.33,14,0,100
2026-03-15 19:25:03,10.0,15,0,100
2026-03-15 19:25:03,9.33,14,0,100
2026-03-15 19:25:03,9.33,14,0,100
2026-03-15 19:25:04,9.33,14,0,100
2026-03-15 19:25:04,9.33,14,0,100
2026-03-15 19:25:04,10.0,15,0,100
2026-03-15 19:25:04,9.33,14,0,100
2026-03-15 19:25:04,9.33,14,0,100
2026-03-15 19:25:05,9.33,14,0,100
2026-03-15 19:25:05,9.33,14,0,100
2026-03-15 19:25:05,9.33,14,0,100
2026-03-15 19:25:05,10.0,15,0,100
2026-03-15 19:25:05,9.33,14,0,100
2026-03-15 19:25:06,9.33,14,0,100
2026-03-15 19:25:06,10.0,15,0,100
2026-03-15 19:25:06,9.33,14,0,100
2026-03-15 19:25:06,9.33,14,0,100
2026-03-15 19:25:06,9.33,14,0,100
2026-03-15 19:25:07,10.0,15,0,100
2026-03-15 19:25:07,9.33,14,0,100
2026-03-15 19:25:07,9.33,14,0,100
2026-03-15 19:25:07,9.33,14,0,100
2026-03-15 19:25:07,10.0,15,0,100
2026-03-15 19:25:08,9.33,14,0,100
2026-03-15 19:25:08,9.33,14,0,100
2026-03-15 19:25:08,10.0,15,0,100
2026-03-15 19:25:08,9.33,14,0,100
2026-03-15 19:25:08,10.0,15,0,100
2026-03-15 19:25:09,9.33,14,0,100
2026-03-15 19:25:09,10.0,15,0,100
2026-03-15 19:25:09,9.33,14,0,100
2026-03-15 19:25:09,10.0,15,0,100
2026-03-15 19:25:09,9.33,14,0,100
2026-03-15 19:25:10,10.0,15,0,100
2026-03-15 19:25:10,9.33,14,0,100
2026-03-15 19:25:10,10.0,15,0,100
2026-03-15 19:25:10,9.33,14,0,100
2026-03-15 19:25:10,9.33,14,0,100
2026-03-15 19:25:11,10.0,15,0,100
2026-03-15 19:25:11,9.33,14,0,100
2026-03-15 19:25:11,9.33,14,0,100
2026-03-15 19:25:11,9.33,14,0,100
2026-03-15 19:25:11,9.33,14,0,100
2026-03-15 19:25:12,9.33,14,0,100
2026-03-15 19:25:12,9.33,14,0,100
2026-03-15 19:25:12,9.33,14,0,100
2026-03-15 19:25:12,10.0,15,0,100
2026-03-15 19:25:12,9.33,14,0,100
2026-03-15 19:25:13,9.33,14,0,100
2026-03-15 19:25:13,9.33,14,0,100
2026-03-15 19:25:13,9.33,14,0,100
2026-03-15 19:25:13,9.33,14,0,100
2026-03-15 19:25:13,9.33,14,0,100
2026-03-15 19:25:14,9.33,14,0,100
2026-03-15 19:25:14,9.33,14,0,100
2026-03-15 19:25:14,9.33,14,0,100
2026-03-15 19:25:14,9.33,14,0,100
2026-03-15 19:25:14,9.33,14,0,100
2026-03-15 19:25:15,9.33,14,0,100
2026-03-15 19:25:15,9.33,14,0,100
2026-03-15 19:25:15,8.67,13,0,100
2026-03-15 19:25:15,9.33,14,0,100
2026-03-15 19:25:15,9.33,14,0,100
2026-03-15 19:25:16,9.33,14,0,100
2026-03-15 19:25:16,9.33,14,0,100
2026-03-15 19:25:16,8.67,13,0,100
2026-03-15 19:25:16,9.33,14,0,100
2026-03-15 19:25:16,8.67,13,0,100
2026-03-15 19:25:17,9.33,14,0,100
2026-03-15 19:25:17,8.67,13,0,100
2026-03-15 19:25:17,9.33,14,0,100
2026-03-15 19:25:17,9.33,14,0,100
2026-03-15 19:25:17,8.67,13,0,100
2026-03-15 19:25:18,9.33,14,0,100
2026-03-15 19:25:18,9.33,14,0,100
2026-03-15 19:25:18,9.33,14,0,100
2026-03-15 19:25:18,9.33,14,0,100
2026-03-15 19:25:18,9.33,14,0,100
2026-03-15 19:25:19,8.67,13,0,100
2026-03-15 19:25:19,9.33,14,0,100
2026-03-15 19:25:19,9.33,14,0,100
2026-03-15 19:25:19,9.33,14,0,100
2026-03-15 19:25:19,9.33,14,0,100
2026-03-15 19:25:20,8.67,13,0,100
2026-03-15 19:25:20,9.33,14,0,100
2026-03-15 19:25:20,9.33,14,0,100
2026-03-15 19:25:20,9.33,14,0,100
2026-03-15 19:25:20,8.67,13,0,100
2026-03-15 19:25:21,9.33,14,0,100
2026-03-15 19:25:21,9.33,14,0,100
2026-03-15 19:25:21,9.33,14,0,100
2026-03-15 19:25:21,8.67,13,0,100
2026-03-15 19:25:21,9.33,14,0,100
2026-03-15 19:25:22,9.33,14,0,100
2026-03-15 19:25:22,9.33,14,0,100
2026-03-15 19:25:22,8.67,13,0,100
2026-03-15 19:25:22,9.33,14,0,100
2026-03-15 19:25:22,9.33,14,0,100
2026-03-15 19:25:23,10.0,15,0,100
2026-03-15 19:25:23,9.33,14,0,100
2026-03-15 19:25:23,9.33,14,0,100
2026-03-15 19:25:23,9.33,14,0,100
2026-03-15 19:25:23,9.33,14,0,100
2026-03-15 19:25:24,9.33,14,0,100
2026-03-15 19:25:24,10.0,15,0,100
2026-03-15 19:25:24,9.33,14,0,100
2026-03-15 19:25:24,9.33,14,0,100
2026-03-15 19:25:24,9.33,14,0,100
2026-03-15 19:25:25,10.0,15,0,100
2026-03-15 19:25:25,9.33,14,0,100
2026-03-15 19:25:25,9.33,14,0,100
2026-03-15 19:25:25,10.0,15,0,100
2026-03-15 19:25:25,9.33,14,0,100
2026-03-15 19:25:26,9.33,14,0,100
2026-03-15 19:25:26,9.33,14,0,100
2026-03-15 19:25:26,9.33,14,0,100
2026-03-15 19:25:26,9.33,14,0,100
2026-03-15 19:25:26,9.33,14,0,100
2026-03-15 19:25:27,9.33,14,0,100
2026-03-15 19:25:27,9.33,14,0,100
2026-03-15 19:25:27,8.67,13,0,100
2026-03-15 19:25:27,9.33,14,0,100
2026-03-15 19:25:27,9.33,14,0,100
2026-03-15 19:25:28,8.67,13,0,100
2026-03-15 19:25:28,9.33,14,0,100
2026-03-15 19:25:28,9.33,14,0,100
2026-03-15 19:25:28,8.67,13,0,100
2026-03-15 19:25:28,9.33,14,0,100
2026-03-15 19:25:29,9.33,14,0,100
2026-03-15 19:25:29,9.33,14,0,100
2026-03-15 19:25:29,9.33,14,0,100
2026-03-15 19:25:29,9.33,14,0,100
2026-03-15 19:25:29,9.33,14,0,100
2026-03-15 19:25:30,9.33,14,0,100
2026-03-15 19:25:30,9.33,14,0,100
2026-03-15 19:25:30,10.0,15,0,100
2026-03-15 19:25:30,9.33,14,0,100
2026-03-15 19:25:30,9.33,14,0,100
2026-03-15 19:25:31,10.0,15,0,100
2026-03-15 19:25:31,9.33,14,0,100
2026-03-15 19:25:31,10.0,15,0,100
2026-03-15 19:25:31,9.33,14,0,100
2026-03-15 19:25:31,10.0,15,0,100
2026-03-15 19:25:32,10.0,15,0,100
2026-03-15 19:25:32,9.33,14,0,100
2026-03-15 19:25:32,10.0,15,0,100
2026-03-15 19:25:32,10.0,15,0,100
2026-03-15 19:25:32,9.33,14,0,100
2026-03-15 19:25:33,10.0,15,0,100
2026-03-15 19:25:33,9.33,14,0,100
2026-03-15 19:25:33,10.0,15,0,100
2026-03-15 19:25:33,9.33,14,0,100
2026-03-15 19:25:33,9.33,14,0,100
2026-03-15 19:25:34,9.33,14,0,100
2026-03-15 19:25:34,9.33,14,0,100
2026-03-15 19:25:34,9.33,14,0,100
2026-03-15 19:25:34,9.33,14,0,100
2026-03-15 19:25:34,9.33,14,0,100
2026-03-15 19:25:35,10.0,15,0,100
2026-03-15 19:25:35,9.33,14,0,100
2026-03-15 19:25:35,9.33,14,0,100
2026-03-15 19:25:35,9.33,14,0,100
2026-03-15 19:25:35,10.0,15,0,100
2026-03-15 19:25:36,9.33,14,0,100
2026-03-15 19:25:36,9.33,14,0,100
2026-03-15 19:25:36,9.33,14,0,100
2026-03-15 19:25:36,9.33,14,0,100
2026-03-15 19:25:36,9.33,14,0,100
2026-03-15 19:25:37,9.33,14,0,100
2026-03-15 19:25:37,9.33,14,0,100
2026-03-15 19:25:37,9.33,14,0,100
2026-03-15 19:25:37,9.33,14,0,100
2026-03-15 19:25:37,9.33,14,0,100
2026-03-15 19:25:38,9.33,14,0,100
2026-03-15 19:25:38,8.67,13,0,100
2026-03-15 19:25:38,9.33,14,0,100
2026-03-15 19:25:38,9.33,14,0,100
2026-03-15 19:25:38,9.33,14,0,100
2026-03-15 19:25:39,9.33,14,0,100
2026-03-15 19:25:39,8.67,13,0,100
2026-03-15 19:25:39,9.33,14,0,100
2026-03-15 19:25:39,8.67,13,0,100
2026-03-15 19:25:39,9.33,14,0,100
2026-03-15 19:25:40,9.33,14,0,100
2026-03-15 19:25:40,8.67,13,0,100
2026-03-15 19:25:40,9.33,14,0,100
2026-03-15 19:25:40,9.33,14,0,100
2026-03-15 19:25:40,9.33,14,0,100
2026-03-15 19:25:41,9.33,14,0,100
2026-03-15 19:25:41,9.33,14,0,100
2026-03-15 19:25:41,8.67,13,0,100
2026-03-15 19:25:41,9.33,14,0,100
2026-03-15 19:25:41,9.33,14,0,100
2026-03-15 19:25:42,9.33,14,0,100
2026-03-15 19:25:42,8.67,13,0,100
2026-03-15 19:25:42,9.33,14,0,100
2026-03-15 19:25:42,9.33,14,0,100
2026-03-15 19:25:42,8.67,13,0,100
2026-03-15 19:25:43,9.33,14,0,100
2026-03-15 19:25:43,9.33,14,0,100
2026-03-15 19:25:43,9.33,14,0,100
2026-03-15 19:25:43,9.33,14,0,100
2026-03-15 19:25:43,9.33,14,0,100
2026-03-15 19:25:44,9.33,14,0,100
2026-03-15 19:25:44,9.33,14,0,100
2026-03-15 19:25:44,9.33,14,0,100
2026-03-15 19:25:44,8.67,13,0,100
2026-03-15 19:25:44,9.33,14,0,100
2026-03-15 19:25:45,9.33,14,0,100
2026-03-15 19:25:45,9.33,14,0,100
2026-03-15 19:25:45,9.33,14,0,100
2026-03-15 19:25:45,8.67,13,0,100
2026-03-15 19:25:45,9.33,14,0,100
2026-03-15 19:25:46,9.33,14,0,100
2026-03-15 19:25:46,9.33,14,0,100
2026-03-15 19:25:46,9.33,14,0,100
2026-03-15 19:25:46,8.67,13,0,100
2026-03-15 19:25:46,9.33,14,0,100
2026-03-15 19:25:47,9.33,14,0,100
2026-03-15 19:25:47,8.67,13,0,100
2026-03-15 19:25:47,9.33,14,0,100
2026-03-15 19:25:47,9.33,14,0,100
2026-03-15 19:25:47,8.67,13,0,100
2026-03-15 19:25:48,9.33,14,0,100
2026-03-15 19:25:48,9.33,14,0,100
2026-03-15 19:25:48,8.67,13,0,100
2026-03-15 19:25:48,9.33,14,0,100
2026-03-15 19:25:48,9.33,14,0,100
2026-03-15 19:25:49,9.33,14,0,100
2026-03-15 19:25:49,8.67,13,0,100
2026-03-15 19:25:49,9.33,14,0,100
2026-03-15 19:25:49,9.33,14,0,100
2026-03-15 19:25:49,9.33,14,0,100
2026-03-15 19:25:50,9.33,14,0,100
2026-03-15 19:25:50,9.33,14,0,100
2026-03-15 19:25:50,9.33,14,0,100
2026-03-15 19:25:50,9.33,14,0,100
2026-03-15 19:25:50,9.33,14,0,100
2026-03-15 19:25:51,9.33,14,0,100
2026-03-15 19:25:51,9.33,14,0,100
2026-03-15 19:25:51,8.67,13,0,100
2026-03-15 19:25:51,9.33,14,0,100
2026-03-15 19:25:51,9.33,14,0,100
2026-03-15 19:25:52,9.33,14,0,100
2026-03-15 19:25:52,9.33,14,0,100
2026-03-15 19:25:52,8.67,13,0,100
2026-03-15 19:25:52,9.33,14,0,100
2026-03-15 19:25:52,9.33,14,0,100
2026-03-15 19:25:53,9.33,14,0,100
2026-03-15 19:25:53,9.33,14,0,100
2026-03-15 19:25:53,9.33,14,0,100
2026-03-15 19:25:53,9.33,14,0,100
2026-03-15 19:25:53,9.33,14,0,100
2026-03-15 19:25:54,9.33,14,0,100
2026-03-15 19:25:54,9.33,14,0,100
2026-03-15 19:25:54,9.33,14,0,100
2026-03-15 19:25:54,9.33,14,0,100
2026-03-15 19:25:54,8.67,13,0,100
2026-03-15 19:25:55,10.0,15,0,100
2026-03-15 19:25:55,9.33,14,0,100
2026-03-15 19:25:55,8.67,13,0,100
2026-03-15 19:25:55,9.33,14,0,100
2026-03-15 19:25:55,9.33,14,0,100
2026-03-15 19:25:56,9.33,14,0,100
2026-03-15 19:25:56,8.67,13,0,100
2026-03-15 19:25:56,9.33,14,0,100
2026-03-15 19:25:56,8.67,13,0,100
2026-03-15 19:25:56,9.33,14,0,100
2026-03-15 19:25:57,9.33,14,0,100
2026-03-15 19:25:57,8.67,13,0,100
2026-03-15 19:25:57,9.33,14,0,100
2026-03-15 19:25:57,9.33,14,0,100
2026-03-15 19:25:57,8.67,13,0,100
2026-03-15 19:25:58,9.33,14,0,100
2026-03-15 19:25:58,8.67,13,0,100
2026-03-15 19:25:58,9.33,14,0,100
2026-03-15 19:25:58,8.67,13,0,100
2026-03-15 19:25:58,9.33,14,0,100
2026-03-15 19:25:59,8.67,13,0,100
2026-03-15 19:25:59,9.33,14,0,100
2026-03-15 19:25:59,9.33,14,0,100
2026-03-15 19:25:59,8.67,13,0,100
2026-03-15 19:25:59,9.33,14,0,100
2026-03-15 19:26:00,8.67,13,0,100
2026-03-15 19:26:00,8.67,13,0,100
2026-03-15 19:26:00,9.33,14,0,100
2026-03-15 19:26:00,8.67,13,0,100
2026-03-15 19:26:00,9.33,14,0,100
2026-03-15 19:26:01,8.67,13,0,100
2026-03-15 19:26:01,9.33,14,0,100
2026-03-15 19:26:01,9.33,14,0,100
2026-03-15 19:26:01,8.67,13,0,100
2026-03-15 19:26:01,9.33,14,0,100
2026-03-15 19:26:02,9.33,14,0,100
2026-03-15 19:26:02,9.33,14,0,100
2026-03-15 19:26:02,9.33,14,0,100
2026-03-15 19:26:02,9.33,14,0,100
2026-03-15 19:26:02,9.33,14,0,100
2026-03-15 19:26:03,9.33,14,0,100
2026-03-15 19:26:03,8.67,13,0,100
2026-03-15 19:26:03,9.33,14,0,100
2026-03-15 19:26:03,9.33,14,0,100
2026-03-15 19:26:03,10.0,15,0,100
2026-03-15 19:26:04,9.33,14,0,100
2026-03-15 19:26:04,9.33,14,0,100
2026-03-15 19:26:04,9.33,14,0,100
2026-03-15 19:26:04,9.33,14,0,100
2026-03-15 19:26:04,9.33,14,0,100
2026-03-15 19:26:05,10.0,15,0,100
2026-03-15 19:26:05,9.33,14,0,100
2026-03-15 19:26:05,9.33,14,0,100
2026-03-15 19:26:05,9.33,14,0,100
2026-03-15 19:26:05,9.33,14,0,100
2026-03-15 19:26:06,10.0,15,0,100
2026-03-15 19:26:06,9.33,14,0,100
2026-03-15 19:26:06,9.33,14,0,100
2026-03-15 19:26:06,9.33,14,0,100
2026-03-15 19:26:06,10.0,15,0,100
2026-03-15 19:26:07,9.33,14,0,100
2026-03-15 19:26:07,9.33,14,0,100
2026-03-15 19:26:07,9.33,14,0,100
2026-03-15 19:26:07,9.33,14,0,100
2026-03-15 19:26:07,10.0,15,0,100
2026-03-15 19:26:08,8.67,13,0,100
2026-03-15 19:26:08,9.33,14,0,100
2026-03-15 19:26:08,9.33,14,0,100
2026-03-15 19:26:08,9.33,14,0,100
2026-03-15 19:26:08,9.33,14,0,100
2026-03-15 19:26:09,9.33,14,0,100
2026-03-15 19:26:09,9.33,14,0,100
2026-03-15 19:26:09,9.33,14,0,100
2026-03-15 19:26:09,9.33,14,0,100
2026-03-15 19:26:09,9.33,14,0,100
2026-03-15 19:26:10,9.33,14,0,100
2026-03-15 19:26:10,9.33,14,0,100
2026-03-15 19:26:10,9.33,14,0,100
2026-03-15 19:26:10,9.33,14,0,100
2026-03-15 19:26:10,9.33,14,0,100
2026-03-15 19:26:11,9.33,14,0,100
2026-03-15 19:26:11,9.33,14,0,100
2026-03-15 19:26:11,9.33,14,0,100
2026-03-15 19:26:11,9.33,14,0,100
2026-03-15 19:26:11,9.33,14,0,100
2026-03-15 19:26:12,9.33,14,0,100
2026-03-15 19:26:12,9.33,14,0,100
2026-03-15 19:26:12,8.67,13,0,100
2026-03-15 19:26:12,9.33,14,0,100
2026-03-15 19:26:12,9.33,14,0,100
2026-03-15 19:26:13,9.33,14,0,100
2026-03-15 19:26:13,9.33,14,0,100
2026-03-15 19:26:13,9.33,14,0,100
2026-03-15 19:26:13,8.67,13,0,100
2026-03-15 19:26:13,9.33,14,0,100
2026-03-15 19:26:14,9.33,14,0,100
2026-03-15 19:26:14,9.33,14,0,100
2026-03-15 19:26:14,9.33,14,0,100
2026-03-15 19:26:14,9.33,14,0,100
2026-03-15 19:26:14,8.67,13,0,100
2026-03-15 19:26:15,9.33,14,0,100
2026-03-15 19:26:15,9.33,14,0,100
2026-03-15 19:26:15,9.33,14,0,100
2026-03-15 19:26:15,9.33,14,0,100
2026-03-15 19:26:15,8.67,13,0,100
2026-03-15 19:26:16,9.33,14,0,100
2026-03-15 19:26:16,9.33,14,0,100
2026-03-15 19:26:16,9.33,14,0,100
2026-03-15 19:26:16,9.33,14,0,100
2026-03-15 19:26:16,9.33,14,0,100
2026-03-15 19:26:17,9.33,14,0,100
2026-03-15 19:26:17,8.67,13,0,100
2026-03-15 19:26:17,9.33,14,0,100
2026-03-15 19:26:17,9.33,14,0,100
2026-03-15 19:26:17,9.33,14,0,100
2026-03-15 19:26:18,9.33,14,0,100
2026-03-15 19:26:18,9.33,14,0,100
2026-03-15 19:26:18,9.33,14,0,100
2026-03-15 19:26:18,8.67,13,0,100
2026-03-15 19:26:18,9.33,14,0,100
2026-03-15 19:26:19,9.33,14,0,100
2026-03-15 19:26:19,8.67,13,0,100
2026-03-15 19:26:19,9.33,14,0,100
2026-03-15 19:26:19,9.33,14,0,100
2026-03-15 19:26:19,8.67,13,0,100
2026-03-15 19:26:20,9.33,14,0,100
2026-03-15 19:26:20,8.67,13,0,100
2026-03-15 19:26:20,9.33,14,0,100
2026-03-15 19:26:20,8.67,13,0,100
2026-03-15 19:26:20,9.33,14,0,100
2026-03-15 19:26:21,9.33,14,0,100
2026-03-15 19:26:21,8.67,13,0,100
2026-03-15 19:26:21,9.33,14,0,100
2026-03-15 19:26:21,8.67,13,0,100
2026-03-15 19:26:21,9.33,14,0,100
2026-03-15 19:26:22,9.33,14,0,100
2026-03-15 19:26:22,9.33,14,0,100
2026-03-15 19:26:22,8.67,13,0,100
2026-03-15 19:26:22,9.33,14,0,100
2026-03-15 19:26:22,9.33,14,0,100
2026-03-15 19:26:23,9.33,14,0,100
2026-03-15 19:26:23,9.33,14,0,100
2026-03-15 19:26:23,9.33,14,0,100
2026-03-15 19:26:23,9.33,14,0,100
2026-03-15 19:26:23,9.33,14,0,100
2026-03-15 19:26:24,9.33,14,0,100
2026-03-15 19:26:24,9.33,14,0,100
2026-03-15 19:26:24,9.33,14,0,100
2026-03-15 19:26:24,9.33,14,0,100
2026-03-15 19:26:24,9.33,14,0,100
2026-03-15 19:26:25,9.33,14,0,100
2026-03-15 19:26:25,9.33,14,0,100
2026-03-15 19:26:25,9.33,14,0,100
2026-03-15 19:26:25,9.33,14,0,100
2026-03-15 19:26:25,10.0,15,0,100
2026-03-15 19:26:26,9.33,14,0,100
2026-03-15 19:26:26,9.33,14,0,100
2026-03-15 19:26:26,9.33,14,0,100
2026-03-15 19:26:26,9.33,14,0,100
2026-03-15 19:26:26,8.67,13,0,100
2026-03-15 19:26:27,9.33,14,0,100
2026-03-15 19:26:27,9.33,14,0,100
2026-03-15 19:26:27,9.33,14,0,100
2026-03-15 19:26:27,9.33,14,0,100
2026-03-15 19:26:27,9.33,14,0,100
2026-03-15 19:26:28,9.33,14,0,100
2026-03-15 19:26:28,9.33,14,0,100
2026-03-15 19:26:28,10.0,15,0,100
2026-03-15 19:26:28,9.33,14,0,100
2026-03-15 19:26:28,9.33,14,0,100
2026-03-15 19:26:29,9.33,14,0,100
2026-03-15 19:26:29,9.33,14,0,100
2026-03-15 19:26:29,10.0,15,0,100
2026-03-15 19:26:29,9.33,14,0,100
2026-03-15 19:26:29,9.33,14,0,100
2026-03-15 19:26:30,9.33,14,0,100
2026-03-15 19:26:30,9.33,14,0,100
2026-03-15 19:26:30,9.33,14,0,100
2026-03-15 19:26:30,9.33,14,0,100
2026-03-15 19:26:30,9.33,14,0,100
2026-03-15 19:26:31,9.33,14,0,100
2026-03-15 19:26:31,9.33,14,0,100
2026-03-15 19:26:31,9.33,14,0,100
2026-03-15 19:26:31,9.33,14,0,100
2026-03-15 19:26:31,9.33,14,0,100
2026-03-15 19:26:32,9.33,14,0,100
2026-03-15 19:26:32,9.33,14,0,100
2026-03-15 19:26:32,9.33,14,0,100
2026-03-15 19:26:32,9.33,14,0,100
2026-03-15 19:26:32,9.33,14,0,100
2026-03-15 19:26:33,9.33,14,0,100
2026-03-15 19:26:33,9.33,14,0,100
2026-03-15 19:26:33,10.0,15,0,100
2026-03-15 19:26:33,9.33,14,0,100
2026-03-15 19:26:33,9.33,14,0,100
2026-03-15 19:26:34,10.0,15,0,100
2026-03-15 19:26:34,9.33,14,0,100
2026-03-15 19:26:34,10.0,15,0,100
2026-03-15 19:26:34,9.33,14,0,100
2026-03-15 19:26:34,10.0,15,0,100
2026-03-15 19:26:35,9.33,14,0,100
2026-03-15 19:26:35,10.0,15,0,100
2026-03-15 19:26:35,9.33,14,0,100
2026-03-15 19:26:35,9.33,14,0,100
2026-03-15 19:26:35,9.33,14,0,100
2026-03-15 19:26:36,9.33,14,0,100
2026-03-15 19:26:36,9.33,14,0,100
2026-03-15 19:26:36,9.33,14,0,100
2026-03-15 19:26:36,9.33,14,0,100
2026-03-15 19:26:36,9.33,14,0,100
2026-03-15 19:26:37,8.67,13,0,100
2026-03-15 19:26:37,9.33,14,0,100
2026-03-15 19:26:37,8.67,13,0,100
2026-03-15 19:26:37,9.33,14,0,100
2026-03-15 19:26:37,8.67,13,0,100
2026-03-15 19:26:38,9.33,14,0,100
2026-03-15 19:26:38,8.67,13,0,100
2026-03-15 19:26:38,8.67,13,0,100
2026-03-15 19:26:38,9.33,14,0,100
2026-03-15 19:26:38,8.67,13,0,100
2026-03-15 19:26:39,8.67,13,0,100
2026-03-15 19:26:39,8.67,13,0,100
2026-03-15 19:26:39,9.33,14,0,100
2026-03-15 19:26:39,8.67,13,0,100
2026-03-15 19:26:39,8.67,13,0,100
2026-03-15 19:26:40,9.33,14,0,100
2026-03-15 19:26:40,8.67,13,0,100
2026-03-15 19:26:40,8.67,13,0,100
2026-03-15 19:26:40,8.67,13,0,100
2026-03-15 19:26:40,9.33,14,0,100
2026-03-15 19:26:41,8.67,13,0,100
2026-03-15 19:26:41,8.67,13,0,100
2026-03-15 19:26:41,9.33,14,0,100
2026-03-15 19:26:41,8.67,13,0,100
2026-03-15 19:26:41,9.33,14,0,100
2026-03-15 19:26:42,8.67,13,0,100
2026-03-15 19:26:42,9.33,14,0,100
2026-03-15 19:26:42,9.33,14,0,100
2026-03-15 19:26:42,8.67,13,0,100
2026-03-15 19:26:42,9.33,14,0,100
2026-03-15 19:26:43,9.33,14,0,100
2026-03-15 19:26:43,9.33,14,0,100
2026-03-15 19:26:43,8.67,13,0,100
2026-03-15 19:26:43,9.33,14,0,100
2026-03-15 19:26:43,9.33,14,0,100
2026-03-15 19:26:44,8.67,13,0,100
2026-03-15 19:26:44,9.33,14,0,100
2026-03-15 19:26:44,8.67,13,0,100
2026-03-15 19:26:44,9.33,14,0,100
2026-03-15 19:26:44,8.67,13,0,100
2026-03-15 19:26:45,9.33,14,0,100
2026-03-15 19:26:45,8.67,13,0,100
2026-03-15 19:26:45,8.67,13,0,100
2026-03-15 19:26:45,9.33,14,0,100
2026-03-15 19:26:45,8.67,13,0,100
2026-03-15 19:26:46,8.67,13,0,100
2026-03-15 19:26:46,9.33,14,0,100
2026-03-15 19:26:46,8.67,13,0,100
2026-03-15 19:26:46,9.33,14,0,100
2026-03-15 19:26:46,8.67,13,0,100
2026-03-15 19:26:47,9.33,14,0,100
2026-03-15 19:26:47,9.33,14,0,100
2026-03-15 19:26:47,8.67,13,0,100
2026-03-15 19:26:47,9.33,14,0,100
2026-03-15 19:26:47,8.67,13,0,100
2026-03-15 19:26:48,9.33,14,0,100
2026-03-15 19:26:48,9.33,14,0,100
2026-03-15 19:26:48,8.67,13,0,100
2026-03-15 19:26:48,9.33,14,0,100
2026-03-15 19:26:48,8.67,13,0,100
2026-03-15 19:26:49,9.33,14,0,100
2026-03-15 19:26:49,8.67,13,0,100
2026-03-15 19:26:49,8.67,13,0,100
2026-03-15 19:26:49,9.33,14,0,100
2026-03-15 19:26:49,8.67,13,0,100
2026-03-15 19:26:50,8.67,13,0,100
2026-03-15 19:26:50,9.33,14,0,100
2026-03-15 19:26:50,8.67,13,0,100
2026-03-15 19:26:50,8.67,13,0,100
2026-03-15 19:26:50,8.67,13,0,100
2026-03-15 19:26:51,9.33,14,0,100
2026-03-15 19:26:51,8.67,13,0,100
2026-03-15 19:26:51,8.67,13,0,100
2026-03-15 19:26:51,9.33,14,0,100
2026-03-15 19:26:51,8.67,13,0,100
2026-03-15 19:26:52,9.33,14,0,100
2026-03-15 19:26:52,8.67,13,0,100
2026-03-15 19:26:52,9.33,14,0,100
2026-03-15 19:26:52,9.33,14,0,100
2026-03-15 19:26:52,9.33,14,0,100
2026-03-15 19:26:53,8.67,13,0,100
2026-03-15 19:26:53,9.33,14,0,100
2026-03-15 19:26:53,9.33,14,0,100
2026-03-15 19:26:53,9.33,14,0,100
2026-03-15 19:26:53,8.67,13,0,100
2026-03-15 19:26:54,9.33,14,0,100
2026-03-15 19:26:54,8.67,13,0,100
2026-03-15 19:26:54,9.33,14,0,100
2026-03-15 19:26:54,8.67,13,0,100
2026-03-15 19:26:54,9.33,14,0,100
2026-03-15 19:26:55,8.67,13,0,100
2026-03-15 19:26:55,8.67,13,0,100
2026-03-15 19:26:55,9.33,14,0,100
2026-03-15 19:26:55,8.67,13,0,100
2026-03-15 19:26:55,8.67,13,0,100
2026-03-15 19:26:56,8.67,13,0,100
2026-03-15 19:26:56,9.33,14,0,100
2026-03-15 19:26:56,8.67,13,0,100
2026-03-15 19:26:56,8.67,13,0,100
2026-03-15 19:26:56,8.67,13,0,100
2026-03-15 19:26:57,9.33,14,0,100
2026-03-15 19:26:57,8.67,13,0,100
2026-03-15 19:26:57,8.67,13,0,100
2026-03-15 19:26:57,9.33,14,0,100
2026-03-15 19:26:57,9.33,14,0,100
2026-03-15 19:26:58,8.67,13,0,100
2026-03-15 19:26:58,9.33,14,0,100
2026-03-15 19:26:58,9.33,14,0,100
2026-03-15 19:26:58,9.33,14,0,100
2026-03-15 19:26:58,8.67,13,0,100
2026-03-15 19:26:59,9.33,14,0,100
2026-03-15 19:26:59,9.33,14,0,100
2026-03-15 19:26:59,9.33,14,0,100
2026-03-15 19:26:59,8.67,13,0,100
2026-03-15 19:26:59,9.33,14,0,100
2026-03-15 19:27:00,9.33,14,0,100
2026-03-15 19:27:00,9.33,14,0,100
2026-03-15 19:27:00,8.67,13,0,100
2026-03-15 19:27:00,9.33,14,0,100
2026-03-15 19:27:00,9.33,14,0,100
2026-03-15 19:27:01,8.67,13,0,100
2026-03-15 19:27:01,9.33,14,0,100
2026-03-15 19:27:01,8.67,13,0,100
2026-03-15 19:27:01,8.67,13,0,100
2026-03-15 19:27:01,8.67,13,0,100
2026-03-15 19:27:02,9.33,14,0,100
2026-03-15 19:27:02,8.67,13,0,100
2026-03-15 19:27:02,8.67,13,0,100
2026-03-15 19:27:02,8.67,13,0,100
2026-03-15 19:27:02,9.33,14,0,100
2026-03-15 19:27:03,8.67,13,0,100
2026-03-15 19:27:03,8.67,13,0,100
2026-03-15 19:27:03,9.33,14,0,100
2026-03-15 19:27:03,8.67,13,0,100
2026-03-15 19:27:03,9.33,14,0,100
2026-03-15 19:27:04,8.67,13,0,100
2026-03-15 19:27:04,9.33,14,0,100
2026-03-15 19:27:04,8.67,13,0,100
2026-03-15 19:27:04,8.67,13,0,100
2026-03-15 19:27:04,9.33,14,0,100
2026-03-15 19:27:05,8.67,13,0,100
2026-03-15 19:27:05,8.67,13,0,100
2026-03-15 19:27:05,8.67,13,0,100
2026-03-15 19:27:05,8.67,13,0,100
2026-03-15 19:27:05,8.67,13,0,100
2026-03-15 19:27:06,8.67,13,0,100
2026-03-15 19:27:06,9.33,14,0,100
2026-03-15 19:27:06,8.67,13,0,100
2026-03-15 19:27:06,8.67,13,0,100
2026-03-15 19:27:06,9.33,14,0,100
2026-03-15 19:27:07,8.67,13,0,100
2026-03-15 19:27:07,8.67,13,0,100
2026-03-15 19:27:07,9.33,14,0,100
2026-03-15 19:27:07,8.67,13,0,100
2026-03-15 19:27:07,8.67,13,0,100
2026-03-15 19:27:08,9.33,14,0,100
2026-03-15 19:27:08,8.67,13,0,100
2026-03-15 19:27:08,8.67,13,0,100
2026-03-15 19:27:08,9.33,14,0,100
2026-03-15 19:27:08,8.67,13,0,100
2026-03-15 19:27:09,8.67,13,0,100
2026-03-15 19:27:09,8.67,13,0,100
2026-03-15 19:27:09,8.67,13,0,100
2026-03-15 19:27:09,8.67,13,0,100
2026-03-15 19:27:09,9.33,14,0,100
2026-03-15 19:27:10,8.67,13,0,100
2026-03-15 19:27:10,8.67,13,0,100
2026-03-15 19:27:10,8.67,13,0,100
2026-03-15 19:27:10,8.67,13,0,100
2026-03-15 19:27:10,8.67,13,0,100
2026-03-15 19:27:11,8.67,13,0,100
2026-03-15 19:27:11,8.67,13,0,100
2026-03-15 19:27:11,8.67,13,0,100
2026-03-15 19:27:11,8.67,13,0,100
2026-03-15 19:27:11,8.67,13,0,100
2026-03-15 19:27:12,8.67,13,0,100
2026-03-15 19:27:12,8.67,13,0,100
2026-03-15 19:27:12,8.67,13,0,100
2026-03-15 19:27:12,8.67,13,0,100
2026-03-15 19:27:12,8.67,13,0,100
2026-03-15 19:27:13,8.67,13,0,100
2026-03-15 19:27:13,8.67,13,0,100
2026-03-15 19:27:13,8.67,13,0,100
2026-03-15 19:27:13,8.67,13,0,100
2026-03-15 19:27:13,8.0,12,0,100
2026-03-15 19:27:14,8.67,13,0,100
2026-03-15 19:27:14,8.67,13,0,100
2026-03-15 19:27:14,8.67,13,0,100
2026-03-15 19:27:14,8.67,13,0,100
2026-03-15 19:27:14,8.67,13,0,100
2026-03-15 19:27:15,8.67,13,0,100
2026-03-15 19:27:15,8.67,13,0,100
2026-03-15 19:27:15,8.67,13,0,100
2026-03-15 19:27:15,8.67,13,0,100
2026-03-15 19:27:15,8.0,12,0,100
2026-03-15 19:27:16,8.67,13,0,100
2026-03-15 19:27:16,8.67,13,0,100
2026-03-15 19:27:16,8.67,13,0,100
2026-03-15 19:27:16,8.67,13,0,100
2026-03-15 19:27:16,8.67,13,0,100
2026-03-15 19:27:17,8.67,13,0,100
2026-03-15 19:27:17,8.67,13,0,100
2026-03-15 19:27:17,8.67,13,0,100
2026-03-15 19:27:17,8.67,13,0,100
2026-03-15 19:27:17,8.67,13,0,100
2026-03-15 19:27:18,8.67,13,0,100
2026-03-15 19:27:18,8.67,13,0,100
2026-03-15 19:27:18,8.0,12,0,100
2026-03-15 19:27:18,8.67,13,0,100
2026-03-15 19:27:18,8.67,13,0,100
2026-03-15 19:27:19,8.67,13,0,100
2026-03-15 19:27:19,8.0,12,0,100
2026-03-15 19:27:19,8.67,13,0,100
2026-03-15 19:27:19,8.0,12,0,100
2026-03-15 19:27:19,8.67,13,0,100
2026-03-15 19:27:20,8.67,13,0,100
2026-03-15 19:27:20,8.0,12,0,100
2026-03-15 19:27:20,8.67,13,0,100
2026-03-15 19:27:20,8.0,12,0,100
2026-03-15 19:27:20,8.67,13,0,100
2026-03-15 19:27:21,8.67,13,0,100
2026-03-15 19:27:21,8.0,12,0,100
2026-03-15 19:27:21,8.67,13,0,100
2026-03-15 19:27:21,8.67,13,0,100
2026-03-15 19:27:21,8.0,12,0,100
2026-03-15 19:27:22,8.67,13,0,100
2026-03-15 19:27:22,8.0,12,0,100
2026-03-15 19:27:22,8.67,13,0,100
2026-03-15 19:27:22,8.0,12,0,100
2026-03-15 19:27:22,8.67,13,0,100
2026-03-15 19:27:23,8.0,12,0,100
2026-03-15 19:27:23,8.67,13,0,100
2026-03-15 19:27:23,8.0,12,0,100
2026-03-15 19:27:23,8.67,13,0,100
2026-03-15 19:27:23,8.67,13,0,100
2026-03-15 19:27:24,8.67,13,0,100
2026-03-15 19:27:24,8.0,12,0,100
2026-03-15 19:27:24,9.33,14,0,100
2026-03-15 19:27:24,8.67,13,0,100
2026-03-15 19:27:24,8.67,13,0,100
2026-03-15 19:27:25,8.67,13,0,100
2026-03-15 19:27:25,8.67,13,0,100
2026-03-15 19:27:25,8.67,13,0,100
2026-03-15 19:27:25,8.67,13,0,100
2026-03-15 19:27:25,8.67,13,0,100
2026-03-15 19:27:26,8.67,13,0,100
2026-03-15 19:27:26,8.67,13,0,100
2026-03-15 19:27:26,8.67,13,0,100
2026-03-15 19:27:26,8.67,13,0,100
2026-03-15 19:27:26,8.67,13,0,100
2026-03-15 19:27:27,8.67,13,0,100
2026-03-15 19:27:27,8.67,13,0,100
2026-03-15 19:27:27,8.67,13,0,100
2026-03-15 19:27:27,8.67,13,0,100
2026-03-15 19:27:27,8.67,13,0,100
2026-03-15 19:27:28,8.67,13,0,100
2026-03-15 19:27:28,8.67,13,0,100
2026-03-15 19:27:28,8.67,13,0,100
2026-03-15 19:27:28,8.67,13,0,100
2026-03-15 19:27:28,8.67,13,0,100
2026-03-15 19:27:29,8.0,12,0,100
2026-03-15 19:27:29,8.67,13,0,100
2026-03-15 19:27:29,8.67,13,0,100
2026-03-15 19:27:29,8.67,13,0,100
2026-03-15 19:27:29,8.67,13,0,100
2026-03-15 19:27:30,8.67,13,0,100
2026-03-15 19:27:30,8.0,12,0,100
2026-03-15 19:27:30,8.67,13,0,100
2026-03-15 19:27:30,8.67,13,0,100
2026-03-15 19:27:30,8.67,13,0,100
2026-03-15 19:27:31,8.67,13,0,100
2026-03-15 19:27:31,9.33,14,0,100
2026-03-15 19:27:31,8.67,13,0,100
2026-03-15 19:27:31,8.67,13,0,100
2026-03-15 19:27:31,8.67,13,0,100
2026-03-15 19:27:32,8.67,13,0,100
2026-03-15 19:27:32,8.67,13,0,100
2026-03-15 19:27:32,8.67,13,0,100
2026-03-15 19:27:32,8.67,13,0,100
2026-03-15 19:27:32,9.33,14,0,100
2026-03-15 19:27:33,8.67,13,0,100
2026-03-15 19:27:33,8.67,13,0,100
2026-03-15 19:27:33,8.67,13,0,100
2026-03-15 19:27:33,8.67,13,0,100
2026-03-15 19:27:33,8.67,13,0,100
2026-03-15 19:27:34,9.33,14,0,100
2026-03-15 19:27:34,8.67,13,0,100
2026-03-15 19:27:34,9.33,14,0,100
2026-03-15 19:27:34,8.67,13,0,100
2026-03-15 19:27:34,8.67,13,0,100
2026-03-15 19:27:35,8.67,13,0,100
2026-03-15 19:27:35,8.67,13,0,100
2026-03-15 19:27:35,8.67,13,0,100
2026-03-15 19:27:35,8.67,13,0,100
2026-03-15 19:27:35,8.0,12,0,100
2026-03-15 19:27:36,8.67,13,0,100
2026-03-15 19:27:36,8.67,13,0,100
2026-03-15 19:27:36,8.0,12,0,100
2026-03-15 19:27:36,8.67,13,0,100
2026-03-15 19:27:36,8.0,12,0,100
2026-03-15 19:27:37,8.67,13,0,100
2026-03-15 19:27:37,8.67,13,0,100
2026-03-15 19:27:37,8.0,12,0,100
2026-03-15 19:27:37,8.67,13,0,100
2026-03-15 19:27:37,8.0,12,0,100
2026-03-15 19:27:38,8.67,13,0,100
2026-03-15 19:27:38,8.67,13,0,100
2026-03-15 19:27:38,8.0,12,0,100
2026-03-15 19:27:38,8.67,13,0,100
2026-03-15 19:27:38,8.0,12,0,100
2026-03-15 19:27:39,8.67,13,0,100
2026-03-15 19:27:39,8.67,13,0,100
2026-03-15 19:27:39,8.0,12,0,100
2026-03-15 19:27:39,8.67,13,0,100
2026-03-15 19:27:39,8.67,13,0,100
2026-03-15 19:27:40,8.0,12,0,100
2026-03-15 19:27:40,8.67,13,0,100
2026-03-15 19:27:40,8.67,13,0,100
2026-03-15 19:27:40,8.67,13,0,100
2026-03-15 19:27:40,8.67,13,0,100
2026-03-15 19:27:41,8.67,13,0,100
2026-03-15 19:27:41,8.0,12,0,100
2026-03-15 19:27:41,8.67,13,0,100
2026-03-15 19:27:41,8.67,13,0,100
2026-03-15 19:27:41,8.0,12,0,100
2026-03-15 19:27:42,8.67,13,0,100
2026-03-15 19:27:42,8.67,13,0,100
2026-03-15 19:27:42,8.0,12,0,100
2026-03-15 19:27:42,8.67,13,0,100
2026-03-15 19:27:42,8.67,13,0,100
2026-03-15 19:27:43,8.0,12,0,100
2026-03-15 19:27:43,8.67,13,0,100
2026-03-15 19:27:43,8.67,13,0,100
2026-03-15 19:27:43,8.0,12,0,100
2026-03-15 19:27:43,8.67,13,0,100
2026-03-15 19:27:44,8.0,12,0,100
2026-03-15 19:27:44,8.0,12,0,100
2026-03-15 19:27:44,8.67,13,0,100
2026-03-15 19:27:44,8.0,12,0,100
2026-03-15 19:27:44,8.67,13,0,100
2026-03-15 19:27:45,8.0,12,0,100
2026-03-15 19:27:45,8.67,13,0,100
2026-03-15 19:27:45,8.0,12,0,100
2026-03-15 19:27:45,8.67,13,0,100
2026-03-15 19:27:45,8.0,12,0,100
2026-03-15 19:27:46,8.67,13,0,100
2026-03-15 19:27:46,8.67,13,0,100
2026-03-15 19:27:46,8.67,13,0,100
2026-03-15 19:27:46,8.67,13,0,100
2026-03-15 19:27:46,8.67,13,0,100
2026-03-15 19:27:47,8.0,12,0,100
2026-03-15 19:27:47,8.67,13,0,100
2026-03-15 19:27:47,9.33,14,0,100
2026-03-15 19:27:47,8.67,13,0,100
2026-03-15 19:27:47,8.67,13,0,100
2026-03-15 19:27:48,8.67,13,0,100
2026-03-15 19:27:48,8.67,13,0,100
2026-03-15 19:27:48,8.67,13,0,100
2026-03-15 19:27:48,9.33,14,0,100
2026-03-15 19:27:48,8.67,13,0,100
2026-03-15 19:27:49,8.67,13,0,100
2026-03-15 19:27:49,9.33,14,0,100
2026-03-15 19:27:49,8.67,13,0,100
2026-03-15 19:27:49,8.67,13,0,100
2026-03-15 19:27:49,9.33,14,0,100
2026-03-15 19:27:50,8.67,13,0,100
2026-03-15 19:27:50,8.67,13,0,100
2026-03-15 19:27:50,8.67,13,0,100
2026-03-15 19:27:50,9.33,14,0,100
2026-03-15 19:27:50,8.67,13,0,100
2026-03-15 19:27:51,8.67,13,0,100
2026-03-15 19:27:51,8.67,13,0,100
2026-03-15 19:27:51,8.67,13,0,100
2026-03-15 19:27:51,8.67,13,0,100
2026-03-15 19:27:51,8.67,13,0,100
2026-03-15 19:27:52,8.67,13,0,100
2026-03-15 19:27:52,8.67,13,0,100
2026-03-15 19:27:52,8.0,12,0,100
2026-03-15 19:27:52,8.67,13,0,100
2026-03-15 19:27:52,8.67,13,0,100
2026-03-15 19:27:53,8.67,13,0,100
2026-03-15 19:27:53,8.0,12,0,100
2026-03-15 19:27:53,8.67,13,0,100
2026-03-15 19:27:53,8.0,12,0,100
2026-03-15 19:27:53,8.67,13,0,100
2026-03-15 19:27:54,8.67,13,0,100
2026-03-15 19:27:54,8.0,12,0,100
2026-03-15 19:27:54,8.67,13,0,100
2026-03-15 19:27:54,8.0,12,0,100
2026-03-15 19:27:54,8.67,13,0,100
2026-03-15 19:27:55,8.67,13,0,100
2026-03-15 19:27:55,8.0,12,0,100
2026-03-15 19:27:55,8.67,13,0,100
2026-03-15 19:27:55,8.67,13,0,100
2026-03-15 19:27:55,8.67,13,0,100
2026-03-15 19:27:56,8.67,13,0,100
2026-03-15 19:27:56,8.0,12,0,100
2026-03-15 19:27:56,8.67,13,0,100
2026-03-15 19:27:56,8.67,13,0,100
2026-03-15 19:27:56,8.67,13,0,100
2026-03-15 19:27:57,8.67,13,0,100
2026-03-15 19:27:57,8.67,13,0,100
2026-03-15 19:27:57,8.67,13,0,100
2026-03-15 19:27:57,8.67,13,0,100
2026-03-15 19:27:57,8.67,13,0,100
2026-03-15 19:27:58,8.67,13,0,100
2026-03-15 19:27:58,8.0,12,0,100
2026-03-15 19:27:58,8.67,13,0,100
2026-03-15 19:27:58,8.0,12,0,100
2026-03-15 19:27:58,8.67,13,0,100
2026-03-15 19:27:59,8.0,12,0,100
2026-03-15 19:27:59,8.67,13,0,100
2026-03-15 19:27:59,8.0,12,0,100
2026-03-15 19:27:59,8.67,13,0,100
2026-03-15 19:27:59,8.0,12,0,100
2026-03-15 19:28:00,8.0,12,0,100
2026-03-15 19:28:00,8.67,13,0,100
2026-03-15 19:28:00,8.0,12,0,100
2026-03-15 19:28:00,8.67,13,0,100
2026-03-15 19:28:00,8.67,13,0,100
2026-03-15 19:28:01,8.0,12,0,100
2026-03-15 19:28:01,8.67,13,0,100
2026-03-15 19:28:01,8.0,12,0,100
2026-03-15 19:28:01,8.67,13,0,100
2026-03-15 19:28:01,8.67,13,0,100
2026-03-15 19:28:02,8.0,12,0,100
2026-03-15 19:28:02,8.67,13,0,100
2026-03-15 19:28:02,8.0,12,0,100
2026-03-15 19:28:02,8.67,13,0,100
2026-03-15 19:28:02,8.0,12,0,100
2026-03-15 19:28:03,8.67,13,0,100
2026-03-15 19:28:03,8.0,12,0,100
2026-03-15 19:28:03,8.0,12,0,100
2026-03-15 19:28:03,8.67,13,0,100
2026-03-15 19:28:03,8.0,12,0,100
2026-03-15 19:28:04,8.67,13,0,100
2026-03-15 19:28:04,8.0,12,0,100
2026-03-15 19:28:04,8.67,13,0,100
2026-03-15 19:28:04,8.0,12,0,100
2026-03-15 19:28:04,8.0,12,0,100
2026-03-15 19:28:05,8.67,13,0,100
2026-03-15 19:28:05,8.0,12,0,100
2026-03-15 19:28:05,8.67,13,0,100
2026-03-15 19:28:05,8.0,12,0,100
2026-03-15 19:28:05,8.0,12,0,100
2026-03-15 19:28:06,8.67,13,0,100
2026-03-15 19:28:06,8.0,12,0,100
2026-03-15 19:28:06,8.67,13,0,100
2026-03-15 19:28:06,8.0,12,0,100
2026-03-15 19:28:06,8.67,13,0,100
2026-03-15 19:28:07,8.0,12,0,100
2026-03-15 19:28:07,8.67,13,0,100
2026-03-15 19:28:07,8.67,13,0,100
2026-03-15 19:28:07,8.0,12,0,100
2026-03-15 19:28:07,8.67,13,0,100
2026-03-15 19:28:08,8.67,13,0,100
2026-03-15 19:28:08,8.67,13,0,100
2026-03-15 19:28:08,8.67,13,0,100
2026-03-15 19:28:08,8.0,12,0,100
2026-03-15 19:28:08,8.67,13,0,100
2026-03-15 19:28:09,8.0,12,0,100
2026-03-15 19:28:09,8.67,13,0,100
2026-03-15 19:28:09,8.67,13,0,100
2026-03-15 19:28:09,8.0,12,0,100
2026-03-15 19:28:09,8.67,13,0,100
2026-03-15 19:28:10,8.67,13,0,100
2026-03-15 19:28:10,8.67,13,0,100
2026-03-15 19:28:10,8.67,13,0,100
2026-03-15 19:28:10,8.67,13,0,100
2026-03-15 19:28:10,8.67,13,0,100
2026-03-15 19:28:11,8.67,13,0,100
2026-03-15 19:28:11,8.67,13,0,100
2026-03-15 19:28:11,8.67,13,0,100
2026-03-15 19:28:11,8.67,13,0,100
2026-03-15 19:28:11,8.0,12,0,100
2026-03-15 19:28:12,8.67,13,0,100
2026-03-15 19:28:12,8.67,13,0,100
2026-03-15 19:28:12,8.67,13,0,100
2026-03-15 19:28:12,8.67,13,0,100
2026-03-15 19:28:12,8.0,12,0,100
2026-03-15 19:28:13,8.67,13,0,100
2026-03-15 19:28:13,8.0,12,0,100
2026-03-15 19:28:13,8.67,13,0,100
2026-03-15 19:28:13,8.0,12,0,100
2026-03-15 19:28:13,8.67,13,0,100
2026-03-15 19:28:14,8.0,12,0,100
2026-03-15 19:28:14,8.67,13,0,100
2026-03-15 19:28:14,8.0,12,0,100
2026-03-15 19:28:14,8.67,13,0,100
2026-03-15 19:28:14,8.0,12,0,100
2026-03-15 19:28:15,8.67,13,0,100
2026-03-15 19:28:15,8.0,12,0,100
2026-03-15 19:28:15,8.67,13,0,100
2026-03-15 19:28:15,8.0,12,0,100
2026-03-15 19:28:15,8.67,13,0,100
2026-03-15 19:28:16,8.0,12,0,100
2026-03-15 19:28:16,8.67,13,0,100
2026-03-15 19:28:16,8.0,12,0,100
2026-03-15 19:28:16,8.67,13,0,100
2026-03-15 19:28:16,8.67,13,0,100
2026-03-15 19:28:17,8.0,12,0,100
2026-03-15 19:28:17,8.67,13,0,100
2026-03-15 19:28:17,8.67,13,0,100
2026-03-15 19:28:17,8.0,12,0,100
2026-03-15 19:28:17,8.67,13,0,100
2026-03-15 19:28:18,8.67,13,0,100
2026-03-15 19:28:18,8.67,13,0,100
2026-03-15 19:28:18,8.67,13,0,100
2026-03-15 19:28:18,8.67,13,0,100
2026-03-15 19:28:18,8.67,13,0,100
2026-03-15 19:28:19,9.33,14,0,100
2026-03-15 19:28:19,8.67,13,0,100
2026-03-15 19:28:19,8.67,13,0,100
2026-03-15 19:28:19,8.67,13,0,100
2026-03-15 19:28:19,9.33,14,0,100
2026-03-15 19:28:20,8.67,13,0,100
2026-03-15 19:28:20,8.67,13,0,100
2026-03-15 19:28:20,8.67,13,0,100
2026-03-15 19:28:20,9.33,14,0,100
2026-03-15 19:28:20,8.67,13,0,100
2026-03-15 19:28:21,8.67,13,0,100
2026-03-15 19:28:21,8.67,13,0,100
2026-03-15 19:28:21,9.33,14,0,100
2026-03-15 19:28:21,8.67,13,0,100
2026-03-15 19:28:21,8.67,13,0,100
2026-03-15 19:28:22,8.67,13,0,100
2026-03-15 19:28:22,8.67,13,0,100
2026-03-15 19:28:22,8.67,13,0,100
2026-03-15 19:28:22,9.33,14,0,100
2026-03-15 19:28:22,8.67,13,0,100
2026-03-15 19:28:23,8.67,13,0,100
2026-03-15 19:28:23,8.67,13,0,100
2026-03-15 19:28:23,9.33,14,0,100
2026-03-15 19:28:23,8.67,13,0,100
2026-03-15 19:28:23,8.67,13,0,100
2026-03-15 19:28:24,9.33,14,0,100
2026-03-15 19:28:24,8.67,13,0,100
2026-03-15 19:28:24,8.67,13,0,100
2026-03-15 19:28:24,9.33,14,0,100
2026-03-15 19:28:24,8.67,13,0,100
2026-03-15 19:28:25,8.67,13,0,100
2026-03-15 19:28:25,8.67,13,0,100
2026-03-15 19:28:25,9.33,14,0,100
2026-03-15 19:28:25,8.67,13,0,100
2026-03-15 19:28:25,8.67,13,0,100
2026-03-15 19:28:26,9.33,14,0,100
2026-03-15 19:28:26,8.67,13,0,100
2026-03-15 19:28:26,8.67,13,0,100
2026-03-15 19:28:26,8.0,12,0,100
2026-03-15 19:28:26,8.67,13,0,100
2026-03-15 19:28:27,8.67,13,0,100
2026-03-15 19:28:27,9.33,14,0,100
2026-03-15 19:28:27,8.67,13,0,100
2026-03-15 19:28:27,8.67,13,0,100
2026-03-15 19:28:27,8.67,13,0,100
2026-03-15 19:28:28,8.67,13,0,100
2026-03-15 19:28:28,8.67,13,0,100
2026-03-15 19:28:28,8.67,13,0,100
2026-03-15 19:28:28,8.67,13,0,100
2026-03-15 19:28:28,8.67,13,0,100
2026-03-15 19:28:29,8.67,13,0,100
2026-03-15 19:28:29,8.67,13,0,100
2026-03-15 19:28:29,8.67,13,0,100
2026-03-15 19:28:29,9.33,14,0,100
2026-03-15 19:28:29,8.67,13,0,100
2026-03-15 19:28:30,8.67,13,0,100
2026-03-15 19:28:30,8.67,13,0,100
2026-03-15 19:28:30,8.67,13,0,100
2026-03-15 19:28:30,8.67,13,0,100
2026-03-15 19:28:30,8.0,12,0,100
2026-03-15 19:28:31,8.67,13,0,100
2026-03-15 19:28:31,8.67,13,0,100
2026-03-15 19:28:31,8.67,13,0,100
2026-03-15 19:28:31,8.0,12,0,100
2026-03-15 19:28:31,8.67,13,0,100
2026-03-15 19:28:32,8.67,13,0,100
2026-03-15 19:28:32,8.67,13,0,100
2026-03-15 19:28:32,8.67,13,0,100
2026-03-15 19:28:32,8.67,13,0,100
2026-03-15 19:28:32,8.67,13,0,100
2026-03-15 19:28:33,8.67,13,0,100
2026-03-15 19:28:33,8.0,12,0,100
2026-03-15 19:28:33,8.67,13,0,100
2026-03-15 19:28:33,8.67,13,0,100
2026-03-15 19:28:33,8.67,13,0,100
2026-03-15 19:28:34,8.67,13,0,100
2026-03-15 19:28:34,8.67,13,0,100
2026-03-15 19:28:34,8.0,12,0,100
2026-03-15 19:28:34,8.67,13,0,100
2026-03-15 19:28:34,8.67,13,0,100
2026-03-15 19:28:35,8.67,13,0,100
2026-03-15 19:28:35,8.67,13,0,100
2026-03-15 19:28:35,8.0,12,0,100
2026-03-15 19:28:35,8.67,13,0,100
2026-03-15 19:28:35,8.0,12,0,100
2026-03-15 19:28:36,8.67,13,0,100
2026-03-15 19:28:36,8.0,12,0,100
2026-03-15 19:28:36,8.0,12,0,100
2026-03-15 19:28:36,8.67,13,0,100
2026-03-15 19:28:36,8.0,12,0,100
2026-03-15 19:28:37,8.0,12,0,100
2026-03-15 19:28:37,8.67,13,0,100
2026-03-15 19:28:37,8.0,12,0,100
2026-03-15 19:28:37,8.0,12,0,100
2026-03-15 19:28:37,8.67,13,0,100
2026-03-15 19:28:38,8.0,12,0,100
2026-03-15 19:28:38,8.67,13,0,100
2026-03-15 19:28:38,8.67,13,0,100
2026-03-15 19:28:38,8.0,12,0,100
2026-03-15 19:28:38,8.67,13,0,100
2026-03-15 19:28:39,8.0,12,0,100
2026-03-15 19:28:39,8.67,13,0,100
2026-03-15 19:28:39,8.67,13,0,100
2026-03-15 19:28:39,8.0,12,0,100
2026-03-15 19:28:39,8.67,13,0,100
2026-03-15 19:28:40,8.0,12,0,100
2026-03-15 19:28:40,8.0,12,0,100
2026-03-15 19:28:40,8.67,13,0,100
2026-03-15 19:28:40,8.0,12,0,100
2026-03-15 19:28:40,8.0,12,0,100
2026-03-15 19:28:41,8.67,13,0,100
2026-03-15 19:28:41,8.0,12,0,100
2026-03-15 19:28:41,8.67,13,0,100
2026-03-15 19:28:41,8.0,12,0,100
2026-03-15 19:28:41,8.67,13,0,100
2026-03-15 19:28:42,8.67,13,0,100
2026-03-15 19:28:42,8.0,12,0,100
2026-03-15 19:28:42,8.67,13,0,100
2026-03-15 19:28:42,8.67,13,0,100
2026-03-15 19:28:42,8.67,13,0,100
2026-03-15 19:28:43,8.67,13,0,100
2026-03-15 19:28:43,8.0,12,0,100
2026-03-15 19:28:43,8.67,13,0,100
2026-03-15 19:28:43,8.67,13,0,100
2026-03-15 19:28:43,8.67,13,0,100
2026-03-15 19:28:44,8.0,12,0,100
2026-03-15 19:28:44,8.67,13,0,100
2026-03-15 19:28:44,8.67,13,0,100
2026-03-15 19:28:44,8.67,13,0,100
2026-03-15 19:28:44,8.67,13,0,100
2026-03-15 19:28:45,8.0,12,0,100
2026-03-15 19:28:45,8.67,13,0,100
2026-03-15 19:28:45,8.67,13,0,100
2026-03-15 19:28:45,8.67,13,0,100
2026-03-15 19:28:45,8.67,13,0,100
2026-03-15 19:28:46,8.67,13,0,100
2026-03-15 19:28:46,8.67,13,0,100
2026-03-15 19:28:46,8.67,13,0,100
2026-03-15 19:28:46,8.67,13,0,100
2026-03-15 19:28:46,8.67,13,0,100
2026-03-15 19:28:47,8.67,13,0,100
2026-03-15 19:28:47,8.67,13,0,100
2026-03-15 19:28:47,8.67,13,0,100
2026-03-15 19:28:47,8.67,13,0,100
2026-03-15 19:28:47,9.33,14,0,100
2026-03-15 19:28:48,8.67,13,0,100
2026-03-15 19:28:48,8.67,13,0,100
2026-03-15 19:28:48,8.67,13,0,100
2026-03-15 19:28:48,9.33,14,0,100
2026-03-15 19:28:48,8.67,13,0,100
2026-03-15 19:28:49,8.67,13,0,100
2026-03-15 19:28:49,8.67,13,0,100
2026-03-15 19:28:49,8.67,13,0,100
2026-03-15 19:28:49,8.67,13,0,100
2026-03-15 19:28:49,8.67,13,0,100
2026-03-15 19:28:50,8.67,13,0,100
2026-03-15 19:28:50,8.67,13,0,100
2026-03-15 19:28:50,8.67,13,0,100
2026-03-15 19:28:50,8.0,12,0,100
2026-03-15 19:28:50,8.67,13,0,100
2026-03-15 19:28:51,8.67,13,0,100
2026-03-15 19:28:51,8.67,13,0,100
2026-03-15 19:28:51,8.67,13,0,100
2026-03-15 19:28:51,8.67,13,0,100
2026-03-15 19:28:51,8.67,13,0,100
2026-03-15 19:28:52,8.0,12,0,100
2026-03-15 19:28:52,8.67,13,0,100
2026-03-15 19:28:52,8.67,13,0,100
2026-03-15 19:28:52,8.0,12,0,100
2026-03-15 19:28:52,8.67,13,0,100
2026-03-15 19:28:53,8.67,13,0,100
2026-03-15 19:28:53,8.0,12,0,100
2026-03-15 19:28:53,8.67,13,0,100
2026-03-15 19:28:53,8.67,13,0,100
2026-03-15 19:28:53,8.0,12,0,100
2026-03-15 19:28:54,8.67,13,0,100
2026-03-15 19:28:54,8.67,13,0,100
2026-03-15 19:28:54,8.67,13,0,100
2026-03-15 19:28:54,8.67,13,0,100
2026-03-15 19:28:54,8.67,13,0,100
2026-03-15 19:28:55,8.67,13,0,100
2026-03-15 19:28:55,8.67,13,0,100
2026-03-15 19:28:55,8.67,13,0,100
2026-03-15 19:28:55,8.0,12,0,100
2026-03-15 19:28:55,8.67,13,0,100
2026-03-15 19:28:56,8.67,13,0,100
2026-03-15 19:28:56,8.67,13,0,100
2026-03-15 19:28:56,8.67,13,0,100
2026-03-15 19:28:56,8.67,13,0,100
2026-03-15 19:28:56,8.0,12,0,100
2026-03-15 19:28:57,8.67,13,0,100
2026-03-15 19:28:57,8.67,13,0,100
2026-03-15 19:28:57,8.67,13,0,100
2026-03-15 19:28:57,8.0,12,0,100
2026-03-15 19:28:57,8.67,13,0,100
2026-03-15 19:28:58,8.67,13,0,100
2026-03-15 19:28:58,8.67,13,0,100
2026-03-15 19:28:58,8.67,13,0,100
2026-03-15 19:28:58,8.0,12,0,100
2026-03-15 19:28:58,8.67,13,0,100
2026-03-15 19:28:59,8.67,13,0,100
2026-03-15 19:28:59,8.67,13,0,100
2026-03-15 19:28:59,8.0,12,0,100
2026-03-15 19:28:59,8.67,13,0,100
2026-03-15 19:28:59,8.67,13,0,100
2026-03-15 19:29:00,8.0,12,0,100
2026-03-15 19:29:00,8.67,13,0,100
2026-03-15 19:29:00,8.0,12,0,100
2026-03-15 19:29:00,8.67,13,0,100
2026-03-15 19:29:00,8.0,12,0,100
2026-03-15 19:29:01,8.67,13,0,100
2026-03-15 19:29:01,8.0,12,0,100
2026-03-15 19:29:01,8.67,13,0,100
2026-03-15 19:29:01,8.67,13,0,100
2026-03-15 19:29:01,8.0,12,0,100
2026-03-15 19:29:02,8.67,13,0,100
2026-03-15 19:29:02,8.67,13,0,100
2026-03-15 19:29:02,8.67,13,0,100
2026-03-15 19:29:02,8.67,13,0,100
2026-03-15 19:29:02,9.33,14,0,100
2026-03-15 19:29:03,8.67,13,0,100
2026-03-15 19:29:03,8.67,13,0,100
2026-03-15 19:29:03,8.67,13,0,100
2026-03-15 19:29:03,8.67,13,0,100
2026-03-15 19:29:03,9.33,14,0,100
2026-03-15 19:29:04,8.67,13,0,100
2026-03-15 19:29:04,8.67,13,0,100
2026-03-15 19:29:04,8.67,13,0,100
2026-03-15 19:29:04,8.67,13,0,100
2026-03-15 19:29:04,8.67,13,0,100
2026-03-15 19:29:05,8.67,13,0,100
2026-03-15 19:29:05,8.67,13,0,100
2026-03-15 19:29:05,8.0,12,0,100
2026-03-15 19:29:05,8.67,13,0,100
2026-03-15 19:29:05,8.67,13,0,100
2026-03-15 19:29:06,8.67,13,0,100
2026-03-15 19:29:06,9.33,14,0,100
2026-03-15 19:29:06,8.67,13,0,100
2026-03-15 19:29:06,8.67,13,0,100
2026-03-15 19:29:06,8.67,13,0,100
2026-03-15 19:29:07,9.33,14,0,100
2026-03-15 19:29:07,8.67,13,0,100
2026-03-15 19:29:07,8.67,13,0,100
2026-03-15 19:29:07,8.67,13,0,100
2026-03-15 19:29:07,8.67,13,0,100
2026-03-15 19:29:08,9.33,14,0,100
2026-03-15 19:29:08,8.67,13,0,100
2026-03-15 19:29:08,8.67,13,0,100
2026-03-15 19:29:08,8.67,13,0,100
2026-03-15 19:29:08,9.33,14,0,100
2026-03-15 19:29:09,8.67,13,0,100
2026-03-15 19:29:09,8.67,13,0,100
2026-03-15 19:29:09,8.67,13,0,100
2026-03-15 19:29:09,8.67,13,0,100
2026-03-15 19:29:09,8.67,13,0,100
2026-03-15 19:29:10,8.67,13,0,100
2026-03-15 19:29:10,8.67,13,0,100
2026-03-15 19:29:10,8.67,13,0,100
2026-03-15 19:29:10,8.67,13,0,100
2026-03-15 19:29:10,8.67,13,0,100
2026-03-15 19:29:11,8.0,12,0,100
2026-03-15 19:29:11,8.67,13,0,100
2026-03-15 19:29:11,8.67,13,0,100
2026-03-15 19:29:11,8.0,12,0,100
2026-03-15 19:29:11,8.67,13,0,100
2026-03-15 19:29:12,8.67,13,0,100
2026-03-15 19:29:12,8.67,13,0,100
2026-03-15 19:29:12,8.0,12,0,100
2026-03-15 19:29:12,8.67,13,0,100
2026-03-15 19:29:12,8.0,12,0,100
2026-03-15 19:29:13,8.67,13,0,100
2026-03-15 19:29:13,8.0,12,0,100
2026-03-15 19:29:13,8.0,12,0,100
2026-03-15 19:29:13,8.67,13,0,100
2026-03-15 19:29:13,8.0,12,0,100
2026-03-15 19:29:14,8.0,12,0,100
2026-03-15 19:29:14,8.67,13,0,100
2026-03-15 19:29:14,8.0,12,0,100
2026-03-15 19:29:14,8.0,12,0,100
2026-03-15 19:29:14,8.0,12,0,100
2026-03-15 19:29:15,8.0,12,0,100
2026-03-15 19:29:15,8.67,13,0,100
2026-03-15 19:29:15,8.0,12,0,100
2026-03-15 19:29:15,8.0,12,0,100
2026-03-15 19:29:15,8.0,12,0,100
2026-03-15 19:29:16,8.0,12,0,100
2026-03-15 19:29:16,8.0,12,0,100
2026-03-15 19:29:16,8.0,12,0,100
2026-03-15 19:29:16,8.0,12,0,100
2026-03-15 19:29:16,8.67,13,0,100
2026-03-15 19:29:17,8.0,12,0,100
2026-03-15 19:29:17,8.0,12,0,100
2026-03-15 19:29:17,8.67,13,0,100
2026-03-15 19:29:17,8.0,12,0,100
2026-03-15 19:29:17,8.0,12,0,100
2026-03-15 19:29:18,8.67,13,0,100
2026-03-15 19:29:18,8.0,12,0,100
2026-03-15 19:29:18,8.67,13,0,100
2026-03-15 19:29:18,8.0,12,0,100
2026-03-15 19:29:18,8.0,12,0,100
2026-03-15 19:29:19,8.67,13,0,100
2026-03-15 19:29:19,8.0,12,0,100
2026-03-15 19:29:19,8.0,12,0,100
2026-03-15 19:29:19,8.67,13,0,100
2026-03-15 19:29:19,8.0,12,0,100
2026-03-15 19:29:20,8.0,12,0,100
2026-03-15 19:29:20,8.0,12,0,100
2026-03-15 19:29:20,8.0,12,0,100
2026-03-15 19:29:20,8.67,13,0,100
2026-03-15 19:29:20,8.0,12,0,100
2026-03-15 19:29:21,8.0,12,0,100
2026-03-15 19:29:21,8.0,12,0,100
2026-03-15 19:29:21,8.0,12,0,100
2026-03-15 19:29:21,8.0,12,0,100
2026-03-15 19:29:21,8.0,12,0,100
2026-03-15 19:29:22,8.0,12,0,100
2026-03-15 19:29:22,8.0,12,0,100
2026-03-15 19:29:22,8.0,12,0,100
2026-03-15 19:29:22,8.0,12,0,100
2026-03-15 19:29:22,8.0,12,0,100
2026-03-15 19:29:23,8.0,12,0,100
2026-03-15 19:29:23,8.0,12,0,100
2026-03-15 19:29:23,8.0,12,0,100
2026-03-15 19:29:23,8.0,12,0,100
2026-03-15 19:29:23,8.0,12,0,100
2026-03-15 19:29:24,8.0,12,0,100
2026-03-15 19:29:24,8.0,12,0,100
2026-03-15 19:29:24,8.0,12,0,100
2026-03-15 19:29:24,8.67,13,0,100
2026-03-15 19:29:24,8.67,13,0,100
2026-03-15 19:29:25,8.0,12,0,100
2026-03-15 19:29:25,8.67,13,0,100
2026-03-15 19:29:25,8.67,13,0,100
2026-03-15 19:29:25,8.67,13,0,100
2026-03-15 19:29:25,8.67,13,0,100
2026-03-15 19:29:26,8.67,13,0,100
2026-03-15 19:29:26,8.67,13,0,100
2026-03-15 19:29:26,8.67,13,0,100
2026-03-15 19:29:26,8.67,13,0,100
2026-03-15 19:29:26,8.67,13,0,100
2026-03-15 19:29:27,9.33,14,0,100
2026-03-15 19:29:27,8.67,13,0,100
2026-03-15 19:29:27,8.67,13,0,100
2026-03-15 19:29:27,8.67,13,0,100
2026-03-15 19:29:27,8.67,13,0,100
2026-03-15 19:29:28,8.67,13,0,100
2026-03-15 19:29:28,8.67,13,0,100
2026-03-15 19:29:28,9.33,14,0,100
2026-03-15 19:29:28,8.67,13,0,100
2026-03-15 19:29:28,8.67,13,0,100
2026-03-15 19:29:29,8.67,13,0,100
2026-03-15 19:29:29,8.67,13,0,100
2026-03-15 19:29:29,8.67,13,0,100
2026-03-15 19:29:29,8.67,13,0,100
2026-03-15 19:29:29,8.67,13,0,100
2026-03-15 19:29:30,8.67,13,0,100
2026-03-15 19:29:30,8.67,13,0,100
2026-03-15 19:29:30,8.67,13,0,100
2026-03-15 19:29:30,8.67,13,0,100
2026-03-15 19:29:30,8.67,13,0,100
2026-03-15 19:29:31,8.67,13,0,100
2026-03-15 19:29:31,8.67,13,0,100
2026-03-15 19:29:31,8.67,13,0,100
2026-03-15 19:29:31,8.0,12,0,100
2026-03-15 19:29:31,8.67,13,0,100
2026-03-15 19:29:32,8.67,13,0,100
2026-03-15 19:29:32,8.0,12,0,100
2026-03-15 19:29:32,8.67,13,0,100
2026-03-15 19:29:32,8.0,12,0,100
2026-03-15 19:29:32,8.67,13,0,100
2026-03-15 19:29:33,8.67,13,0,100
2026-03-15 19:29:33,8.0,12,0,100
2026-03-15 19:29:33,8.67,13,0,100
2026-03-15 19:29:33,8.67,13,0,100
2026-03-15 19:29:33,8.0,12,0,100
2026-03-15 19:29:34,8.67,13,0,100
2026-03-15 19:29:34,8.0,12,0,100
2026-03-15 19:29:34,8.67,13,0,100
2026-03-15 19:29:34,8.0,12,0,100
2026-03-15 19:29:34,8.67,13,0,100
2026-03-15 19:29:35,8.0,12,0,100
2026-03-15 19:29:35,8.67,13,0,100
2026-03-15 19:29:35,8.0,12,0,100
2026-03-15 19:29:35,8.67,13,0,100
2026-03-15 19:29:35,8.0,12,0,100
2026-03-15 19:29:36,8.67,13,0,100
2026-03-15 19:29:36,8.67,13,0,100
2026-03-15 19:29:36,8.0,12,0,100
2026-03-15 19:29:36,8.67,13,0,100
2026-03-15 19:29:36,8.67,13,0,100
2026-03-15 19:29:37,8.67,13,0,100
2026-03-15 19:29:37,8.67,13,0,100
2026-03-15 19:29:37,8.0,12,0,100
2026-03-15 19:29:37,8.67,13,0,100
2026-03-15 19:29:37,8.67,13,0,100
2026-03-15 19:29:38,8.67,13,0,100
2026-03-15 19:29:38,8.67,13,0,100
2026-03-15 19:29:38,8.67,13,0,100
2026-03-15 19:29:38,8.0,12,0,100
2026-03-15 19:29:38,8.67,13,0,100
2026-03-15 19:29:39,8.0,12,0,100
2026-03-15 19:29:39,8.67,13,0,100
2026-03-15 19:29:39,8.67,13,0,100
2026-03-15 19:29:39,8.67,13,0,100
2026-03-15 19:29:39,8.0,12,0,100
2026-03-15 19:29:40,8.67,13,0,100
2026-03-15 19:29:40,8.67,13,0,100
2026-03-15 19:29:40,8.0,12,0,100
2026-03-15 19:29:40,8.67,13,0,100
2026-03-15 19:29:40,8.67,13,0,100
2026-03-15 19:29:41,8.0,12,0,100
2026-03-15 19:29:41,8.67,13,0,100
2026-03-15 19:29:41,8.0,12,0,100
2026-03-15 19:29:41,8.67,13,0,100
2026-03-15 19:29:41,8.0,12,0,100
2026-03-15 19:29:42,8.67,13,0,100
2026-03-15 19:29:42,8.0,12,0,100
2026-03-15 19:29:42,8.67,13,0,100
2026-03-15 19:29:42,8.0,12,0,100
2026-03-15 19:29:42,8.67,13,0,100
2026-03-15 19:29:43,8.67,13,0,100
2026-03-15 19:29:43,8.0,12,0,100
2026-03-15 19:29:43,8.67,13,0,100
2026-03-15 19:29:43,8.0,12,0,100
2026-03-15 19:29:43,8.67,13,0,100
2026-03-15 19:29:44,8.67,13,0,100
2026-03-15 19:29:44,8.0,12,0,100
2026-03-15 19:29:44,8.67,13,0,100
2026-03-15 19:29:44,8.0,12,0,100
2026-03-15 19:29:44,8.67,13,0,100
2026-03-15 19:29:45,8.0,12,0,100
2026-03-15 19:29:45,8.67,13,0,100
2026-03-15 19:29:45,8.0,12,0,100
2026-03-15 19:29:45,8.67,13,0,100
2026-03-15 19:29:45,8.0,12,0,100
2026-03-15 19:29:46,8.67,13,0,100
2026-03-15 19:29:46,8.0,12,0,100
2026-03-15 19:29:46,8.67,13,0,100
2026-03-15 19:29:46,8.0,12,0,100
2026-03-15 19:29:46,8.0,12,0,100
2026-03-15 19:29:47,8.67,13,0,100
2026-03-15 19:29:47,8.0,12,0,100
2026-03-15 19:29:47,8.0,12,0,100
2026-03-15 19:29:47,8.0,12,0,100
2026-03-15 19:29:47,8.67,13,0,100
2026-03-15 19:29:48,8.0,12,0,100
2026-03-15 19:29:48,8.0,12,0,100
2026-03-15 19:29:48,8.0,12,0,100
2026-03-15 19:29:48,8.0,12,0,100
2026-03-15 19:29:48,8.0,12,0,100
2026-03-15 19:29:49,8.67,13,0,100
2026-03-15 19:29:49,8.0,12,0,100
2026-03-15 19:29:49,8.0,12,0,100
2026-03-15 19:29:49,8.0,12,0,100
2026-03-15 19:29:49,8.0,12,0,100
2026-03-15 19:29:50,8.0,12,0,100
2026-03-15 19:29:50,8.0,12,0,100
2026-03-15 19:29:50,8.0,12,0,100
2026-03-15 19:29:50,8.67,13,0,100
2026-03-15 19:29:50,8.0,12,0,100
2026-03-15 19:29:51,8.0,12,0,100
2026-03-15 19:29:51,8.0,12,0,100
2026-03-15 19:29:51,8.0,12,0,100
2026-03-15 19:29:51,8.0,12,0,100
2026-03-15 19:29:51,8.0,12,0,100
2026-03-15 19:29:52,8.0,12,0,100
2026-03-15 19:29:52,8.67,13,0,100
2026-03-15 19:29:52,8.0,12,0,100
2026-03-15 19:29:52,8.0,12,0,100
2026-03-15 19:29:52,8.67,13,0,100
2026-03-15 19:29:53,8.0,12,0,100
2026-03-15 19:29:53,8.67,13,0,100
2026-03-15 19:29:53,8.0,12,0,100
2026-03-15 19:29:53,8.67,13,0,100
2026-03-15 19:29:53,8.67,13,0,100
2026-03-15 19:29:54,8.0,12,0,100
2026-03-15 19:29:54,8.67,13,0,100
2026-03-15 19:29:54,8.67,13,0,100
2026-03-15 19:29:54,8.67,13,0,100
2026-03-15 19:29:54,8.0,12,0,100
2026-03-15 19:29:55,8.67,13,0,100
2026-03-15 19:29:55,8.67,13,0,100
2026-03-15 19:29:55,8.67,13,0,100
2026-03-15 19:29:55,8.67,13,0,100
2026-03-15 19:29:55,8.67,13,0,100
2026-03-15 19:29:56,8.0,12,0,100
2026-03-15 19:29:56,8.67,13,0,100
2026-03-15 19:29:56,8.0,12,0,100
2026-03-15 19:29:56,8.0,12,0,100
2026-03-15 19:29:56,8.67,13,0,100
2026-03-15 19:29:57,8.0,12,0,100
2026-03-15 19:29:57,8.0,12,0,100
2026-03-15 19:29:57,8.0,12,0,100
2026-03-15 19:29:57,8.0,12,0,100
2026-03-15 19:29:57,8.0,12,0,100
2026-03-15 19:29:58,8.0,12,0,100
2026-03-15 19:29:58,8.0,12,0,100
2026-03-15 19:29:58,8.0,12,0,100
2026-03-15 19:29:58,8.0,12,0,100
2026-03-15 19:29:58,8.0,12,0,100
2026-03-15 19:29:59,8.0,12,0,100
2026-03-15 19:29:59,8.0,12,0,100
2026-03-15 19:29:59,8.67,13,0,100
2026-03-15 19:29:59,8.0,12,0,100
2026-03-15 19:29:59,8.0,12,0,100
2026-03-15 19:30:00,8.0,12,0,100
2026-03-15 19:30:00,8.0,12,0,100
2026-03-15 19:30:00,8.0,12,0,100
2026-03-15 19:30:00,8.67,13,0,100
2026-03-15 19:30:00,8.0,12,0,100
2026-03-15 19:30:01,8.0,12,0,100
2026-03-15 19:30:01,8.0,12,0,100
2026-03-15 19:30:01,8.0,12,0,100
2026-03-15 19:30:01,8.67,13,0,100
2026-03-15 19:30:01,8.0,12,0,100
2026-03-15 19:30:02,8.0,12,0,100
2026-03-15 19:30:02,8.0,12,0,100
2026-03-15 19:30:02,8.0,12,0,100
2026-03-15 19:30:02,8.0,12,0,100
2026-03-15 19:30:02,8.0,12,0,100
2026-03-15 19:30:03,8.67,13,0,100
2026-03-15 19:30:03,8.0,12,0,100
2026-03-15 19:30:03,8.0,12,0,100
2026-03-15 19:30:03,8.0,12,0,100
2026-03-15 19:30:03,8.0,12,0,100
2026-03-15 19:30:04,8.0,12,0,100
2026-03-15 19:30:04,8.0,12,0,100
2026-03-15 19:30:04,8.0,12,0,100
2026-03-15 19:30:04,8.67,13,0,100
2026-03-15 19:30:04,8.0,12,0,100
2026-03-15 19:30:05,8.0,12,0,100
2026-03-15 19:30:05,8.0,12,0,100
2026-03-15 19:30:05,8.67,13,0,100
2026-03-15 19:30:05,8.0,12,0,100
2026-03-15 19:30:05,8.0,12,0,100
2026-03-15 19:30:06,8.0,12,0,100
2026-03-15 19:30:06,8.0,12,0,100
2026-03-15 19:30:06,8.0,12,0,100
2026-03-15 19:30:06,8.67,13,0,100
2026-03-15 19:30:06,8.0,12,0,100
2026-03-15 19:30:07,8.0,12,0,100
2026-03-15 19:30:07,8.0,12,0,100
2026-03-15 19:30:07,8.0,12,0,100
2026-03-15 19:30:07,7.33,11,0,100
2026-03-15 19:30:07,8.0,12,0,100
2026-03-15 19:30:08,8.0,12,0,100
2026-03-15 19:30:08,8.0,12,0,100
2026-03-15 19:30:08,8.67,13,0,100
2026-03-15 19:30:08,8.0,12,0,100
2026-03-15 19:30:08,8.0,12,0,100
2026-03-15 19:30:09,8.0,12,0,100
2026-03-15 19:30:09,8.0,12,0,100
2026-03-15 19:30:09,8.67,13,0,100
2026-03-15 19:30:09,8.0,12,0,100
2026-03-15 19:30:09,8.0,12,0,100
2026-03-15 19:30:10,8.0,12,0,100
2026-03-15 19:30:10,8.0,12,0,100
2026-03-15 19:30:10,8.0,12,0,100
2026-03-15 19:30:10,8.0,12,0,100
2026-03-15 19:30:10,8.0,12,0,100
2026-03-15 19:30:11,8.0,12,0,100
2026-03-15 19:30:11,8.67,13,0,100
2026-03-15 19:30:11,8.0,12,0,100
2026-03-15 19:30:11,8.0,12,0,100
2026-03-15 19:30:11,8.67,13,0,100
2026-03-15 19:30:12,8.0,12,0,100
2026-03-15 19:30:12,8.67,13,0,100
2026-03-15 19:30:12,8.0,12,0,100
2026-03-15 19:30:12,8.67,13,0,100
2026-03-15 19:30:12,8.0,12,0,100
2026-03-15 19:30:13,8.67,13,0,100
2026-03-15 19:30:13,8.0,12,0,100
2026-03-15 19:30:13,8.67,13,0,100
2026-03-15 19:30:13,8.0,12,0,100
2026-03-15 19:30:13,8.67,13,0,100
2026-03-15 19:30:14,8.0,12,0,100
2026-03-15 19:30:14,8.67,13,0,100
2026-03-15 19:30:14,8.67,13,0,100
2026-03-15 19:30:14,8.0,12,0,100
2026-03-15 19:30:14,8.67,13,0,100
2026-03-15 19:30:15,8.67,13,0,100
2026-03-15 19:30:15,8.0,12,0,100
2026-03-15 19:30:15,8.67,13,0,100
2026-03-15 19:30:15,8.67,13,0,100
2026-03-15 19:30:15,8.0,12,0,100
2026-03-15 19:30:16,8.67,13,0,100
2026-03-15 19:30:16,8.0,12,0,100
2026-03-15 19:30:16,8.67,13,0,100
2026-03-15 19:30:16,8.0,12,0,100
2026-03-15 19:30:16,8.67,13,0,100
2026-03-15 19:30:17,8.0,12,0,100
2026-03-15 19:30:17,8.67,13,0,100
2026-03-15 19:30:17,8.67,13,0,100
2026-03-15 19:30:17,8.0,12,0,100
2026-03-15 19:30:17,8.67,13,0,100
2026-03-15 19:30:18,8.67,13,0,100
2026-03-15 19:30:18,8.67,13,0,100
2026-03-15 19:30:18,8.0,12,0,100
2026-03-15 19:30:18,8.67,13,0,100
2026-03-15 19:30:18,8.67,13,0,100
2026-03-15 19:30:19,8.0,12,0,100
2026-03-15 19:30:19,8.67,13,0,100
2026-03-15 19:30:19,8.0,12,0,100
2026-03-15 19:30:19,8.67,13,0,100
2026-03-15 19:30:19,8.0,12,0,100
2026-03-15 19:30:20,8.0,12,0,100
2026-03-15 19:30:20,8.67,13,0,100
2026-03-15 19:30:20,8.0,12,0,100
2026-03-15 19:30:20,8.0,12,0,100
2026-03-15 19:30:20,8.0,12,0,100
2026-03-15 19:30:21,8.67,13,0,100
2026-03-15 19:30:21,8.0,12,0,100
2026-03-15 19:30:21,8.0,12,0,100
2026-03-15 19:30:21,8.0,12,0,100
2026-03-15 19:30:21,8.67,13,0,100
2026-03-15 19:30:22,8.0,12,0,100
2026-03-15 19:30:22,8.0,12,0,100
2026-03-15 19:30:22,8.0,12,0,100
2026-03-15 19:30:22,8.0,12,0,100
2026-03-15 19:30:22,8.67,13,0,100
2026-03-15 19:30:23,8.0,12,0,100
2026-03-15 19:30:23,8.0,12,0,100
2026-03-15 19:30:23,8.0,12,0,100
2026-03-15 19:30:23,8.0,12,0,100
2026-03-15 19:30:23,8.0,12,0,100
2026-03-15 19:30:24,8.0,12,0,100
2026-03-15 19:30:24,7.33,11,0,100
2026-03-15 19:30:24,8.0,12,0,100
2026-03-15 19:30:24,8.0,12,0,100
2026-03-15 19:30:24,8.0,12,0,100
2026-03-15 19:30:25,7.33,11,0,100
2026-03-15 19:30:25,8.0,12,0,100
2026-03-15 19:30:25,8.0,12,0,100
2026-03-15 19:30:25,8.0,12,0,100
2026-03-15 19:30:25,7.33,11,0,100
2026-03-15 19:30:26,8.0,12,0,100
2026-03-15 19:30:26,8.0,12,0,100
2026-03-15 19:30:26,8.0,12,0,100
2026-03-15 19:30:26,7.33,11,0,100
2026-03-15 19:30:26,8.0,12,0,100
2026-03-15 19:30:27,8.0,12,0,100
2026-03-15 19:30:27,8.0,12,0,100
2026-03-15 19:30:27,7.33,11,0,100
2026-03-15 19:30:27,8.0,12,0,100
2026-03-15 19:30:27,8.0,12,0,100
2026-03-15 19:30:28,7.33,11,0,100
2026-03-15 19:30:28,8.0,12,0,100
2026-03-15 19:30:28,7.33,11,0,100
2026-03-15 19:30:28,8.0,12,0,100
2026-03-15 19:30:28,7.33,11,0,100
2026-03-15 19:30:29,8.0,12,0,100
2026-03-15 19:30:29,7.33,11,0,100
2026-03-15 19:30:29,7.33,11,0,100
2026-03-15 19:30:29,8.0,12,0,100
2026-03-15 19:30:29,7.33,11,0,100
2026-03-15 19:30:30,7.33,11,0,100
2026-03-15 19:30:30,8.0,12,0,100
2026-03-15 19:30:30,7.33,11,0,100
2026-03-15 19:30:30,8.0,12,0,100
2026-03-15 19:30:30,8.0,12,0,100
2026-03-15 19:30:31,7.33,11,0,100
2026-03-15 19:30:31,8.0,12,0,100
2026-03-15 19:30:31,8.0,12,0,100
2026-03-15 19:30:31,8.0,12,0,100
2026-03-15 19:30:31,7.33,11,0,100
2026-03-15 19:30:32,8.0,12,0,100
2026-03-15 19:30:32,8.0,12,0,100
2026-03-15 19:30:32,8.0,12,0,100
2026-03-15 19:30:32,7.33,11,0,100
2026-03-15 19:30:32,8.0,12,0,100
2026-03-15 19:30:33,8.0,12,0,100
2026-03-15 19:30:33,8.0,12,0,100
2026-03-15 19:30:33,8.0,12,0,100
2026-03-15 19:30:33,8.0,12,0,100
2026-03-15 19:30:33,8.0,12,0,100
2026-03-15 19:30:34,8.0,12,0,100
2026-03-15 19:30:34,8.0,12,0,100
2026-03-15 19:30:34,8.67,13,0,100
2026-03-15 19:30:34,8.0,12,0,100
2026-03-15 19:30:34,8.0,12,0,100
2026-03-15 19:30:35,8.67,13,0,100
2026-03-15 19:30:35,8.0,12,0,100
2026-03-15 19:30:35,8.0,12,0,100
2026-03-15 19:30:35,8.67,13,0,100
2026-03-15 19:30:35,8.0,12,0,100
2026-03-15 19:30:36,8.67,13,0,100
2026-03-15 19:30:36,8.0,12,0,100
2026-03-15 19:30:36,8.67,13,0,100
2026-03-15 19:30:36,8.67,13,0,100
2026-03-15 19:30:36,8.0,12,0,100
2026-03-15 19:30:37,8.67,13,0,100
2026-03-15 19:30:37,8.0,12,0,100
2026-03-15 19:30:37,8.67,13,0,100
2026-03-15 19:30:37,8.0,12,0,100
2026-03-15 19:30:37,8.67,13,0,100
2026-03-15 19:30:38,8.67,13,0,100
2026-03-15 19:30:38,8.0,12,0,100
2026-03-15 19:30:38,8.67,13,0,100
2026-03-15 19:30:38,8.0,12,0,100
2026-03-15 19:30:38,8.67,13,0,100
2026-03-15 19:30:39,8.67,13,0,100
2026-03-15 19:30:39,8.67,13,0,100
2026-03-15 19:30:39,8.67,13,0,100
2026-03-15 19:30:39,8.67,13,0,100
2026-03-15 19:30:39,8.67,13,0,100
2026-03-15 19:30:40,8.67,13,0,100
2026-03-15 19:30:40,8.0,12,0,100
2026-03-15 19:30:40,8.67,13,0,100
2026-03-15 19:30:40,8.67,13,0,100
2026-03-15 19:30:40,8.67,13,0,100
2026-03-15 19:30:41,8.0,12,0,100
2026-03-15 19:30:41,8.67,13,0,100
2026-03-15 19:30:41,8.67,13,0,100
2026-03-15 19:30:41,8.67,13,0,100
2026-03-15 19:30:41,8.0,12,0,100
2026-03-15 19:30:42,8.67,13,0,100
2026-03-15 19:30:42,8.0,12,0,100
2026-03-15 19:30:42,8.67,13,0,100
2026-03-15 19:30:42,8.0,12,0,100
2026-03-15 19:30:42,8.67,13,0,100
2026-03-15 19:30:43,8.0,12,0,100
2026-03-15 19:30:43,8.67,13,0,100
2026-03-15 19:30:43,8.0,12,0,100
2026-03-15 19:30:43,8.0,12,0,100
2026-03-15 19:30:43,8.67,13,0,100
2026-03-15 19:30:44,8.0,12,0,100
2026-03-15 19:30:44,8.0,12,0,100
2026-03-15 19:30:44,8.67,13,0,100
2026-03-15 19:30:44,8.0,12,0,100
2026-03-15 19:30:44,8.0,12,0,100
