timestamp,temperatura_C,fase,estab_contagem,estab_alvo,vazao_L_min,dc_temp_%,dc_cooler_%
2026-03-15 19:32:07,25.36,AQUECENDO,0,10,0.0,100,0
2026-03-15 19:32:09,25.74,AQUECENDO,0,10,0.0,100,0
2026-03-15 19:32:11,25.92,AQUECENDO,0,10,0.0,100,0
2026-03-15 19:32:13,26.14,AQUECENDO,0,10,0.0,100,0
2026-03-15 19:32:15,26.47,AQUECENDO,0,10,0.0,100,0
2026-03-15 19:32:17,26.78,AQUECENDO,0,10,0.0,100,0
2026-03-15 19:32:19,27.14,AQUECENDO,0,10,0.0,100,0
2026-03-15 19:32:21,27.47,AQUECENDO,0,10,0.0,100,0
2026-03-15 19:32:23,27.63,AQUECENDO,0,10,0.0,100,0
2026-03-15 19:32:25,27.95,AQUECENDO,0,10,0.0,100,0
2026-03-15 19:32:27,28.35,AQUECENDO,0,10,0.0,100,0
2026-03-15 19:32:29,28.92,AQUECENDO,0,10,0.0,100,0
2026-03-15 19:32:31,29.21,AQUECENDO,0,10,0.0,100,0
2026-03-15 19:32:33,29.63,AQUECENDO,0,10,0.0,100,0
2026-03-15 19:32:35,30.13,AQUECENDO,0,10,0.0,100,0
2026-03-15 19:32:37,30.41,AQUECENDO,0,10,0.0,100,0
2026-03-15 19:32:39,30.73,AQUECENDO,0,10,0.0,100,0
2026-03-15 19:32:41,31.34,AQUECENDO,0,10,0.0,100,0
2026-03-15 19:32:43,31.74,AQUECENDO,0,10,0.0,100,0
2026-03-15 19:32:45,32.14,AQUECENDO,0,10,0.0,100,0
2026-03-15 19:32:47,32.63,AQUECENDO,0,10,0.0,100,0
2026-03-15 19:32:49,32.89,AQUECENDO,0,10,0.0,100,0
2026-03-15 19:32:51,33.61,AQUECENDO,0,10,0.0,100,0
2026-03-15 19:32:53,33.95,AQUECENDO,0,10,0.0,100,0
2026-03-15 19:32:55,34.49,AQUECENDO,0,10,0.0,100,0
2026-03-15 19:32:57,34.9,AQUECENDO,0,10,0.0,100,0
2026-03-15 19:32:59,35.37,AQUECENDO,0,10,0.0,100,0
2026-03-15 19:33:01,35.87,AQUECENDO,0,10,0.0,100,0
2026-03-15 19:33:03,36.97,AQUECENDO,0,10,0.0,100,0
2026-03-15 19:33:05,36.97,AQUECENDO,1,10,0.0,100,0
2026-03-15 19:33:07,37.38,AQUECENDO,0,10,0.0,100,0
2026-03-15 19:33:09,37.74,AQUECENDO,0,10,0.0,100,0
2026-03-15 19:33:11,38.26,AQUECENDO,0,10,0.0,100,0
2026-03-15 19:33:13,38.59,AQUECENDO,0,10,0.0,100,0
2026-03-15 19:33:15,39.01,AQUECENDO,0,10,0.0,100,0
2026-03-15 19:33:17,39.43,AQUECENDO,0,10,0.0,100,0
2026-03-15 19:33:19,39.73,AQUECENDO,0,10,0.0,100,0
2026-03-15 19:33:21,40.16,AQUECENDO,0,10,0.0,100,0
2026-03-15 19:33:23,40.72,AQUECENDO,0,10,0.0,100,0
2026-03-15 19:33:25,41.19,AQUECENDO,0,10,0.0,100,0
2026-03-15 19:33:27,41.6,AQUECENDO,0,10,0.0,100,0
2026-03-15 19:33:29,41.87,AQUECENDO,0,10,0.0,100,0
2026-03-15 19:33:31,42.07,AQUECENDO,0,10,0.0,100,0
2026-03-15 19:33:33,42.66,AQUECENDO,0,10,0.0,100,0
2026-03-15 19:33:35,42.94,AQUECENDO,0,10,0.0,100,0
2026-03-15 19:33:37,43.37,AQUECENDO,0,10,0.0,100,0
2026-03-15 19:33:39,43.54,AQUECENDO,0,10,0.0,100,0
2026-03-15 19:33:41,43.83,AQUECENDO,0,10,0.0,100,0
2026-03-15 19:33:43,44.18,AQUECENDO,0,10,0.0,100,0
2026-03-15 19:33:45,44.53,AQUECENDO,0,10,0.0,100,0
2026-03-15 19:33:47,44.64,AQUECENDO,0,10,0.0,100,0
2026-03-15 19:33:49,45.27,AQUECENDO,0,10,0.0,100,0
2026-03-15 19:33:51,45.27,AQUECENDO,1,10,0.0,100,0
2026-03-15 19:33:53,45.72,AQUECENDO,0,10,0.0,100,0
2026-03-15 19:33:55,45.96,AQUECENDO,0,10,0.0,100,0
2026-03-15 19:33:57,46.14,AQUECENDO,0,10,0.0,100,0
2026-03-15 19:33:59,46.41,AQUECENDO,0,10,0.0,100,0
2026-03-15 19:34:01,46.66,AQUECENDO,0,10,0.0,100,0
2026-03-15 19:34:03,47.09,AQUECENDO,0,10,0.0,100,0
2026-03-15 19:34:05,47.22,AQUECENDO,0,10,0.0,100,0
2026-03-15 19:34:07,47.53,AQUECENDO,0,10,0.0,100,0
2026-03-15 19:34:09,47.78,AQUECENDO,0,10,0.0,100,0
2026-03-15 19:34:11,47.87,AQUECENDO,0,10,0.0,100,0
2026-03-15 19:34:13,48.22,AQUECENDO,0,10,0.0,100,0
2026-03-15 19:34:15,48.25,AQUECENDO,0,10,0.0,100,0
2026-03-15 19:34:17,48.77,AQUECENDO,0,10,0.0,100,0
2026-03-15 19:34:19,49.09,AQUECENDO,0,10,0.0,100,0
2026-03-15 19:34:21,49.25,AQUECENDO,0,10,0.0,100,0
2026-03-15 19:34:23,49.42,AQUECENDO,0,10,0.0,100,0
2026-03-15 19:34:25,49.78,AQUECENDO,0,10,0.0,100,0
2026-03-15 19:34:27,49.81,AQUECENDO,0,10,0.0,100,0
2026-03-15 19:34:29,49.95,AQUECENDO,0,10,0.0,100,0
2026-03-15 19:34:31,50.28,AQUECENDO,0,10,0.0,100,0
2026-03-15 19:34:33,50.28,AQUECENDO,1,10,0.0,100,0
2026-03-15 19:34:35,50.61,AQUECENDO,0,10,0.0,100,0
2026-03-15 19:34:37,50.78,AQUECENDO,0,10,0.0,100,0
2026-03-15 19:34:39,51.02,AQUECENDO,0,10,0.0,100,0
2026-03-15 19:34:41,51.4,AQUECENDO,0,10,0.0,100,0
2026-03-15 19:34:43,51.47,AQUECENDO,0,10,0.0,100,0
2026-03-15 19:34:45,52.16,AQUECENDO,0,10,0.0,100,0
2026-03-15 19:34:47,52.13,AQUECENDO,0,10,0.0,100,0
2026-03-15 19:34:49,52.48,AQUECENDO,0,10,0.0,100,0
2026-03-15 19:34:51,52.69,AQUECENDO,0,10,0.0,100,0
2026-03-15 19:34:53,52.83,AQUECENDO,0,10,0.0,100,0
2026-03-15 19:34:55,52.83,AQUECENDO,1,10,0.0,100,0
2026-03-15 19:34:57,53.05,AQUECENDO,0,10,0.0,100,0
2026-03-15 19:34:59,53.15,AQUECENDO,0,10,0.0,100,0
2026-03-15 19:35:01,53.44,AQUECENDO,0,10,0.0,100,0
2026-03-15 19:35:03,53.59,AQUECENDO,0,10,0.0,100,0
2026-03-15 19:35:05,53.7,AQUECENDO,0,10,0.0,100,0
2026-03-15 19:35:07,53.66,AQUECENDO,0,10,0.0,100,0
2026-03-15 19:35:09,53.99,AQUECENDO,0,10,0.0,100,0
2026-03-15 19:35:11,54.21,AQUECENDO,0,10,0.0,100,0
2026-03-15 19:35:13,54.39,AQUECENDO,0,10,0.0,100,0
2026-03-15 19:35:15,54.62,AQUECENDO,0,10,0.0,100,0
2026-03-15 19:35:17,54.62,AQUECENDO,1,10,0.0,100,0
2026-03-15 19:35:19,54.77,AQUECENDO,0,10,0.0,100,0
2026-03-15 19:35:21,54.58,AQUECENDO,0,10,0.0,100,0
2026-03-15 19:35:23,55.07,AQUECENDO,0,10,0.0,100,0
2026-03-15 19:35:25,55.22,AQUECENDO,0,10,0.0,100,0
2026-03-15 19:35:27,55.37,AQUECENDO,0,10,0.0,100,0
2026-03-15 19:35:29,55.37,AQUECENDO,1,10,0.0,100,0
2026-03-15 19:35:31,55.79,AQUECENDO,0,10,0.0,100,0
2026-03-15 19:35:33,55.87,AQUECENDO,0,10,0.0,100,0
2026-03-15 19:35:35,55.91,AQUECENDO,0,10,0.0,100,0
2026-03-15 19:35:37,56.02,AQUECENDO,0,10,0.0,100,0
2026-03-15 19:35:39,56.06,AQUECENDO,0,10,0.0,100,0
2026-03-15 19:35:41,56.06,AQUECENDO,1,10,0.0,100,0
2026-03-15 19:35:43,56.18,AQUECENDO,0,10,0.0,100,0
2026-03-15 19:35:45,56.49,AQUECENDO,0,10,0.0,100,0
2026-03-15 19:35:47,56.76,AQUECENDO,0,10,0.0,100,0
2026-03-15 19:35:49,56.76,AQUECENDO,1,10,0.0,100,0
2026-03-15 19:35:51,56.96,AQUECENDO,0,10,0.0,100,0
2026-03-15 19:35:53,57.08,AQUECENDO,0,10,0.0,100,0
2026-03-15 19:35:55,57.32,AQUECENDO,0,10,0.0,100,0
2026-03-15 19:35:57,57.28,AQUECENDO,0,10,0.0,100,0
2026-03-15 19:35:59,57.32,AQUECENDO,0,10,0.0,100,0
2026-03-15 19:36:01,57.32,AQUECENDO,1,10,0.0,100,0
2026-03-15 19:36:03,57.68,AQUECENDO,0,10,0.0,100,0
2026-03-15 19:36:05,57.72,AQUECENDO,0,10,0.0,100,0
2026-03-15 19:36:07,58.09,AQUECENDO,0,10,0.0,100,0
2026-03-15 19:36:09,58.17,AQUECENDO,0,10,0.0,100,0
2026-03-15 19:36:11,58.33,AQUECENDO,0,10,0.0,100,0
2026-03-15 19:36:13,58.5,AQUECENDO,0,10,0.0,100,0
2026-03-15 19:36:15,58.5,AQUECENDO,1,10,0.0,100,0
2026-03-15 19:36:17,58.71,AQUECENDO,0,10,0.0,100,0
2026-03-15 19:36:19,58.71,AQUECENDO,1,10,0.0,100,0
2026-03-15 19:36:21,58.91,AQUECENDO,0,10,0.0,100,0
2026-03-15 19:36:23,58.83,AQUECENDO,0,10,0.0,100,0
2026-03-15 19:36:25,59.08,AQUECENDO,0,10,0.0,100,0
2026-03-15 19:36:27,58.91,AQUECENDO,0,10,0.0,100,0
2026-03-15 19:36:29,58.75,AQUECENDO,0,10,0.0,100,0
2026-03-15 19:36:31,59.08,AQUECENDO,0,10,0.0,100,0
2026-03-15 19:36:33,59.04,AQUECENDO,0,10,0.0,100,0
2026-03-15 19:36:35,59.25,AQUECENDO,0,10,0.0,100,0
2026-03-15 19:36:37,59.33,AQUECENDO,0,10,0.0,100,0
2026-03-15 19:36:39,59.46,AQUECENDO,0,10,0.0,100,0
2026-03-15 19:36:41,59.33,AQUECENDO,0,10,0.0,100,0
2026-03-15 19:36:43,59.5,AQUECENDO,0,10,0.0,100,0
2026-03-15 19:36:45,59.33,AQUECENDO,0,10,0.0,100,0
2026-03-15 19:36:47,59.67,AQUECENDO,0,10,0.0,100,0
2026-03-15 19:36:49,59.5,AQUECENDO,0,10,0.0,100,0
2026-03-15 19:36:51,59.59,AQUECENDO,0,10,0.0,100,0
2026-03-15 19:36:53,59.59,AQUECENDO,1,10,0.0,100,0
2026-03-15 19:36:55,59.72,AQUECENDO,0,10,0.0,100,0
2026-03-15 19:36:57,59.8,AQUECENDO,0,10,0.0,100,0
2026-03-15 19:36:59,59.89,AQUECENDO,0,10,0.0,100,0
2026-03-15 19:37:01,59.59,AQUECENDO,0,10,0.0,100,0
2026-03-15 19:37:03,59.89,AQUECENDO,0,10,0.0,100,0
2026-03-15 19:37:05,59.97,AQUECENDO,0,10,0.0,100,0
2026-03-15 19:37:07,59.89,AQUECENDO,0,10,0.0,100,0
2026-03-15 19:37:09,59.97,AQUECENDO,0,10,0.0,100,0
2026-03-15 19:37:11,60.32,AQUECENDO,0,10,0.0,100,0
2026-03-15 19:37:13,60.19,AQUECENDO,0,10,0.0,100,0
2026-03-15 19:37:15,60.45,AQUECENDO,0,10,0.0,100,0
2026-03-15 19:37:17,60.36,AQUECENDO,0,10,0.0,100,0
2026-03-15 19:37:19,60.49,AQUECENDO,0,10,0.0,100,0
2026-03-15 19:37:21,60.67,AQUECENDO,0,10,0.0,100,0
2026-03-15 19:37:23,60.71,AQUECENDO,0,10,0.0,100,0
2026-03-15 19:37:25,60.62,AQUECENDO,0,10,0.0,100,0
2026-03-15 19:37:27,60.71,AQUECENDO,0,10,0.0,100,0
2026-03-15 19:37:29,60.8,AQUECENDO,0,10,0.0,100,0
2026-03-15 19:37:31,60.62,AQUECENDO,0,10,0.0,100,0
2026-03-15 19:37:33,60.62,AQUECENDO,1,10,0.0,100,0
2026-03-15 19:37:35,60.93,AQUECENDO,0,10,0.0,100,0
2026-03-15 19:37:37,61.06,AQUECENDO,0,10,0.0,100,0
2026-03-15 19:37:39,61.06,AQUECENDO,1,10,0.0,100,0
2026-03-15 19:37:41,61.38,AQUECENDO,0,10,0.0,100,0
2026-03-15 19:37:43,61.38,AQUECENDO,1,10,0.0,100,0
2026-03-15 19:37:45,61.6,AQUECENDO,0,10,0.0,100,0
2026-03-15 19:37:47,61.78,AQUECENDO,0,10,0.0,100,0
2026-03-15 19:37:49,61.6,AQUECENDO,0,10,0.0,100,0
2026-03-15 19:37:51,61.78,AQUECENDO,0,10,0.0,100,0
2026-03-15 19:37:53,61.83,AQUECENDO,0,10,0.0,100,0
2026-03-15 19:37:55,62.19,AQUECENDO,0,10,0.0,100,0
2026-03-15 19:37:57,62.05,AQUECENDO,0,10,0.0,100,0
2026-03-15 19:37:59,62.33,AQUECENDO,0,10,0.0,100,0
2026-03-15 19:38:01,62.33,AQUECENDO,1,10,0.0,100,0
2026-03-15 19:38:03,62.46,AQUECENDO,0,10,0.0,100,0
2026-03-15 19:38:05,62.74,AQUECENDO,0,10,0.0,100,0
2026-03-15 19:38:07,62.74,AQUECENDO,1,10,0.0,100,0
2026-03-15 19:38:09,62.7,AQUECENDO,0,10,0.0,100,0
2026-03-15 19:38:11,62.83,AQUECENDO,0,10,0.0,100,0
2026-03-15 19:38:13,62.83,AQUECENDO,1,10,0.0,100,0
2026-03-15 19:38:15,62.79,AQUECENDO,0,10,0.0,100,0
2026-03-15 19:38:17,62.83,AQUECENDO,0,10,0.0,100,0
2026-03-15 19:38:19,62.88,AQUECENDO,0,10,0.0,100,0
2026-03-15 19:38:21,62.83,AQUECENDO,0,10,0.0,100,0
2026-03-15 19:38:23,62.83,AQUECENDO,1,10,0.0,100,0
2026-03-15 19:38:25,62.74,AQUECENDO,0,10,0.0,100,0
2026-03-15 19:38:27,62.88,AQUECENDO,0,10,0.0,100,0
2026-03-15 19:38:29,62.83,AQUECENDO,0,10,0.0,100,0
2026-03-15 19:38:31,62.88,AQUECENDO,0,10,0.0,100,0
2026-03-15 19:38:33,62.83,AQUECENDO,0,10,0.0,100,0
2026-03-15 19:38:35,62.83,AQUECENDO,1,10,0.0,100,0
2026-03-15 19:38:37,62.7,AQUECENDO,0,10,0.0,100,0
2026-03-15 19:38:39,62.83,AQUECENDO,0,10,0.0,100,0
2026-03-15 19:38:41,62.83,AQUECENDO,1,10,0.0,100,0
2026-03-15 19:38:43,62.93,AQUECENDO,0,10,0.0,100,0
2026-03-15 19:38:45,62.88,AQUECENDO,0,10,0.0,100,0
2026-03-15 19:38:47,62.93,AQUECENDO,0,10,0.0,100,0
2026-03-15 19:38:49,62.88,AQUECENDO,0,10,0.0,100,0
2026-03-15 19:38:51,62.88,AQUECENDO,1,10,0.0,100,0
2026-03-15 19:38:53,62.83,AQUECENDO,0,10,0.0,100,0
2026-03-15 19:38:55,62.93,AQUECENDO,0,10,0.0,100,0
2026-03-15 19:38:57,63.12,AQUECENDO,0,10,0.0,100,0
2026-03-15 19:38:59,63.35,AQUECENDO,0,10,0.0,100,0
2026-03-15 19:39:01,63.26,AQUECENDO,0,10,0.0,100,0
2026-03-15 19:39:03,63.45,AQUECENDO,0,10,0.0,100,0
2026-03-15 19:39:05,63.54,AQUECENDO,0,10,0.0,100,0
2026-03-15 19:39:07,63.64,AQUECENDO,0,10,0.0,100,0
2026-03-15 19:39:09,63.73,AQUECENDO,0,10,0.0,100,0
2026-03-15 19:39:11,63.45,AQUECENDO,0,10,0.0,100,0
2026-03-15 19:39:13,63.59,AQUECENDO,0,10,0.0,100,0
2026-03-15 19:39:15,63.87,AQUECENDO,0,10,0.0,100,0
2026-03-15 19:39:17,64.11,AQUECENDO,0,10,0.0,100,0
2026-03-15 19:39:19,64.11,AQUECENDO,1,10,0.0,100,0
2026-03-15 19:39:21,64.11,AQUECENDO,2,10,0.0,100,0
2026-03-15 19:39:23,64.16,AQUECENDO,0,10,0.0,100,0
2026-03-15 19:39:25,64.26,AQUECENDO,0,10,0.0,100,0
2026-03-15 19:39:27,64.31,AQUECENDO,0,10,0.0,100,0
2026-03-15 19:39:29,64.41,AQUECENDO,0,10,0.0,100,0
2026-03-15 19:39:31,64.36,AQUECENDO,0,10,0.0,100,0
2026-03-15 19:39:33,64.45,AQUECENDO,0,10,0.0,100,0
2026-03-15 19:39:35,64.45,AQUECENDO,1,10,0.0,100,0
2026-03-15 19:39:37,64.36,AQUECENDO,0,10,0.0,100,0
2026-03-15 19:39:39,64.36,AQUECENDO,1,10,0.0,100,0
2026-03-15 19:39:41,64.45,AQUECENDO,0,10,0.0,100,0
2026-03-15 19:39:43,64.55,AQUECENDO,0,10,0.0,100,0
2026-03-15 19:39:45,64.65,AQUECENDO,0,10,0.0,100,0
2026-03-15 19:39:47,64.9,AQUECENDO,0,10,0.0,100,0
2026-03-15 19:39:49,64.65,AQUECENDO,0,10,0.0,100,0
2026-03-15 19:39:51,64.8,AQUECENDO,0,10,0.0,100,0
2026-03-15 19:39:53,64.8,AQUECENDO,1,10,0.0,100,0
2026-03-15 19:39:55,64.5,AQUECENDO,0,10,0.0,100,0
2026-03-15 19:39:57,65.09,AQUECENDO,0,10,0.0,100,0
2026-03-15 19:39:59,64.85,AQUECENDO,0,10,0.0,100,0
2026-03-15 19:40:01,65.04,AQUECENDO,0,10,0.0,100,0
2026-03-15 19:40:03,65.04,AQUECENDO,1,10,0.0,100,0
2026-03-15 19:40:05,65.04,AQUECENDO,2,10,0.0,100,0
2026-03-15 19:40:07,65.09,AQUECENDO,0,10,0.0,100,0
2026-03-15 19:40:09,64.85,AQUECENDO,0,10,0.0,100,0
2026-03-15 19:40:11,65.04,AQUECENDO,0,10,0.0,100,0
2026-03-15 19:40:13,65.09,AQUECENDO,0,10,0.0,100,0
2026-03-15 19:40:15,64.99,AQUECENDO,0,10,0.0,100,0
2026-03-15 19:40:17,65.14,AQUECENDO,0,10,0.0,100,0
2026-03-15 19:40:19,65.14,AQUECENDO,1,10,0.0,100,0
2026-03-15 19:40:21,65.14,AQUECENDO,2,10,0.0,100,0
2026-03-15 19:40:23,65.14,AQUECENDO,3,10,0.0,100,0
2026-03-15 19:40:25,65.09,AQUECENDO,0,10,0.0,100,0
2026-03-15 19:40:27,65.09,AQUECENDO,1,10,0.0,100,0
2026-03-15 19:40:29,64.94,AQUECENDO,0,10,0.0,100,0
2026-03-15 19:40:31,65.19,AQUECENDO,0,10,0.0,100,0
2026-03-15 19:40:33,65.19,AQUECENDO,1,10,0.0,100,0
2026-03-15 19:40:35,65.39,AQUECENDO,0,10,0.0,100,0
2026-03-15 19:40:37,65.24,AQUECENDO,0,10,0.0,100,0
2026-03-15 19:40:39,65.49,AQUECENDO,0,10,0.0,100,0
2026-03-15 19:40:41,65.44,AQUECENDO,0,10,0.0,100,0
2026-03-15 19:40:43,65.44,AQUECENDO,1,10,0.0,100,0
2026-03-15 19:40:45,65.95,AQUECENDO,0,10,0.0,100,0
2026-03-15 19:40:47,65.44,AQUECENDO,0,10,0.0,100,0
2026-03-15 19:40:49,65.9,AQUECENDO,0,10,0.0,100,0
2026-03-15 19:40:51,65.49,AQUECENDO,0,10,0.0,100,0
2026-03-15 19:40:53,65.69,AQUECENDO,0,10,0.0,100,0
2026-03-15 19:40:55,65.95,AQUECENDO,0,10,0.0,100,0
2026-03-15 19:40:57,65.69,AQUECENDO,0,10,0.0,100,0
2026-03-15 19:40:59,65.8,AQUECENDO,0,10,0.0,100,0
2026-03-15 19:41:01,65.95,AQUECENDO,0,10,0.0,100,0
2026-03-15 19:41:03,65.95,AQUECENDO,1,10,0.0,100,0
2026-03-15 19:41:05,66.1,AQUECENDO,0,10,0.0,100,0
2026-03-15 19:41:07,65.95,AQUECENDO,0,10,0.0,100,0
2026-03-15 19:41:09,65.95,AQUECENDO,1,10,0.0,100,0
2026-03-15 19:41:11,66.15,AQUECENDO,0,10,0.0,100,0
2026-03-15 19:41:13,66.0,AQUECENDO,0,10,0.0,100,0
2026-03-15 19:41:15,65.85,AQUECENDO,0,10,0.0,100,0
2026-03-15 19:41:17,65.95,AQUECENDO,0,10,0.0,100,0
2026-03-15 19:41:19,65.95,AQUECENDO,1,10,0.0,100,0
2026-03-15 19:41:21,66.2,AQUECENDO,0,10,0.0,100,0
2026-03-15 19:41:23,66.0,AQUECENDO,0,10,0.0,100,0
2026-03-15 19:41:25,65.95,AQUECENDO,0,10,0.0,100,0
2026-03-15 19:41:27,65.95,AQUECENDO,1,10,0.0,100,0
2026-03-15 19:41:29,66.0,AQUECENDO,0,10,0.0,100,0
2026-03-15 19:41:31,66.05,AQUECENDO,0,10,0.0,100,0
2026-03-15 19:41:33,65.95,AQUECENDO,0,10,0.0,100,0
2026-03-15 19:41:35,66.25,AQUECENDO,0,10,0.0,100,0
2026-03-15 19:41:37,66.0,AQUECENDO,0,10,0.0,100,0
2026-03-15 19:41:39,66.1,AQUECENDO,0,10,0.0,100,0
2026-03-15 19:41:41,66.2,AQUECENDO,0,10,0.0,100,0
2026-03-15 19:41:43,66.1,AQUECENDO,0,10,0.0,100,0
2026-03-15 19:41:45,66.51,AQUECENDO,0,10,0.0,100,0
2026-03-15 19:41:47,66.51,AQUECENDO,1,10,0.0,100,0
2026-03-15 19:41:49,66.41,AQUECENDO,0,10,0.0,100,0
2026-03-15 19:41:51,66.41,AQUECENDO,1,10,0.0,100,0
2026-03-15 19:41:53,66.51,AQUECENDO,0,10,0.0,100,0
2026-03-15 19:41:55,66.67,AQUECENDO,0,10,0.0,100,0
2026-03-15 19:41:57,66.77,AQUECENDO,0,10,0.0,100,0
2026-03-15 19:41:59,66.72,AQUECENDO,0,10,0.0,100,0
2026-03-15 19:42:01,66.82,AQUECENDO,0,10,0.0,100,0
2026-03-15 19:42:03,66.77,AQUECENDO,0,10,0.0,100,0
2026-03-15 19:42:05,66.67,AQUECENDO,0,10,0.0,100,0
2026-03-15 19:42:07,66.62,AQUECENDO,0,10,0.0,100,0
2026-03-15 19:42:09,66.62,AQUECENDO,1,10,0.0,100,0
2026-03-15 19:42:11,66.62,AQUECENDO,2,10,0.0,100,0
2026-03-15 19:42:13,66.77,AQUECENDO,0,10,0.0,100,0
2026-03-15 19:42:15,66.82,AQUECENDO,0,10,0.0,100,0
2026-03-15 19:42:17,66.93,AQUECENDO,0,10,0.0,100,0
2026-03-15 19:42:19,66.72,AQUECENDO,0,10,0.0,100,0
2026-03-15 19:42:21,66.67,AQUECENDO,0,10,0.0,100,0
2026-03-15 19:42:23,66.93,AQUECENDO,0,10,0.0,100,0
2026-03-15 19:42:25,66.82,AQUECENDO,0,10,0.0,100,0
2026-03-15 19:42:27,66.82,AQUECENDO,1,10,0.0,100,0
2026-03-15 19:42:29,66.88,AQUECENDO,0,10,0.0,100,0
2026-03-15 19:42:31,66.77,AQUECENDO,0,10,0.0,100,0
2026-03-15 19:42:33,66.82,AQUECENDO,0,10,0.0,100,0
2026-03-15 19:42:35,66.88,AQUECENDO,0,10,0.0,100,0
2026-03-15 19:42:37,67.03,AQUECENDO,0,10,0.0,100,0
2026-03-15 19:42:39,66.88,AQUECENDO,0,10,0.0,100,0
2026-03-15 19:42:41,66.93,AQUECENDO,0,10,0.0,100,0
2026-03-15 19:42:43,67.14,AQUECENDO,0,10,0.0,100,0
2026-03-15 19:42:45,66.98,AQUECENDO,0,10,0.0,100,0
2026-03-15 19:42:47,66.82,AQUECENDO,0,10,0.0,100,0
2026-03-15 19:42:49,67.03,AQUECENDO,0,10,0.0,100,0
2026-03-15 19:42:51,67.35,AQUECENDO,0,10,0.0,100,0
2026-03-15 19:42:53,66.88,AQUECENDO,0,10,0.0,100,0
2026-03-15 19:42:55,66.77,AQUECENDO,0,10,0.0,100,0
2026-03-15 19:42:57,67.03,AQUECENDO,0,10,0.0,100,0
2026-03-15 19:42:59,67.24,AQUECENDO,0,10,0.0,100,0
2026-03-15 19:43:01,67.45,AQUECENDO,0,10,0.0,100,0
2026-03-15 19:43:03,67.3,AQUECENDO,0,10,0.0,100,0
2026-03-15 19:43:05,67.4,AQUECENDO,0,10,0.0,100,0
2026-03-15 19:43:07,67.61,AQUECENDO,0,10,0.0,100,0
2026-03-15 19:43:09,67.51,AQUECENDO,0,10,0.0,100,0
2026-03-15 19:43:11,67.45,AQUECENDO,0,10,0.0,100,0
2026-03-15 19:43:13,67.56,AQUECENDO,0,10,0.0,100,0
2026-03-15 19:43:15,67.4,AQUECENDO,0,10,0.0,100,0
2026-03-15 19:43:17,67.51,AQUECENDO,0,10,0.0,100,0
2026-03-15 19:43:19,67.51,AQUECENDO,1,10,0.0,100,0
2026-03-15 19:43:21,67.45,AQUECENDO,0,10,0.0,100,0
2026-03-15 19:43:23,67.3,AQUECENDO,0,10,0.0,100,0
2026-03-15 19:43:25,67.61,AQUECENDO,0,10,0.0,100,0
2026-03-15 19:43:27,67.19,AQUECENDO,0,10,0.0,100,0
2026-03-15 19:43:29,67.72,AQUECENDO,0,10,0.0,100,0
2026-03-15 19:43:31,67.51,AQUECENDO,0,10,0.0,100,0
2026-03-15 19:43:33,67.61,AQUECENDO,0,10,0.0,100,0
2026-03-15 19:43:35,67.61,AQUECENDO,1,10,0.0,100,0
2026-03-15 19:43:37,67.61,AQUECENDO,2,10,0.0,100,0
2026-03-15 19:43:39,67.61,AQUECENDO,3,10,0.0,100,0
2026-03-15 19:43:41,67.77,AQUECENDO,0,10,0.0,100,0
2026-03-15 19:43:43,67.4,AQUECENDO,0,10,0.0,100,0
2026-03-15 19:43:45,67.88,AQUECENDO,0,10,0.0,100,0
2026-03-15 19:43:47,67.61,AQUECENDO,0,10,0.0,100,0
2026-03-15 19:43:49,68.15,AQUECENDO,0,10,0.0,100,0
2026-03-15 19:43:51,68.15,AQUECENDO,1,10,0.0,100,0
2026-03-15 19:43:53,67.61,AQUECENDO,0,10,0.0,100,0
2026-03-15 19:43:55,67.61,AQUECENDO,1,10,0.0,100,0
2026-03-15 19:43:57,67.88,AQUECENDO,0,10,0.0,100,0
2026-03-15 19:43:59,67.67,AQUECENDO,0,10,0.0,100,0
2026-03-15 19:44:01,67.72,AQUECENDO,0,10,0.0,100,0
2026-03-15 19:44:03,67.61,AQUECENDO,0,10,0.0,100,0
2026-03-15 19:44:05,67.67,AQUECENDO,0,10,0.0,100,0
2026-03-15 19:44:07,67.61,AQUECENDO,0,10,0.0,100,0
2026-03-15 19:44:09,67.67,AQUECENDO,0,10,0.0,100,0
2026-03-15 19:44:11,67.77,AQUECENDO,0,10,0.0,100,0
2026-03-15 19:44:13,67.88,AQUECENDO,0,10,0.0,100,0
2026-03-15 19:44:15,68.15,AQUECENDO,0,10,0.0,100,0
2026-03-15 19:44:17,67.94,AQUECENDO,0,10,0.0,100,0
2026-03-15 19:44:19,68.15,AQUECENDO,0,10,0.0,100,0
2026-03-15 19:44:21,68.32,AQUECENDO,0,10,0.0,100,0
2026-03-15 19:44:23,68.42,AQUECENDO,0,10,0.0,100,0
2026-03-15 19:44:25,68.1,AQUECENDO,0,10,0.0,100,0
2026-03-15 19:44:27,68.48,AQUECENDO,0,10,0.0,100,0
2026-03-15 19:44:29,68.37,AQUECENDO,0,10,0.0,100,0
2026-03-15 19:44:31,68.26,AQUECENDO,0,10,0.0,100,0
2026-03-15 19:44:33,68.53,AQUECENDO,0,10,0.0,100,0
2026-03-15 19:44:35,68.32,AQUECENDO,0,10,0.0,100,0
2026-03-15 19:44:37,68.48,AQUECENDO,0,10,0.0,100,0
2026-03-15 19:44:39,68.32,AQUECENDO,0,10,0.0,100,0
2026-03-15 19:44:41,68.48,AQUECENDO,0,10,0.0,100,0
2026-03-15 19:44:43,68.48,AQUECENDO,1,10,0.0,100,0
2026-03-15 19:44:45,68.86,AQUECENDO,0,10,0.0,100,0
2026-03-15 19:44:47,68.59,AQUECENDO,0,10,0.0,100,0
2026-03-15 19:44:49,69.09,AQUECENDO,0,10,0.0,100,0
2026-03-15 19:44:51,68.97,AQUECENDO,0,10,0.0,100,0
2026-03-15 19:44:53,68.59,AQUECENDO,0,10,0.0,100,0
2026-03-15 19:44:55,68.86,AQUECENDO,0,10,0.0,100,0
2026-03-15 19:44:57,68.48,AQUECENDO,0,10,0.0,100,0
2026-03-15 19:44:59,68.97,AQUECENDO,0,10,0.0,100,0
2026-03-15 19:45:01,68.75,AQUECENDO,0,10,0.0,100,0
2026-03-15 19:45:03,68.81,AQUECENDO,0,10,0.0,100,0
2026-03-15 19:45:05,68.86,AQUECENDO,0,10,0.0,100,0
2026-03-15 19:45:07,68.75,AQUECENDO,0,10,0.0,100,0
2026-03-15 19:45:09,68.75,AQUECENDO,1,10,0.0,100,0
2026-03-15 19:45:11,68.59,AQUECENDO,0,10,0.0,100,0
2026-03-15 19:45:13,68.75,AQUECENDO,0,10,0.0,100,0
2026-03-15 19:45:15,68.64,AQUECENDO,0,10,0.0,100,0
2026-03-15 19:45:17,68.48,AQUECENDO,0,10,0.0,100,0
2026-03-15 19:45:19,68.48,AQUECENDO,1,10,0.0,100,0
2026-03-15 19:45:21,68.37,AQUECENDO,0,10,0.0,100,0
2026-03-15 19:45:23,68.64,AQUECENDO,0,10,0.0,100,0
2026-03-15 19:45:25,68.48,AQUECENDO,0,10,0.0,100,0
2026-03-15 19:45:27,68.42,AQUECENDO,0,10,0.0,100,0
2026-03-15 19:45:29,68.53,AQUECENDO,0,10,0.0,100,0
2026-03-15 19:45:31,68.75,AQUECENDO,0,10,0.0,100,0
2026-03-15 19:45:33,68.53,AQUECENDO,0,10,0.0,100,0
2026-03-15 19:45:35,68.53,AQUECENDO,1,10,0.0,100,0
2026-03-15 19:45:37,68.42,AQUECENDO,0,10,0.0,100,0
2026-03-15 19:45:39,68.42,AQUECENDO,1,10,0.0,100,0
2026-03-15 19:45:41,68.81,AQUECENDO,0,10,0.0,100,0
2026-03-15 19:45:43,68.37,AQUECENDO,0,10,0.0,100,0
2026-03-15 19:45:45,68.37,AQUECENDO,1,10,0.0,100,0
2026-03-15 19:45:47,68.59,AQUECENDO,0,10,0.0,100,0
2026-03-15 19:45:49,68.53,AQUECENDO,0,10,0.0,100,0
2026-03-15 19:45:51,68.48,AQUECENDO,0,10,0.0,100,0
2026-03-15 19:45:53,68.64,AQUECENDO,0,10,0.0,100,0
2026-03-15 19:45:55,68.48,AQUECENDO,0,10,0.0,100,0
2026-03-15 19:45:57,68.42,AQUECENDO,0,10,0.0,100,0
2026-03-15 19:45:59,68.37,AQUECENDO,0,10,0.0,100,0
2026-03-15 19:46:01,68.15,AQUECENDO,0,10,0.0,100,0
2026-03-15 19:46:03,68.32,AQUECENDO,0,10,0.0,100,0
2026-03-15 19:46:05,68.59,AQUECENDO,0,10,0.0,100,0
2026-03-15 19:46:07,68.48,AQUECENDO,0,10,0.0,100,0
2026-03-15 19:46:09,69.03,AQUECENDO,0,10,0.0,100,0
2026-03-15 19:46:11,68.48,AQUECENDO,0,10,0.0,100,0
2026-03-15 19:46:13,68.48,AQUECENDO,1,10,0.0,100,0
2026-03-15 19:46:15,68.81,AQUECENDO,0,10,0.0,100,0
2026-03-15 19:46:17,68.59,AQUECENDO,0,10,0.0,100,0
2026-03-15 19:46:19,68.42,AQUECENDO,0,10,0.0,100,0
2026-03-15 19:46:21,68.48,AQUECENDO,0,10,0.0,100,0
2026-03-15 19:46:23,68.59,AQUECENDO,0,10,0.0,100,0
2026-03-15 19:46:25,68.81,AQUECENDO,0,10,0.0,100,0
2026-03-15 19:46:27,68.53,AQUECENDO,0,10,0.0,100,0
2026-03-15 19:46:29,68.64,AQUECENDO,0,10,0.0,100,0
2026-03-15 19:46:31,68.64,AQUECENDO,1,10,0.0,100,0
2026-03-15 19:46:33,68.53,AQUECENDO,0,10,0.0,100,0
2026-03-15 19:46:35,69.09,AQUECENDO,0,10,0.0,100,0
2026-03-15 19:46:37,68.97,AQUECENDO,0,10,0.0,100,0
2026-03-15 19:46:39,68.64,AQUECENDO,0,10,0.0,100,0
2026-03-15 19:46:41,68.75,AQUECENDO,0,10,0.0,100,0
2026-03-15 19:46:43,69.09,AQUECENDO,0,10,0.0,100,0
2026-03-15 19:46:45,68.75,AQUECENDO,0,10,0.0,100,0
2026-03-15 19:46:47,69.31,AQUECENDO,0,10,0.0,100,0
2026-03-15 19:46:49,69.2,AQUECENDO,0,10,0.0,100,0
2026-03-15 19:46:51,69.2,AQUECENDO,1,10,0.0,100,0
2026-03-15 19:46:53,68.75,AQUECENDO,0,10,0.0,100,0
2026-03-15 19:46:55,69.03,AQUECENDO,0,10,0.0,100,0
2026-03-15 19:46:57,69.37,AQUECENDO,0,10,0.0,100,0
2026-03-15 19:46:59,69.25,AQUECENDO,0,10,0.0,100,0
2026-03-15 19:47:01,69.09,AQUECENDO,0,10,0.0,100,0
2026-03-15 19:47:03,69.37,AQUECENDO,0,10,0.0,100,0
2026-03-15 19:47:05,69.2,AQUECENDO,0,10,0.0,100,0
2026-03-15 19:47:07,69.03,AQUECENDO,0,10,0.0,100,0
2026-03-15 19:47:09,69.03,AQUECENDO,1,10,0.0,100,0
2026-03-15 19:47:11,69.03,AQUECENDO,2,10,0.0,100,0
2026-03-15 19:47:13,68.86,AQUECENDO,0,10,0.0,100,0
2026-03-15 19:47:15,69.31,AQUECENDO,0,10,0.0,100,0
2026-03-15 19:47:17,69.37,AQUECENDO,0,10,0.0,100,0
2026-03-15 19:47:19,69.03,AQUECENDO,0,10,0.0,100,0
2026-03-15 19:47:21,69.2,AQUECENDO,0,10,0.0,100,0
2026-03-15 19:47:23,69.2,AQUECENDO,1,10,0.0,100,0
2026-03-15 19:47:25,69.31,AQUECENDO,0,10,0.0,100,0
2026-03-15 19:47:27,69.09,AQUECENDO,0,10,0.0,100,0
2026-03-15 19:47:29,69.09,AQUECENDO,1,10,0.0,100,0
2026-03-15 19:47:31,68.97,AQUECENDO,0,10,0.0,100,0
2026-03-15 19:47:33,68.81,AQUECENDO,0,10,0.0,100,0
2026-03-15 19:47:35,69.03,AQUECENDO,0,10,0.0,100,0
2026-03-15 19:47:37,69.25,AQUECENDO,0,10,0.0,100,0
2026-03-15 19:47:39,68.86,AQUECENDO,0,10,0.0,100,0
2026-03-15 19:47:41,69.09,AQUECENDO,0,10,0.0,100,0
2026-03-15 19:47:43,69.14,AQUECENDO,0,10,0.0,100,0
2026-03-15 19:47:45,69.25,AQUECENDO,0,10,0.0,100,0
2026-03-15 19:47:47,69.2,AQUECENDO,0,10,0.0,100,0
2026-03-15 19:47:49,69.14,AQUECENDO,0,10,0.0,100,0
2026-03-15 19:47:51,69.09,AQUECENDO,0,10,0.0,100,0
2026-03-15 19:47:53,68.97,AQUECENDO,0,10,0.0,100,0
2026-03-15 19:47:55,69.25,AQUECENDO,0,10,0.0,100,0
2026-03-15 19:47:57,69.09,AQUECENDO,0,10,0.0,100,0
2026-03-15 19:47:59,69.14,AQUECENDO,0,10,0.0,100,0
2026-03-15 19:48:01,69.25,AQUECENDO,0,10,0.0,100,0
2026-03-15 19:48:03,68.97,AQUECENDO,0,10,0.0,100,0
2026-03-15 19:48:05,68.97,AQUECENDO,1,10,0.0,100,0
2026-03-15 19:48:07,69.25,AQUECENDO,0,10,0.0,100,0
2026-03-15 19:48:09,69.31,AQUECENDO,0,10,0.0,100,0
2026-03-15 19:48:11,69.31,AQUECENDO,1,10,0.0,100,0
2026-03-15 19:48:13,69.53,AQUECENDO,0,10,0.0,100,0
2026-03-15 19:48:15,69.48,AQUECENDO,0,10,0.0,100,0
2026-03-15 19:48:17,69.42,AQUECENDO,0,10,0.0,100,0
2026-03-15 19:48:19,69.53,AQUECENDO,0,10,0.0,100,0
2026-03-15 19:48:21,69.99,AQUECENDO,0,10,0.0,100,0
2026-03-15 19:48:23,70.1,AQUECENDO,0,10,0.0,100,0
2026-03-15 19:48:25,70.16,AQUECENDO,0,10,0.0,100,0
2026-03-15 19:48:27,70.45,AQUECENDO,0,10,0.0,100,0
2026-03-15 19:48:29,70.22,AQUECENDO,0,10,0.0,100,0
2026-03-15 19:48:31,70.1,AQUECENDO,0,10,0.0,100,0
2026-03-15 19:48:33,70.16,AQUECENDO,0,10,0.0,100,0
2026-03-15 19:48:35,69.93,AQUECENDO,0,10,0.0,100,0
2026-03-15 19:48:37,69.93,AQUECENDO,1,10,0.0,100,0
2026-03-15 19:48:39,69.99,AQUECENDO,0,10,0.0,100,0
2026-03-15 19:48:41,69.99,AQUECENDO,1,10,0.0,100,0
2026-03-15 19:48:43,69.93,AQUECENDO,0,10,0.0,100,0
2026-03-15 19:48:45,69.99,AQUECENDO,0,10,0.0,100,0
2026-03-15 19:48:47,70.16,AQUECENDO,0,10,0.0,100,0
2026-03-15 19:48:49,70.39,AQUECENDO,0,10,0.0,100,0
2026-03-15 19:48:51,70.39,AQUECENDO,1,10,0.0,100,0
2026-03-15 19:48:53,70.39,AQUECENDO,2,10,0.0,100,0
2026-03-15 19:48:55,70.22,AQUECENDO,0,10,0.0,100,0
2026-03-15 19:48:57,70.22,AQUECENDO,1,10,0.0,100,0
2026-03-15 19:48:59,70.22,AQUECENDO,2,10,0.0,100,0
2026-03-15 19:49:01,70.28,AQUECENDO,0,10,0.0,100,0
2026-03-15 19:49:03,70.16,AQUECENDO,0,10,0.0,100,0
2026-03-15 19:49:05,70.16,AQUECENDO,1,10,0.0,100,0
2026-03-15 19:49:07,70.05,AQUECENDO,0,10,0.0,100,0
2026-03-15 19:49:09,70.1,AQUECENDO,0,10,0.0,100,0
2026-03-15 19:49:11,69.87,AQUECENDO,0,10,0.0,100,0
2026-03-15 19:49:13,69.7,AQUECENDO,0,10,0.0,100,0
2026-03-15 19:49:15,69.87,AQUECENDO,0,10,0.0,100,0
2026-03-15 19:49:17,69.53,AQUECENDO,0,10,0.0,100,0
2026-03-15 19:49:19,69.65,AQUECENDO,0,10,0.0,100,0
2026-03-15 19:49:21,69.37,AQUECENDO,0,10,0.0,100,0
2026-03-15 19:49:23,69.48,AQUECENDO,0,10,0.0,100,0
2026-03-15 19:49:25,69.42,AQUECENDO,0,10,0.0,100,0
2026-03-15 19:49:27,69.59,AQUECENDO,0,10,0.0,100,0
2026-03-15 19:49:29,69.65,AQUECENDO,0,10,0.0,100,0
2026-03-15 19:49:31,69.53,AQUECENDO,0,10,0.0,100,0
2026-03-15 19:49:33,69.37,AQUECENDO,0,10,0.0,100,0
2026-03-15 19:49:35,69.25,AQUECENDO,0,10,0.0,100,0
2026-03-15 19:49:37,69.25,AQUECENDO,1,10,0.0,100,0
2026-03-15 19:49:39,69.2,AQUECENDO,0,10,0.0,100,0
2026-03-15 19:49:41,69.09,AQUECENDO,0,10,0.0,100,0
2026-03-15 19:49:43,69.37,AQUECENDO,0,10,0.0,100,0
2026-03-15 19:49:45,69.37,AQUECENDO,1,10,0.0,100,0
2026-03-15 19:49:47,69.37,AQUECENDO,2,10,0.0,100,0
2026-03-15 19:49:49,69.25,AQUECENDO,0,10,0.0,100,0
2026-03-15 19:49:51,69.25,AQUECENDO,1,10,0.0,100,0
2026-03-15 19:49:53,69.37,AQUECENDO,0,10,0.0,100,0
2026-03-15 19:49:55,69.2,AQUECENDO,0,10,0.0,100,0
2026-03-15 19:49:57,69.31,AQUECENDO,0,10,0.0,100,0
2026-03-15 19:49:59,69.37,AQUECENDO,0,10,0.0,100,0
2026-03-15 19:50:01,69.42,AQUECENDO,0,10,0.0,100,0
2026-03-15 19:50:03,69.37,AQUECENDO,0,10,0.0,100,0
2026-03-15 19:50:05,69.37,AQUECENDO,1,10,0.0,100,0
2026-03-15 19:50:07,69.42,AQUECENDO,0,10,0.0,100,0
2026-03-15 19:50:09,69.48,AQUECENDO,0,10,0.0,100,0
2026-03-15 19:50:11,69.48,AQUECENDO,1,10,0.0,100,0
2026-03-15 19:50:13,69.48,AQUECENDO,2,10,0.0,100,0
2026-03-15 19:50:15,69.48,AQUECENDO,3,10,0.0,100,0
2026-03-15 19:50:17,69.48,AQUECENDO,4,10,0.0,100,0
2026-03-15 19:50:19,69.53,AQUECENDO,0,10,0.0,100,0
2026-03-15 19:50:21,69.65,AQUECENDO,0,10,0.0,100,0
2026-03-15 19:50:23,69.87,AQUECENDO,0,10,0.0,100,0
2026-03-15 19:50:25,69.7,AQUECENDO,0,10,0.0,100,0
2026-03-15 19:50:27,69.42,AQUECENDO,0,10,0.0,100,0
2026-03-15 19:50:29,69.65,AQUECENDO,0,10,0.0,100,0
2026-03-15 19:50:31,69.53,AQUECENDO,0,10,0.0,100,0
2026-03-15 19:50:33,69.48,AQUECENDO,0,10,0.0,100,0
2026-03-15 19:50:35,69.65,AQUECENDO,0,10,0.0,100,0
2026-03-15 19:50:37,69.42,AQUECENDO,0,10,0.0,100,0
2026-03-15 19:50:39,69.53,AQUECENDO,0,10,0.0,100,0
2026-03-15 19:50:41,69.53,AQUECENDO,1,10,0.0,100,0
2026-03-15 19:50:43,69.53,AQUECENDO,2,10,0.0,100,0
2026-03-15 19:50:45,69.82,AQUECENDO,0,10,0.0,100,0
2026-03-15 19:50:47,69.76,AQUECENDO,0,10,0.0,100,0
2026-03-15 19:50:49,69.93,AQUECENDO,0,10,0.0,100,0
2026-03-15 19:50:51,69.87,AQUECENDO,0,10,0.0,100,0
2026-03-15 19:50:53,70.16,AQUECENDO,0,10,0.0,100,0
2026-03-15 19:50:55,69.93,AQUECENDO,0,10,0.0,100,0
2026-03-15 19:50:57,70.05,AQUECENDO,0,10,0.0,100,0
2026-03-15 19:50:59,70.05,AQUECENDO,1,10,0.0,100,0
2026-03-15 19:51:01,70.1,AQUECENDO,0,10,0.0,100,0
2026-03-15 19:51:03,70.05,AQUECENDO,0,10,0.0,100,0
2026-03-15 19:51:05,69.99,AQUECENDO,0,10,0.0,100,0
2026-03-15 19:51:07,70.1,AQUECENDO,0,10,0.0,100,0
2026-03-15 19:51:09,69.93,AQUECENDO,0,10,0.0,100,0
2026-03-15 19:51:11,70.16,AQUECENDO,0,10,0.0,100,0
2026-03-15 19:51:13,69.99,AQUECENDO,0,10,0.0,100,0
2026-03-15 19:51:15,70.16,AQUECENDO,0,10,0.0,100,0
2026-03-15 19:51:17,69.93,AQUECENDO,0,10,0.0,100,0
2026-03-15 19:51:19,69.87,AQUECENDO,0,10,0.0,100,0
2026-03-15 19:51:21,69.82,AQUECENDO,0,10,0.0,100,0
2026-03-15 19:51:23,70.05,AQUECENDO,0,10,0.0,100,0
2026-03-15 19:51:25,69.65,AQUECENDO,0,10,0.0,100,0
2026-03-15 19:51:27,69.53,AQUECENDO,0,10,0.0,100,0
2026-03-15 19:51:29,69.53,AQUECENDO,1,10,0.0,100,0
2026-03-15 19:51:31,69.87,AQUECENDO,0,10,0.0,100,0
2026-03-15 19:51:33,69.65,AQUECENDO,0,10,0.0,100,0
2026-03-15 19:51:35,69.65,AQUECENDO,1,10,0.0,100,0
2026-03-15 19:51:37,69.82,AQUECENDO,0,10,0.0,100,0
2026-03-15 19:51:39,69.76,AQUECENDO,0,10,0.0,100,0
2026-03-15 19:51:41,69.7,AQUECENDO,0,10,0.0,100,0
2026-03-15 19:51:43,69.87,AQUECENDO,0,10,0.0,100,0
2026-03-15 19:51:45,69.65,AQUECENDO,0,10,0.0,100,0
2026-03-15 19:51:47,69.65,AQUECENDO,1,10,0.0,100,0
2026-03-15 19:51:49,69.93,AQUECENDO,0,10,0.0,100,0
2026-03-15 19:51:51,69.48,AQUECENDO,0,10,0.0,100,0
2026-03-15 19:51:53,69.7,AQUECENDO,0,10,0.0,100,0
2026-03-15 19:51:55,69.48,AQUECENDO,0,10,0.0,100,0
2026-03-15 19:51:57,69.7,AQUECENDO,0,10,0.0,100,0
2026-03-15 19:51:59,69.53,AQUECENDO,0,10,0.0,100,0
2026-03-15 19:52:01,69.7,AQUECENDO,0,10,0.0,100,0
2026-03-15 19:52:03,69.65,AQUECENDO,0,10,0.0,100,0
2026-03-15 19:52:05,69.93,AQUECENDO,0,10,0.0,100,0
2026-03-15 19:52:07,69.93,AQUECENDO,1,10,0.0,100,0
2026-03-15 19:52:09,69.99,AQUECENDO,0,10,0.0,100,0
2026-03-15 19:52:11,69.7,AQUECENDO,0,10,0.0,100,0
2026-03-15 19:52:13,69.87,AQUECENDO,0,10,0.0,100,0
2026-03-15 19:52:15,69.7,AQUECENDO,0,10,0.0,100,0
2026-03-15 19:52:17,69.53,AQUECENDO,0,10,0.0,100,0
2026-03-15 19:52:19,69.99,AQUECENDO,0,10,0.0,100,0
2026-03-15 19:52:21,69.93,AQUECENDO,0,10,0.0,100,0
2026-03-15 19:52:23,69.48,AQUECENDO,0,10,0.0,100,0
2026-03-15 19:52:25,69.37,AQUECENDO,0,10,0.0,100,0
2026-03-15 19:52:27,69.48,AQUECENDO,0,10,0.0,100,0
2026-03-15 19:52:29,69.7,AQUECENDO,0,10,0.0,100,0
2026-03-15 19:52:31,69.42,AQUECENDO,0,10,0.0,100,0
2026-03-15 19:52:33,69.59,AQUECENDO,0,10,0.0,100,0
2026-03-15 19:52:35,69.53,AQUECENDO,0,10,0.0,100,0
2026-03-15 19:52:37,69.48,AQUECENDO,0,10,0.0,100,0
2026-03-15 19:52:39,69.48,AQUECENDO,1,10,0.0,100,0
2026-03-15 19:52:41,69.42,AQUECENDO,0,10,0.0,100,0
2026-03-15 19:52:43,69.37,AQUECENDO,0,10,0.0,100,0
2026-03-15 19:52:45,69.37,AQUECENDO,1,10,0.0,100,0
2026-03-15 19:52:47,69.59,AQUECENDO,0,10,0.0,100,0
2026-03-15 19:52:49,69.59,AQUECENDO,1,10,0.0,100,0
2026-03-15 19:52:51,69.42,AQUECENDO,0,10,0.0,100,0
2026-03-15 19:52:53,69.59,AQUECENDO,0,10,0.0,100,0
2026-03-15 19:52:55,69.65,AQUECENDO,0,10,0.0,100,0
2026-03-15 19:52:57,69.59,AQUECENDO,0,10,0.0,100,0
2026-03-15 19:52:59,69.99,AQUECENDO,0,10,0.0,100,0
2026-03-15 19:53:01,69.7,AQUECENDO,0,10,0.0,100,0
2026-03-15 19:53:03,69.87,AQUECENDO,0,10,0.0,100,0
2026-03-15 19:53:05,69.7,AQUECENDO,0,10,0.0,100,0
2026-03-15 19:53:07,69.76,AQUECENDO,0,10,0.0,100,0
2026-03-15 19:53:09,69.76,AQUECENDO,1,10,0.0,100,0
2026-03-15 19:53:11,69.87,AQUECENDO,0,10,0.0,100,0
2026-03-15 19:53:13,69.87,AQUECENDO,1,10,0.0,100,0
2026-03-15 19:53:15,69.87,AQUECENDO,2,10,0.0,100,0
2026-03-15 19:53:17,69.87,AQUECENDO,3,10,0.0,100,0
2026-03-15 19:53:19,69.93,AQUECENDO,0,10,0.0,100,0
2026-03-15 19:53:21,70.05,AQUECENDO,0,10,0.0,100,0
2026-03-15 19:53:23,69.7,AQUECENDO,0,10,0.0,100,0
2026-03-15 19:53:25,69.65,AQUECENDO,0,10,0.0,100,0
2026-03-15 19:53:27,69.65,AQUECENDO,1,10,0.0,100,0
2026-03-15 19:53:29,69.53,AQUECENDO,0,10,0.0,100,0
2026-03-15 19:53:31,69.59,AQUECENDO,0,10,0.0,100,0
2026-03-15 19:53:33,69.87,AQUECENDO,0,10,0.0,100,0
2026-03-15 19:53:35,69.93,AQUECENDO,0,10,0.0,100,0
2026-03-15 19:53:37,69.87,AQUECENDO,0,10,0.0,100,0
2026-03-15 19:53:39,69.76,AQUECENDO,0,10,0.0,100,0
2026-03-15 19:53:41,69.65,AQUECENDO,0,10,0.0,100,0
2026-03-15 19:53:43,69.87,AQUECENDO,0,10,0.0,100,0
2026-03-15 19:53:45,69.65,AQUECENDO,0,10,0.0,100,0
2026-03-15 19:53:47,69.93,AQUECENDO,0,10,0.0,100,0
2026-03-15 19:53:49,69.87,AQUECENDO,0,10,0.0,100,0
2026-03-15 19:53:51,69.59,AQUECENDO,0,10,0.0,100,0
2026-03-15 19:53:53,69.59,AQUECENDO,1,10,0.0,100,0
2026-03-15 19:53:55,69.42,AQUECENDO,0,10,0.0,100,0
2026-03-15 19:53:57,69.87,AQUECENDO,0,10,0.0,100,0
2026-03-15 19:53:59,69.93,AQUECENDO,0,10,0.0,100,0
2026-03-15 19:54:01,69.53,AQUECENDO,0,10,0.0,100,0
2026-03-15 19:54:03,69.7,AQUECENDO,0,10,0.0,100,0
2026-03-15 19:54:05,69.82,AQUECENDO,0,10,0.0,100,0
2026-03-15 19:54:07,70.1,AQUECENDO,0,10,0.0,100,0
2026-03-15 19:54:09,70.22,AQUECENDO,0,10,0.0,100,0
2026-03-15 19:54:11,70.16,AQUECENDO,0,10,0.0,100,0
2026-03-15 19:54:13,69.76,AQUECENDO,0,10,0.0,100,0
2026-03-15 19:54:15,69.76,AQUECENDO,1,10,0.0,100,0
2026-03-15 19:54:17,69.48,AQUECENDO,0,10,0.0,100,0
2026-03-15 19:54:19,69.42,AQUECENDO,0,10,0.0,100,0
2026-03-15 19:54:21,69.53,AQUECENDO,0,10,0.0,100,0
2026-03-15 19:54:23,69.48,AQUECENDO,0,10,0.0,100,0
2026-03-15 19:54:25,69.37,AQUECENDO,0,10,0.0,100,0
2026-03-15 19:54:27,69.87,AQUECENDO,0,10,0.0,100,0
2026-03-15 19:54:29,69.7,AQUECENDO,0,10,0.0,100,0
2026-03-15 19:54:31,69.7,AQUECENDO,1,10,0.0,100,0
2026-03-15 19:54:33,69.7,AQUECENDO,2,10,0.0,100,0
2026-03-15 19:54:35,69.59,AQUECENDO,0,10,0.0,100,0
2026-03-15 19:54:37,69.87,AQUECENDO,0,10,0.0,100,0
2026-03-15 19:54:39,69.65,AQUECENDO,0,10,0.0,100,0
2026-03-15 19:54:41,69.48,AQUECENDO,0,10,0.0,100,0
2026-03-15 19:54:43,69.37,AQUECENDO,0,10,0.0,100,0
2026-03-15 19:54:45,69.42,AQUECENDO,0,10,0.0,100,0
2026-03-15 19:54:47,69.76,AQUECENDO,0,10,0.0,100,0
2026-03-15 19:54:49,69.65,AQUECENDO,0,10,0.0,100,0
2026-03-15 19:54:51,69.53,AQUECENDO,0,10,0.0,100,0
2026-03-15 19:54:53,69.42,AQUECENDO,0,10,0.0,100,0
2026-03-15 19:54:55,69.37,AQUECENDO,0,10,0.0,100,0
2026-03-15 19:54:57,69.42,AQUECENDO,0,10,0.0,100,0
2026-03-15 19:54:59,69.37,AQUECENDO,0,10,0.0,100,0
2026-03-15 19:55:01,69.37,AQUECENDO,1,10,0.0,100,0
2026-03-15 19:55:03,69.42,AQUECENDO,0,10,0.0,100,0
2026-03-15 19:55:05,69.7,AQUECENDO,0,10,0.0,100,0
2026-03-15 19:55:07,69.59,AQUECENDO,0,10,0.0,100,0
2026-03-15 19:55:09,69.65,AQUECENDO,0,10,0.0,100,0
2026-03-15 19:55:11,69.7,AQUECENDO,0,10,0.0,100,0
2026-03-15 19:55:13,69.48,AQUECENDO,0,10,0.0,100,0
2026-03-15 19:55:15,69.76,AQUECENDO,0,10,0.0,100,0
2026-03-15 19:55:17,69.65,AQUECENDO,0,10,0.0,100,0
2026-03-15 19:55:19,70.1,AQUECENDO,0,10,0.0,100,0
2026-03-15 19:55:21,70.16,AQUECENDO,0,10,0.0,100,0
2026-03-15 19:55:23,69.82,AQUECENDO,0,10,0.0,100,0
2026-03-15 19:55:25,69.87,AQUECENDO,0,10,0.0,100,0
2026-03-15 19:55:27,69.93,AQUECENDO,0,10,0.0,100,0
2026-03-15 19:55:29,69.76,AQUECENDO,0,10,0.0,100,0
2026-03-15 19:55:31,69.65,AQUECENDO,0,10,0.0,100,0
2026-03-15 19:55:33,69.65,AQUECENDO,1,10,0.0,100,0
2026-03-15 19:55:35,69.42,AQUECENDO,0,10,0.0,100,0
2026-03-15 19:55:37,69.65,AQUECENDO,0,10,0.0,100,0
2026-03-15 19:55:39,69.53,AQUECENDO,0,10,0.0,100,0
2026-03-15 19:55:41,69.87,AQUECENDO,0,10,0.0,100,0
2026-03-15 19:55:43,69.87,AQUECENDO,1,10,0.0,100,0
2026-03-15 19:55:45,69.7,AQUECENDO,0,10,0.0,100,0
2026-03-15 19:55:47,69.7,AQUECENDO,1,10,0.0,100,0
2026-03-15 19:55:49,69.93,AQUECENDO,0,10,0.0,100,0
2026-03-15 19:55:51,69.87,AQUECENDO,0,10,0.0,100,0
2026-03-15 19:55:53,70.16,AQUECENDO,0,10,0.0,100,0
2026-03-15 19:55:55,69.93,AQUECENDO,0,10,0.0,100,0
2026-03-15 19:55:57,69.93,AQUECENDO,1,10,0.0,100,0
2026-03-15 19:55:59,69.7,AQUECENDO,0,10,0.0,100,0
2026-03-15 19:56:01,70.05,AQUECENDO,0,10,0.0,100,0
2026-03-15 19:56:03,69.99,AQUECENDO,0,10,0.0,100,0
2026-03-15 19:56:05,69.76,AQUECENDO,0,10,0.0,100,0
2026-03-15 19:56:07,69.87,AQUECENDO,0,10,0.0,100,0
2026-03-15 19:56:09,69.87,AQUECENDO,1,10,0.0,100,0
2026-03-15 19:56:11,69.65,AQUECENDO,0,10,0.0,100,0
2026-03-15 19:56:13,69.65,AQUECENDO,1,10,0.0,100,0
2026-03-15 19:56:15,69.48,AQUECENDO,0,10,0.0,100,0
2026-03-15 19:56:17,69.65,AQUECENDO,0,10,0.0,100,0
2026-03-15 19:56:19,69.76,AQUECENDO,0,10,0.0,100,0
2026-03-15 19:56:21,69.7,AQUECENDO,0,10,0.0,100,0
2026-03-15 19:56:23,69.7,AQUECENDO,1,10,0.0,100,0
2026-03-15 19:56:25,69.87,AQUECENDO,0,10,0.0,100,0
2026-03-15 19:56:27,69.7,AQUECENDO,0,10,0.0,100,0
2026-03-15 19:56:29,69.7,AQUECENDO,1,10,0.0,100,0
2026-03-15 19:56:31,69.93,AQUECENDO,0,10,0.0,100,0
2026-03-15 19:56:33,69.76,AQUECENDO,0,10,0.0,100,0
2026-03-15 19:56:35,69.87,AQUECENDO,0,10,0.0,100,0
2026-03-15 19:56:37,70.1,AQUECENDO,0,10,0.0,100,0
2026-03-15 19:56:39,70.22,AQUECENDO,0,10,0.0,100,0
2026-03-15 19:56:41,70.22,AQUECENDO,1,10,0.0,100,0
